zip_name,internal_path,run_id,sensor_id,file_size_kb
Training Data 1.zip,Run_166/Radars_Run_166_sensor1.json,0166,1,1218.9
Training Data 1.zip,Run_166/Radars_Run_166_sensor4.json,0166,4,1132.6
Training Data 1.zip,Run_166/Radars_Run_166_sensor2.json,0166,2,1278.6
Training Data 1.zip,Run_166/Radars_Run_166_sensor3.json,0166,3,0.6
Training Data 1.zip,Run_844/Radars_Run_844_sensor2.json,0844,2,832.0
Training Data 1.zip,Run_844/Radars_Run_844_sensor3.json,0844,3,841.8
Training Data 1.zip,Run_844/Radars_Run_844_sensor1.json,0844,1,1610.2
Training Data 1.zip,Run_844/Radars_Run_844_sensor4.json,0844,4,1473.7
Training Data 1.zip,Run_327/Radars_Run_327_sensor2.json,0327,2,1072.5
Training Data 1.zip,Run_327/Radars_Run_327_sensor3.json,0327,3,1013.5
Training Data 1.zip,Run_327/Radars_Run_327_sensor1.json,0327,1,752.9
Training Data 1.zip,Run_327/Radars_Run_327_sensor4.json,0327,4,541.3
Training Data 1.zip,Run_717/Radars_Run_717_sensor3.json,0717,3,1293.1
Training Data 1.zip,Run_717/Radars_Run_717_sensor2.json,0717,2,1213.1
Training Data 1.zip,Run_717/Radars_Run_717_sensor4.json,0717,4,586.5
Training Data 1.zip,Run_717/Radars_Run_717_sensor1.json,0717,1,827.5
Training Data 1.zip,Run_257/Radars_Run_257_sensor1.json,0257,1,778.8
Training Data 1.zip,Run_257/Radars_Run_257_sensor4.json,0257,4,613.2
Training Data 1.zip,Run_257/Radars_Run_257_sensor2.json,0257,2,941.2
Training Data 1.zip,Run_257/Radars_Run_257_sensor3.json,0257,3,761.2
Training Data 1.zip,Run_1016/Radars_Run_1016_sensor2.json,1016,2,1951.5
Training Data 1.zip,Run_1016/Radars_Run_1016_sensor3.json,1016,3,0.6
Training Data 1.zip,Run_1016/Radars_Run_1016_sensor1.json,1016,1,1732.8
Training Data 1.zip,Run_1016/Radars_Run_1016_sensor4.json,1016,4,1400.4
Training Data 1.zip,Run_1239/Radars_Run_1239_sensor4.json,1239,4,945.6
Training Data 1.zip,Run_1239/Radars_Run_1239_sensor1.json,1239,1,920.7
Training Data 1.zip,Run_1239/Radars_Run_1239_sensor3.json,1239,3,0.6
Training Data 1.zip,Run_1239/Radars_Run_1239_sensor2.json,1239,2,1009.4
Training Data 1.zip,Run_1276/Radars_Run_1276_sensor3.json,1276,3,0.6
Training Data 1.zip,Run_1276/Radars_Run_1276_sensor2.json,1276,2,739.5
Training Data 1.zip,Run_1276/Radars_Run_1276_sensor4.json,1276,4,1369.4
Training Data 1.zip,Run_1276/Radars_Run_1276_sensor1.json,1276,1,1470.7
Training Data 1.zip,Run_1196/Radars_Run_1196_sensor4.json,1196,4,611.1
Training Data 1.zip,Run_1196/Radars_Run_1196_sensor1.json,1196,1,555.4
Training Data 1.zip,Run_1196/Radars_Run_1196_sensor3.json,1196,3,742.7
Training Data 1.zip,Run_1196/Radars_Run_1196_sensor2.json,1196,2,734.5
Training Data 1.zip,Run_1075/Radars_Run_1075_sensor3.json,1075,3,1403.2
Training Data 1.zip,Run_1075/Radars_Run_1075_sensor2.json,1075,2,1579.7
Training Data 1.zip,Run_1075/Radars_Run_1075_sensor4.json,1075,4,1280.1
Training Data 1.zip,Run_1075/Radars_Run_1075_sensor1.json,1075,1,1295.6
Training Data 1.zip,Run_1301/Radars_Run_1301_sensor3.json,1301,3,775.9
Training Data 1.zip,Run_1301/Radars_Run_1301_sensor2.json,1301,2,761.7
Training Data 1.zip,Run_1301/Radars_Run_1301_sensor4.json,1301,4,442.1
Training Data 1.zip,Run_1301/Radars_Run_1301_sensor1.json,1301,1,616.6
Training Data 1.zip,Run_912/Radars_Run_912_sensor1.json,0912,1,1718.9
Training Data 1.zip,Run_912/Radars_Run_912_sensor4.json,0912,4,1476.1
Training Data 1.zip,Run_912/Radars_Run_912_sensor2.json,0912,2,1602.0
Training Data 1.zip,Run_912/Radars_Run_912_sensor3.json,0912,3,0.6
Training Data 1.zip,Run_48/Radars_Run_48_sensor1.json,0048,1,1263.2
Training Data 1.zip,Run_48/Radars_Run_48_sensor4.json,0048,4,1342.3
Training Data 1.zip,Run_48/Radars_Run_48_sensor2.json,0048,2,823.3
Training Data 1.zip,Run_48/Radars_Run_48_sensor3.json,0048,3,707.4
Training Data 1.zip,Run_172/Radars_Run_172_sensor4.json,0172,4,1194.1
Training Data 1.zip,Run_172/Radars_Run_172_sensor1.json,0172,1,1129.3
Training Data 1.zip,Run_172/Radars_Run_172_sensor3.json,0172,3,803.6
Training Data 1.zip,Run_172/Radars_Run_172_sensor2.json,0172,2,864.7
Training Data 1.zip,Run_939/Radars_Run_939_sensor3.json,0939,3,1508.5
Training Data 1.zip,Run_939/Radars_Run_939_sensor2.json,0939,2,1224.9
Training Data 1.zip,Run_939/Radars_Run_939_sensor4.json,0939,4,1603.4
Training Data 1.zip,Run_939/Radars_Run_939_sensor1.json,0939,1,1645.0
Training Data 1.zip,Run_834/Radars_Run_834_sensor3.json,0834,3,1086.4
Training Data 1.zip,Run_834/Radars_Run_834_sensor2.json,0834,2,916.7
Training Data 1.zip,Run_834/Radars_Run_834_sensor4.json,0834,4,1227.4
Training Data 1.zip,Run_834/Radars_Run_834_sensor1.json,0834,1,1093.1
Training Data 1.zip,Run_1318/Radars_Run_1318_sensor3.json,1318,3,845.2
Training Data 1.zip,Run_1318/Radars_Run_1318_sensor2.json,1318,2,832.0
Training Data 1.zip,Run_1318/Radars_Run_1318_sensor4.json,1318,4,579.4
Training Data 1.zip,Run_1318/Radars_Run_1318_sensor1.json,1318,1,805.2
Training Data 1.zip,Run_464/Radars_Run_464_sensor1.json,0464,1,1544.5
Training Data 1.zip,Run_464/Radars_Run_464_sensor4.json,0464,4,1388.4
Training Data 1.zip,Run_464/Radars_Run_464_sensor2.json,0464,2,995.4
Training Data 1.zip,Run_464/Radars_Run_464_sensor3.json,0464,3,919.4
Training Data 1.zip,Run_312/Radars_Run_312_sensor2.json,0312,2,1435.8
Training Data 1.zip,Run_312/Radars_Run_312_sensor3.json,0312,3,2521.5
Training Data 1.zip,Run_312/Radars_Run_312_sensor1.json,0312,1,1194.4
Training Data 1.zip,Run_312/Radars_Run_312_sensor4.json,0312,4,1457.4
Training Data 1.zip,Run_1124/Radars_Run_1124_sensor1.json,1124,1,1937.0
Training Data 1.zip,Run_1124/Radars_Run_1124_sensor4.json,1124,4,1804.4
Training Data 1.zip,Run_1124/Radars_Run_1124_sensor2.json,1124,2,2337.1
Training Data 1.zip,Run_1124/Radars_Run_1124_sensor3.json,1124,3,0.6
Training Data 1.zip,Run_1153/Radars_Run_1153_sensor2.json,1153,2,1609.7
Training Data 1.zip,Run_1153/Radars_Run_1153_sensor3.json,1153,3,1816.9
Training Data 1.zip,Run_1153/Radars_Run_1153_sensor1.json,1153,1,804.7
Training Data 1.zip,Run_1153/Radars_Run_1153_sensor4.json,1153,4,580.3
Training Data 1.zip,Run_381/Radars_Run_381_sensor2.json,0381,2,1508.4
Training Data 1.zip,Run_381/Radars_Run_381_sensor3.json,0381,3,1560.3
Training Data 1.zip,Run_381/Radars_Run_381_sensor1.json,0381,1,858.7
Training Data 1.zip,Run_381/Radars_Run_381_sensor4.json,0381,4,618.5
Training Data 1.zip,Run_1023/Radars_Run_1023_sensor1.json,1023,1,1858.3
Training Data 1.zip,Run_1023/Radars_Run_1023_sensor4.json,1023,4,2137.2
Training Data 1.zip,Run_1023/Radars_Run_1023_sensor2.json,1023,2,1158.3
Training Data 1.zip,Run_1023/Radars_Run_1023_sensor3.json,1023,3,942.7
Training Data 1.zip,Run_526/Radars_Run_526_sensor4.json,0526,4,1078.5
Training Data 1.zip,Run_526/Radars_Run_526_sensor1.json,0526,1,1020.4
Training Data 1.zip,Run_526/Radars_Run_526_sensor3.json,0526,3,1210.4
Training Data 1.zip,Run_526/Radars_Run_526_sensor2.json,0526,2,1154.1
Training Data 1.zip,Run_901/Radars_Run_901_sensor2.json,0901,2,1013.1
Training Data 1.zip,Run_901/Radars_Run_901_sensor3.json,0901,3,0.6
Training Data 1.zip,Run_901/Radars_Run_901_sensor1.json,0901,1,1183.6
Training Data 1.zip,Run_901/Radars_Run_901_sensor4.json,0901,4,1426.8
Training Data 1.zip,Run_621/Radars_Run_621_sensor2.json,0621,2,1541.7
Training Data 1.zip,Run_621/Radars_Run_621_sensor3.json,0621,3,1703.6
Training Data 1.zip,Run_621/Radars_Run_621_sensor1.json,0621,1,684.9
Training Data 1.zip,Run_621/Radars_Run_621_sensor4.json,0621,4,491.7
Training Data 1.zip,Run_1120/Radars_Run_1120_sensor2.json,1120,2,600.3
Training Data 1.zip,Run_1120/Radars_Run_1120_sensor3.json,1120,3,597.8
Training Data 1.zip,Run_1120/Radars_Run_1120_sensor1.json,1120,1,1173.2
Training Data 1.zip,Run_1120/Radars_Run_1120_sensor4.json,1120,4,1208.3
Training Data 1.zip,Run_751/Radars_Run_751_sensor2.json,0751,2,1863.7
Training Data 1.zip,Run_751/Radars_Run_751_sensor3.json,0751,3,1874.0
Training Data 1.zip,Run_751/Radars_Run_751_sensor1.json,0751,1,1293.4
Training Data 1.zip,Run_751/Radars_Run_751_sensor4.json,0751,4,1260.9
Training Data 1.zip,Run_55/Radars_Run_55_sensor2.json,0055,2,645.4
Training Data 1.zip,Run_55/Radars_Run_55_sensor3.json,0055,3,654.8
Training Data 1.zip,Run_55/Radars_Run_55_sensor1.json,0055,1,1444.5
Training Data 1.zip,Run_55/Radars_Run_55_sensor4.json,0055,4,970.7
Training Data 1.zip,Run_181/Radars_Run_181_sensor2.json,0181,2,1049.3
Training Data 1.zip,Run_181/Radars_Run_181_sensor3.json,0181,3,1603.8
Training Data 1.zip,Run_181/Radars_Run_181_sensor1.json,0181,1,705.3
Training Data 1.zip,Run_181/Radars_Run_181_sensor4.json,0181,4,773.0
Training Data 1.zip,Run_112/Radars_Run_112_sensor2.json,0112,2,1059.5
Training Data 1.zip,Run_112/Radars_Run_112_sensor3.json,0112,3,1071.3
Training Data 1.zip,Run_112/Radars_Run_112_sensor1.json,0112,1,2035.3
Training Data 1.zip,Run_112/Radars_Run_112_sensor4.json,0112,4,1851.3
Training Data 1.zip,Run_1118/Radars_Run_1118_sensor3.json,1118,3,0.6
Training Data 1.zip,Run_1118/Radars_Run_1118_sensor2.json,1118,2,1251.1
Training Data 1.zip,Run_1118/Radars_Run_1118_sensor4.json,1118,4,820.2
Training Data 1.zip,Run_1118/Radars_Run_1118_sensor1.json,1118,1,1019.6
Training Data 1.zip,Run_254/Radars_Run_254_sensor2.json,0254,2,700.6
Training Data 1.zip,Run_254/Radars_Run_254_sensor3.json,0254,3,992.0
Training Data 1.zip,Run_254/Radars_Run_254_sensor1.json,0254,1,479.3
Training Data 1.zip,Run_254/Radars_Run_254_sensor4.json,0254,4,582.6
Training Data 1.zip,Run_1165/Radars_Run_1165_sensor3.json,1165,3,1384.5
Training Data 1.zip,Run_1165/Radars_Run_1165_sensor2.json,1165,2,1302.3
Training Data 1.zip,Run_1165/Radars_Run_1165_sensor4.json,1165,4,928.7
Training Data 1.zip,Run_1165/Radars_Run_1165_sensor1.json,1165,1,1054.9
Training Data 1.zip,Run_1086/Radars_Run_1086_sensor2.json,1086,2,1608.9
Training Data 1.zip,Run_1086/Radars_Run_1086_sensor3.json,1086,3,1647.1
Training Data 1.zip,Run_1086/Radars_Run_1086_sensor1.json,1086,1,817.7
Training Data 1.zip,Run_1086/Radars_Run_1086_sensor4.json,1086,4,578.3
Training Data 1.zip,Run_157/Radars_Run_157_sensor1.json,0157,1,1612.9
Training Data 1.zip,Run_157/Radars_Run_157_sensor4.json,0157,4,1456.4
Training Data 1.zip,Run_157/Radars_Run_157_sensor2.json,0157,2,960.3
Training Data 1.zip,Run_157/Radars_Run_157_sensor3.json,0157,3,856.0
Training Data 1.zip,Run_83/Radars_Run_83_sensor4.json,0083,4,607.0
Training Data 1.zip,Run_83/Radars_Run_83_sensor1.json,0083,1,843.7
Training Data 1.zip,Run_83/Radars_Run_83_sensor3.json,0083,3,1565.2
Training Data 1.zip,Run_83/Radars_Run_83_sensor2.json,0083,2,1460.7
Training Data 1.zip,Run_120/Radars_Run_120_sensor4.json,0120,4,1388.5
Training Data 1.zip,Run_120/Radars_Run_120_sensor1.json,0120,1,1744.4
Training Data 1.zip,Run_120/Radars_Run_120_sensor3.json,0120,3,0.6
Training Data 1.zip,Run_120/Radars_Run_120_sensor2.json,0120,2,1652.6
Training Data 1.zip,Run_436/Radars_Run_436_sensor1.json,0436,1,1548.5
Training Data 1.zip,Run_436/Radars_Run_436_sensor4.json,0436,4,1596.1
Training Data 1.zip,Run_436/Radars_Run_436_sensor2.json,0436,2,805.1
Training Data 1.zip,Run_436/Radars_Run_436_sensor3.json,0436,3,817.8
Training Data 1.zip,Run_1230/Radars_Run_1230_sensor3.json,1230,3,1135.1
Training Data 1.zip,Run_1230/Radars_Run_1230_sensor2.json,1230,2,1107.0
Training Data 1.zip,Run_1230/Radars_Run_1230_sensor4.json,1230,4,1607.2
Training Data 1.zip,Run_1230/Radars_Run_1230_sensor1.json,1230,1,1383.5
Training Data 1.zip,Run_1198/Radars_Run_1198_sensor3.json,1198,3,919.7
Training Data 1.zip,Run_1198/Radars_Run_1198_sensor2.json,1198,2,795.7
Training Data 1.zip,Run_1198/Radars_Run_1198_sensor4.json,1198,4,803.7
Training Data 1.zip,Run_1198/Radars_Run_1198_sensor1.json,1198,1,1262.8
Training Data 1.zip,Run_823/Radars_Run_823_sensor4.json,0823,4,1675.9
Training Data 1.zip,Run_823/Radars_Run_823_sensor1.json,0823,1,1891.3
Training Data 1.zip,Run_823/Radars_Run_823_sensor3.json,0823,3,1265.7
Training Data 1.zip,Run_823/Radars_Run_823_sensor2.json,0823,2,942.8
Training Data 1.zip,Run_1272/Radars_Run_1272_sensor3.json,1272,3,0.6
Training Data 1.zip,Run_1272/Radars_Run_1272_sensor2.json,1272,2,1087.6
Training Data 1.zip,Run_1272/Radars_Run_1272_sensor4.json,1272,4,1519.7
Training Data 1.zip,Run_1272/Radars_Run_1272_sensor1.json,1272,1,1115.9
Training Data 1.zip,Run_149/Radars_Run_149_sensor2.json,0149,2,1297.0
Training Data 1.zip,Run_149/Radars_Run_149_sensor3.json,0149,3,1512.3
Training Data 1.zip,Run_149/Radars_Run_149_sensor1.json,0149,1,1197.3
Training Data 1.zip,Run_149/Radars_Run_149_sensor4.json,0149,4,1203.7
Training Data 1.zip,Run_694/Radars_Run_694_sensor4.json,0694,4,952.6
Training Data 1.zip,Run_694/Radars_Run_694_sensor1.json,0694,1,1239.0
Training Data 1.zip,Run_694/Radars_Run_694_sensor3.json,0694,3,0.6
Training Data 1.zip,Run_694/Radars_Run_694_sensor2.json,0694,2,1626.0
Training Data 1.zip,Run_607/Radars_Run_607_sensor3.json,0607,3,801.5
Training Data 1.zip,Run_607/Radars_Run_607_sensor2.json,0607,2,791.4
Training Data 1.zip,Run_607/Radars_Run_607_sensor4.json,0607,4,1673.1
Training Data 1.zip,Run_607/Radars_Run_607_sensor1.json,0607,1,1219.5
Training Data 1.zip,Run_106/Radars_Run_106_sensor1.json,0106,1,1472.1
Training Data 1.zip,Run_106/Radars_Run_106_sensor4.json,0106,4,1548.4
Training Data 1.zip,Run_106/Radars_Run_106_sensor2.json,0106,2,1334.3
Training Data 1.zip,Run_106/Radars_Run_106_sensor3.json,0106,3,0.6
Training Data 1.zip,Run_861/Radars_Run_861_sensor2.json,0861,2,1422.1
Training Data 1.zip,Run_861/Radars_Run_861_sensor3.json,0861,3,1438.6
Training Data 1.zip,Run_861/Radars_Run_861_sensor1.json,0861,1,2433.0
Training Data 1.zip,Run_861/Radars_Run_861_sensor4.json,0861,4,2107.0
Training Data 1.zip,Run_966/Radars_Run_966_sensor1.json,0966,1,591.1
Training Data 1.zip,Run_966/Radars_Run_966_sensor4.json,0966,4,422.6
Training Data 1.zip,Run_966/Radars_Run_966_sensor2.json,0966,2,1048.3
Training Data 1.zip,Run_966/Radars_Run_966_sensor3.json,0966,3,982.5
Training Data 1.zip,Run_302/Radars_Run_302_sensor3.json,0302,3,0.6
Training Data 1.zip,Run_302/Radars_Run_302_sensor2.json,0302,2,1232.0
Training Data 1.zip,Run_302/Radars_Run_302_sensor4.json,0302,4,1594.0
Training Data 1.zip,Run_302/Radars_Run_302_sensor1.json,0302,1,1585.2
Training Data 1.zip,Run_1149/Radars_Run_1149_sensor3.json,1149,3,0.6
Training Data 1.zip,Run_1149/Radars_Run_1149_sensor2.json,1149,2,1344.7
Training Data 1.zip,Run_1149/Radars_Run_1149_sensor4.json,1149,4,1464.4
Training Data 1.zip,Run_1149/Radars_Run_1149_sensor1.json,1149,1,2162.4
Training Data 1.zip,Run_272/Radars_Run_272_sensor2.json,0272,2,1430.6
Training Data 1.zip,Run_272/Radars_Run_272_sensor3.json,0272,3,1376.0
Training Data 1.zip,Run_272/Radars_Run_272_sensor1.json,0272,1,813.6
Training Data 1.zip,Run_272/Radars_Run_272_sensor4.json,0272,4,588.1
Training Data 1.zip,Run_738/Radars_Run_738_sensor4.json,0738,4,999.3
Training Data 1.zip,Run_738/Radars_Run_738_sensor1.json,0738,1,1299.6
Training Data 1.zip,Run_738/Radars_Run_738_sensor3.json,0738,3,1162.3
Training Data 1.zip,Run_738/Radars_Run_738_sensor2.json,0738,2,1215.5
Training Data 1.zip,Run_635/Radars_Run_635_sensor1.json,0635,1,1077.3
Training Data 1.zip,Run_635/Radars_Run_635_sensor4.json,0635,4,1144.5
Training Data 1.zip,Run_635/Radars_Run_635_sensor2.json,0635,2,1695.6
Training Data 1.zip,Run_635/Radars_Run_635_sensor3.json,0635,3,2706.2
Training Data 1.zip,Run_642/Radars_Run_642_sensor4.json,0642,4,1074.0
Training Data 1.zip,Run_642/Radars_Run_642_sensor1.json,0642,1,884.6
Training Data 1.zip,Run_642/Radars_Run_642_sensor3.json,0642,3,1489.6
Training Data 1.zip,Run_642/Radars_Run_642_sensor2.json,0642,2,1454.0
Training Data 1.zip,Run_489/Radars_Run_489_sensor2.json,0489,2,1185.7
Training Data 1.zip,Run_489/Radars_Run_489_sensor3.json,0489,3,1317.8
Training Data 1.zip,Run_489/Radars_Run_489_sensor1.json,0489,1,1286.5
Training Data 1.zip,Run_489/Radars_Run_489_sensor4.json,0489,4,1088.0
Training Data 1.zip,Run_127/Radars_Run_127_sensor3.json,0127,3,0.6
Training Data 1.zip,Run_127/Radars_Run_127_sensor2.json,0127,2,1366.6
Training Data 1.zip,Run_127/Radars_Run_127_sensor4.json,0127,4,1063.2
Training Data 1.zip,Run_127/Radars_Run_127_sensor1.json,0127,1,1221.7
Training Data 1.zip,Run_764/Radars_Run_764_sensor3.json,0764,3,944.9
Training Data 1.zip,Run_764/Radars_Run_764_sensor2.json,0764,2,865.5
Training Data 1.zip,Run_764/Radars_Run_764_sensor4.json,0764,4,530.6
Training Data 1.zip,Run_764/Radars_Run_764_sensor1.json,0764,1,738.2
Training Data 1.zip,Run_902/Radars_Run_902_sensor2.json,0902,2,1226.0
Training Data 1.zip,Run_902/Radars_Run_902_sensor3.json,0902,3,1042.1
Training Data 1.zip,Run_902/Radars_Run_902_sensor1.json,0902,1,1383.4
Training Data 1.zip,Run_902/Radars_Run_902_sensor4.json,0902,4,1116.2
Training Data 1.zip,Run_382/Radars_Run_382_sensor2.json,0382,2,1482.7
Training Data 1.zip,Run_382/Radars_Run_382_sensor3.json,0382,3,0.6
Training Data 1.zip,Run_382/Radars_Run_382_sensor1.json,0382,1,1671.4
Training Data 1.zip,Run_382/Radars_Run_382_sensor4.json,0382,4,1621.7
Training Data 1.zip,Run_261/Radars_Run_261_sensor2.json,0261,2,743.3
Training Data 1.zip,Run_261/Radars_Run_261_sensor3.json,0261,3,763.8
Training Data 1.zip,Run_261/Radars_Run_261_sensor1.json,0261,1,669.3
Training Data 1.zip,Run_261/Radars_Run_261_sensor4.json,0261,4,481.2
Training Data 1.zip,Run_251/Radars_Run_251_sensor1.json,0251,1,1837.2
Training Data 1.zip,Run_251/Radars_Run_251_sensor4.json,0251,4,1810.5
Training Data 1.zip,Run_251/Radars_Run_251_sensor2.json,0251,2,1453.9
Training Data 1.zip,Run_251/Radars_Run_251_sensor3.json,0251,3,1726.0
Training Data 1.zip,Run_586/Radars_Run_586_sensor3.json,0586,3,2244.6
Training Data 1.zip,Run_586/Radars_Run_586_sensor2.json,0586,2,1571.1
Training Data 1.zip,Run_586/Radars_Run_586_sensor4.json,0586,4,1456.1
Training Data 1.zip,Run_586/Radars_Run_586_sensor1.json,0586,1,1530.9
Training Data 1.zip,Run_68/Radars_Run_68_sensor1.json,0068,1,1958.0
Training Data 1.zip,Run_68/Radars_Run_68_sensor4.json,0068,4,1309.4
Training Data 1.zip,Run_68/Radars_Run_68_sensor2.json,0068,2,872.0
Training Data 1.zip,Run_68/Radars_Run_68_sensor3.json,0068,3,790.2
Training Data 1.zip,Run_842/Radars_Run_842_sensor1.json,0842,1,1892.3
Training Data 1.zip,Run_842/Radars_Run_842_sensor4.json,0842,4,1987.3
Training Data 1.zip,Run_842/Radars_Run_842_sensor2.json,0842,2,999.8
Training Data 1.zip,Run_842/Radars_Run_842_sensor3.json,0842,3,1011.7
Training Data 1.zip,Run_624/Radars_Run_624_sensor1.json,0624,1,1463.1
Training Data 1.zip,Run_624/Radars_Run_624_sensor4.json,0624,4,1346.5
Training Data 1.zip,Run_624/Radars_Run_624_sensor2.json,0624,2,1351.9
Training Data 1.zip,Run_624/Radars_Run_624_sensor3.json,0624,3,1873.1
Training Data 1.zip,Run_160/Radars_Run_160_sensor4.json,0160,4,558.3
Training Data 1.zip,Run_160/Radars_Run_160_sensor1.json,0160,1,775.7
Training Data 1.zip,Run_160/Radars_Run_160_sensor3.json,0160,3,1311.0
Training Data 1.zip,Run_160/Radars_Run_160_sensor2.json,0160,2,1799.3
Training Data 1.zip,Run_672/Radars_Run_672_sensor2.json,0672,2,1451.6
Training Data 1.zip,Run_672/Radars_Run_672_sensor3.json,0672,3,0.6
Training Data 1.zip,Run_672/Radars_Run_672_sensor1.json,0672,1,1345.9
Training Data 1.zip,Run_672/Radars_Run_672_sensor4.json,0672,4,1286.3
Training Data 1.zip,Run_401/Radars_Run_401_sensor2.json,0401,2,2290.6
Training Data 1.zip,Run_401/Radars_Run_401_sensor3.json,0401,3,1662.3
Training Data 1.zip,Run_401/Radars_Run_401_sensor1.json,0401,1,1399.3
Training Data 1.zip,Run_401/Radars_Run_401_sensor4.json,0401,4,1450.4
Training Data 1.zip,Run_377/Radars_Run_377_sensor3.json,0377,3,812.0
Training Data 1.zip,Run_377/Radars_Run_377_sensor2.json,0377,2,801.9
Training Data 1.zip,Run_377/Radars_Run_377_sensor4.json,0377,4,1282.4
Training Data 1.zip,Run_377/Radars_Run_377_sensor1.json,0377,1,1598.8
Training Data 1.zip,Run_294/Radars_Run_294_sensor3.json,0294,3,666.9
Training Data 1.zip,Run_294/Radars_Run_294_sensor2.json,0294,2,569.8
Training Data 1.zip,Run_294/Radars_Run_294_sensor4.json,0294,4,686.7
Training Data 1.zip,Run_294/Radars_Run_294_sensor1.json,0294,1,528.1
Training Data 1.zip,Run_640/Radars_Run_640_sensor1.json,0640,1,751.0
Training Data 1.zip,Run_640/Radars_Run_640_sensor4.json,0640,4,720.0
Training Data 1.zip,Run_640/Radars_Run_640_sensor2.json,0640,2,836.5
Training Data 1.zip,Run_640/Radars_Run_640_sensor3.json,0640,3,941.3
Training Data 1.zip,Run_969/Radars_Run_969_sensor2.json,0969,2,1621.7
Training Data 1.zip,Run_969/Radars_Run_969_sensor3.json,0969,3,1582.5
Training Data 1.zip,Run_969/Radars_Run_969_sensor1.json,0969,1,865.6
Training Data 1.zip,Run_969/Radars_Run_969_sensor4.json,0969,4,866.0
Training Data 1.zip,Run_914/Radars_Run_914_sensor4.json,0914,4,871.4
Training Data 1.zip,Run_914/Radars_Run_914_sensor1.json,0914,1,993.9
Training Data 1.zip,Run_914/Radars_Run_914_sensor3.json,0914,3,1024.5
Training Data 1.zip,Run_914/Radars_Run_914_sensor2.json,0914,2,1088.1
Training Data 1.zip,Run_737/Radars_Run_737_sensor1.json,0737,1,765.1
Training Data 1.zip,Run_737/Radars_Run_737_sensor4.json,0737,4,826.1
Training Data 1.zip,Run_737/Radars_Run_737_sensor2.json,0737,2,1036.6
Training Data 1.zip,Run_737/Radars_Run_737_sensor3.json,0737,3,1341.5
Training Data 1.zip,Run_406/Radars_Run_406_sensor4.json,0406,4,787.5
Training Data 1.zip,Run_406/Radars_Run_406_sensor1.json,0406,1,955.6
Training Data 1.zip,Run_406/Radars_Run_406_sensor3.json,0406,3,795.7
Training Data 1.zip,Run_406/Radars_Run_406_sensor2.json,0406,2,817.3
Training Data 1.zip,Run_1079/Radars_Run_1079_sensor4.json,1079,4,784.7
Training Data 1.zip,Run_1079/Radars_Run_1079_sensor1.json,1079,1,1085.2
Training Data 1.zip,Run_1079/Radars_Run_1079_sensor3.json,1079,3,2127.0
Training Data 1.zip,Run_1079/Radars_Run_1079_sensor2.json,1079,2,1933.4
Training Data 1.zip,Run_450/Radars_Run_450_sensor3.json,0450,3,909.5
Training Data 1.zip,Run_450/Radars_Run_450_sensor2.json,0450,2,986.1
Training Data 1.zip,Run_450/Radars_Run_450_sensor4.json,0450,4,1164.3
Training Data 1.zip,Run_450/Radars_Run_450_sensor1.json,0450,1,1908.5
Training Data 1.zip,Run_415/Radars_Run_415_sensor3.json,0415,3,1751.1
Training Data 1.zip,Run_415/Radars_Run_415_sensor2.json,0415,2,1508.2
Training Data 1.zip,Run_415/Radars_Run_415_sensor4.json,0415,4,1155.4
Training Data 1.zip,Run_415/Radars_Run_415_sensor1.json,0415,1,1010.9
Training Data 1.zip,Run_1060/Radars_Run_1060_sensor1.json,1060,1,1596.2
Training Data 1.zip,Run_1060/Radars_Run_1060_sensor4.json,1060,4,2369.5
Training Data 1.zip,Run_1060/Radars_Run_1060_sensor2.json,1060,2,1264.7
Training Data 1.zip,Run_1060/Radars_Run_1060_sensor3.json,1060,3,1384.7
Training Data 1.zip,Run_761/Radars_Run_761_sensor3.json,0761,3,1125.2
Training Data 1.zip,Run_761/Radars_Run_761_sensor2.json,0761,2,921.2
Training Data 1.zip,Run_761/Radars_Run_761_sensor4.json,0761,4,654.0
Training Data 1.zip,Run_761/Radars_Run_761_sensor1.json,0761,1,647.7
Training Data 1.zip,Run_946/Radars_Run_946_sensor1.json,0946,1,1854.8
Training Data 1.zip,Run_946/Radars_Run_946_sensor4.json,0946,4,1340.7
Training Data 1.zip,Run_946/Radars_Run_946_sensor2.json,0946,2,2491.9
Training Data 1.zip,Run_946/Radars_Run_946_sensor3.json,0946,3,0.6
Training Data 1.zip,Run_1080/Radars_Run_1080_sensor1.json,1080,1,670.2
Training Data 1.zip,Run_1080/Radars_Run_1080_sensor4.json,1080,4,481.7
Training Data 1.zip,Run_1080/Radars_Run_1080_sensor2.json,1080,2,1036.8
Training Data 1.zip,Run_1080/Radars_Run_1080_sensor3.json,1080,3,1118.0
Training Data 1.zip,Run_284/Radars_Run_284_sensor3.json,0284,3,0.6
Training Data 1.zip,Run_284/Radars_Run_284_sensor2.json,0284,2,1235.6
Training Data 1.zip,Run_284/Radars_Run_284_sensor4.json,0284,4,1389.5
Training Data 1.zip,Run_284/Radars_Run_284_sensor1.json,0284,1,1254.5
Training Data 1.zip,Run_367/Radars_Run_367_sensor4.json,0367,4,1018.9
Training Data 1.zip,Run_367/Radars_Run_367_sensor1.json,0367,1,1177.1
Training Data 1.zip,Run_367/Radars_Run_367_sensor3.json,0367,3,990.6
Training Data 1.zip,Run_367/Radars_Run_367_sensor2.json,0367,2,880.8
Training Data 1.zip,Run_572/Radars_Run_572_sensor1.json,0572,1,906.1
Training Data 1.zip,Run_572/Radars_Run_572_sensor4.json,0572,4,1342.0
Training Data 1.zip,Run_572/Radars_Run_572_sensor2.json,0572,2,805.9
Training Data 1.zip,Run_572/Radars_Run_572_sensor3.json,0572,3,0.6
Training Data 1.zip,Run_1099/Radars_Run_1099_sensor2.json,1099,2,1154.2
Training Data 1.zip,Run_1099/Radars_Run_1099_sensor3.json,1099,3,1295.8
Training Data 1.zip,Run_1099/Radars_Run_1099_sensor1.json,1099,1,819.2
Training Data 1.zip,Run_1099/Radars_Run_1099_sensor4.json,1099,4,588.6
Training Data 1.zip,Run_1170/Radars_Run_1170_sensor4.json,1170,4,1484.5
Training Data 1.zip,Run_1170/Radars_Run_1170_sensor1.json,1170,1,1227.7
Training Data 1.zip,Run_1170/Radars_Run_1170_sensor3.json,1170,3,1203.0
Training Data 1.zip,Run_1170/Radars_Run_1170_sensor2.json,1170,2,1402.6
Training Data 1.zip,Run_309/Radars_Run_309_sensor4.json,0309,4,567.7
Training Data 1.zip,Run_309/Radars_Run_309_sensor1.json,0309,1,791.1
Training Data 1.zip,Run_309/Radars_Run_309_sensor3.json,0309,3,1229.1
Training Data 1.zip,Run_309/Radars_Run_309_sensor2.json,0309,2,1153.4
Training Data 1.zip,Run_1138/Radars_Run_1138_sensor1.json,1138,1,1109.7
Training Data 1.zip,Run_1138/Radars_Run_1138_sensor4.json,1138,4,1221.7
Training Data 1.zip,Run_1138/Radars_Run_1138_sensor2.json,1138,2,1122.8
Training Data 1.zip,Run_1138/Radars_Run_1138_sensor3.json,1138,3,1788.5
Training Data 1.zip,Run_231/Radars_Run_231_sensor3.json,0231,3,1398.1
Training Data 1.zip,Run_231/Radars_Run_231_sensor2.json,0231,2,1818.0
Training Data 1.zip,Run_231/Radars_Run_231_sensor4.json,0231,4,1194.1
Training Data 1.zip,Run_231/Radars_Run_231_sensor1.json,0231,1,1147.2
Training Data 1.zip,Run_795/Radars_Run_795_sensor3.json,0795,3,0.6
Training Data 1.zip,Run_795/Radars_Run_795_sensor2.json,0795,2,2019.8
Training Data 1.zip,Run_795/Radars_Run_795_sensor4.json,0795,4,1378.8
Training Data 1.zip,Run_795/Radars_Run_795_sensor1.json,0795,1,1512.8
Training Data 1.zip,Run_336/Radars_Run_336_sensor4.json,0336,4,746.5
Training Data 1.zip,Run_336/Radars_Run_336_sensor1.json,0336,1,1045.5
Training Data 1.zip,Run_336/Radars_Run_336_sensor3.json,0336,3,1787.8
Training Data 1.zip,Run_336/Radars_Run_336_sensor2.json,0336,2,1725.8
Training Data 1.zip,Run_828/Radars_Run_828_sensor4.json,0828,4,559.7
Training Data 1.zip,Run_828/Radars_Run_828_sensor1.json,0828,1,779.4
Training Data 1.zip,Run_828/Radars_Run_828_sensor3.json,0828,3,1472.8
Training Data 1.zip,Run_828/Radars_Run_828_sensor2.json,0828,2,1354.6
Training Data 1.zip,Run_91/Radars_Run_91_sensor4.json,0091,4,863.3
Training Data 1.zip,Run_91/Radars_Run_91_sensor1.json,0091,1,730.1
Training Data 1.zip,Run_91/Radars_Run_91_sensor3.json,0091,3,896.1
Training Data 1.zip,Run_91/Radars_Run_91_sensor2.json,0091,2,891.5
Training Data 1.zip,Run_145/Radars_Run_145_sensor3.json,0145,3,1469.1
Training Data 1.zip,Run_145/Radars_Run_145_sensor2.json,0145,2,1509.7
Training Data 1.zip,Run_145/Radars_Run_145_sensor4.json,0145,4,665.4
Training Data 1.zip,Run_145/Radars_Run_145_sensor1.json,0145,1,921.3
Training Data 1.zip,Run_1209/Radars_Run_1209_sensor4.json,1209,4,980.8
Training Data 1.zip,Run_1209/Radars_Run_1209_sensor1.json,1209,1,1190.4
Training Data 1.zip,Run_1209/Radars_Run_1209_sensor3.json,1209,3,0.6
Training Data 1.zip,Run_1209/Radars_Run_1209_sensor2.json,1209,2,1357.9
Training Data 1.zip,Run_750/Radars_Run_750_sensor1.json,0750,1,1375.3
Training Data 1.zip,Run_750/Radars_Run_750_sensor4.json,0750,4,1313.8
Training Data 1.zip,Run_750/Radars_Run_750_sensor2.json,0750,2,2538.3
Training Data 1.zip,Run_750/Radars_Run_750_sensor3.json,0750,3,0.6
Training Data 1.zip,Run_657/Radars_Run_657_sensor1.json,0657,1,1605.2
Training Data 1.zip,Run_657/Radars_Run_657_sensor4.json,0657,4,1206.1
Training Data 1.zip,Run_657/Radars_Run_657_sensor2.json,0657,2,684.5
Training Data 1.zip,Run_657/Radars_Run_657_sensor3.json,0657,3,745.7
Training Data 1.zip,Run_164/Radars_Run_164_sensor2.json,0164,2,1750.9
Training Data 1.zip,Run_164/Radars_Run_164_sensor3.json,0164,3,0.6
Training Data 1.zip,Run_164/Radars_Run_164_sensor1.json,0164,1,976.2
Training Data 1.zip,Run_164/Radars_Run_164_sensor4.json,0164,4,928.5
Training Data 1.zip,Run_228/Radars_Run_228_sensor1.json,0228,1,550.8
Training Data 1.zip,Run_228/Radars_Run_228_sensor4.json,0228,4,580.6
Training Data 1.zip,Run_228/Radars_Run_228_sensor2.json,0228,2,837.8
Training Data 1.zip,Run_228/Radars_Run_228_sensor3.json,0228,3,812.7
Training Data 1.zip,Run_846/Radars_Run_846_sensor4.json,0846,4,1235.5
Training Data 1.zip,Run_846/Radars_Run_846_sensor1.json,0846,1,1563.5
Training Data 1.zip,Run_846/Radars_Run_846_sensor3.json,0846,3,0.6
Training Data 1.zip,Run_846/Radars_Run_846_sensor2.json,0846,2,897.8
Training Data 1.zip,Run_831/Radars_Run_831_sensor1.json,0831,1,703.8
Training Data 1.zip,Run_831/Radars_Run_831_sensor4.json,0831,4,703.8
Training Data 1.zip,Run_831/Radars_Run_831_sensor2.json,0831,2,739.3
Training Data 1.zip,Run_831/Radars_Run_831_sensor3.json,0831,3,1300.0
Training Data 1.zip,Run_485/Radars_Run_485_sensor2.json,0485,2,1069.5
Training Data 1.zip,Run_485/Radars_Run_485_sensor3.json,0485,3,0.6
Training Data 1.zip,Run_485/Radars_Run_485_sensor1.json,0485,1,1043.1
Training Data 1.zip,Run_485/Radars_Run_485_sensor4.json,0485,4,969.2
Training Data 2.zip,Run_324/Radars_Run_324_sensor2.json,0324,2,2888.1
Training Data 2.zip,Run_324/Radars_Run_324_sensor3.json,0324,3,0.6
Training Data 2.zip,Run_324/Radars_Run_324_sensor1.json,0324,1,1243.1
Training Data 2.zip,Run_324/Radars_Run_324_sensor4.json,0324,4,1263.8
Training Data 2.zip,Run_484/Radars_Run_484_sensor3.json,0484,3,856.6
Training Data 2.zip,Run_484/Radars_Run_484_sensor2.json,0484,2,859.1
Training Data 2.zip,Run_484/Radars_Run_484_sensor4.json,0484,4,787.6
Training Data 2.zip,Run_484/Radars_Run_484_sensor1.json,0484,1,770.0
Training Data 2.zip,Run_211/Radars_Run_211_sensor1.json,0211,1,1300.4
Training Data 2.zip,Run_211/Radars_Run_211_sensor4.json,0211,4,1337.5
Training Data 2.zip,Run_211/Radars_Run_211_sensor2.json,0211,2,1511.6
Training Data 2.zip,Run_211/Radars_Run_211_sensor3.json,0211,3,1709.3
Training Data 2.zip,Run_361/Radars_Run_361_sensor1.json,0361,1,1259.4
Training Data 2.zip,Run_361/Radars_Run_361_sensor4.json,0361,4,983.8
Training Data 2.zip,Run_361/Radars_Run_361_sensor2.json,0361,2,821.9
Training Data 2.zip,Run_361/Radars_Run_361_sensor3.json,0361,3,1253.4
Training Data 2.zip,Run_555/Radars_Run_555_sensor4.json,0555,4,1498.6
Training Data 2.zip,Run_555/Radars_Run_555_sensor1.json,0555,1,1250.4
Training Data 2.zip,Run_555/Radars_Run_555_sensor3.json,0555,3,723.1
Training Data 2.zip,Run_555/Radars_Run_555_sensor2.json,0555,2,711.0
Training Data 2.zip,Run_707/Radars_Run_707_sensor4.json,0707,4,676.9
Training Data 2.zip,Run_707/Radars_Run_707_sensor1.json,0707,1,937.4
Training Data 2.zip,Run_707/Radars_Run_707_sensor3.json,0707,3,1454.2
Training Data 2.zip,Run_707/Radars_Run_707_sensor2.json,0707,2,1365.8
Training Data 2.zip,Run_337/Radars_Run_337_sensor1.json,0337,1,1674.4
Training Data 2.zip,Run_337/Radars_Run_337_sensor4.json,0337,4,1500.5
Training Data 2.zip,Run_337/Radars_Run_337_sensor2.json,0337,2,1202.1
Training Data 2.zip,Run_337/Radars_Run_337_sensor3.json,0337,3,1202.2
Training Data 2.zip,Run_133/Radars_Run_133_sensor4.json,0133,4,1423.4
Training Data 2.zip,Run_133/Radars_Run_133_sensor1.json,0133,1,1499.1
Training Data 2.zip,Run_133/Radars_Run_133_sensor3.json,0133,3,0.6
Training Data 2.zip,Run_133/Radars_Run_133_sensor2.json,0133,2,1951.9
Training Data 2.zip,Run_85/Radars_Run_85_sensor2.json,0085,2,1940.5
Training Data 2.zip,Run_85/Radars_Run_85_sensor3.json,0085,3,2120.2
Training Data 2.zip,Run_85/Radars_Run_85_sensor1.json,0085,1,1296.7
Training Data 2.zip,Run_85/Radars_Run_85_sensor4.json,0085,4,1445.2
Training Data 2.zip,Run_473/Radars_Run_473_sensor4.json,0473,4,1278.9
Training Data 2.zip,Run_473/Radars_Run_473_sensor1.json,0473,1,1146.0
Training Data 2.zip,Run_473/Radars_Run_473_sensor3.json,0473,3,988.8
Training Data 2.zip,Run_473/Radars_Run_473_sensor2.json,0473,2,1012.4
Training Data 2.zip,Run_924/Radars_Run_924_sensor4.json,0924,4,1104.0
Training Data 2.zip,Run_924/Radars_Run_924_sensor1.json,0924,1,1476.6
Training Data 2.zip,Run_924/Radars_Run_924_sensor3.json,0924,3,0.6
Training Data 2.zip,Run_924/Radars_Run_924_sensor2.json,0924,2,2980.0
Training Data 2.zip,Run_1220/Radars_Run_1220_sensor1.json,1220,1,905.5
Training Data 2.zip,Run_1220/Radars_Run_1220_sensor4.json,1220,4,739.7
Training Data 2.zip,Run_1220/Radars_Run_1220_sensor2.json,1220,2,1215.6
Training Data 2.zip,Run_1220/Radars_Run_1220_sensor3.json,1220,3,903.6
Training Data 2.zip,Run_748/Radars_Run_748_sensor2.json,0748,2,1198.1
Training Data 2.zip,Run_748/Radars_Run_748_sensor3.json,0748,3,1208.0
Training Data 2.zip,Run_748/Radars_Run_748_sensor1.json,0748,1,805.5
Training Data 2.zip,Run_748/Radars_Run_748_sensor4.json,0748,4,579.8
Training Data 2.zip,Run_1024/Radars_Run_1024_sensor4.json,1024,4,1283.3
Training Data 2.zip,Run_1024/Radars_Run_1024_sensor1.json,1024,1,1062.4
Training Data 2.zip,Run_1024/Radars_Run_1024_sensor3.json,1024,3,0.6
Training Data 2.zip,Run_1024/Radars_Run_1024_sensor2.json,1024,2,661.4
Training Data 2.zip,Run_888/Radars_Run_888_sensor2.json,0888,2,1750.9
Training Data 2.zip,Run_888/Radars_Run_888_sensor3.json,0888,3,0.6
Training Data 2.zip,Run_888/Radars_Run_888_sensor1.json,0888,1,1142.8
Training Data 2.zip,Run_888/Radars_Run_888_sensor4.json,0888,4,1027.3
Training Data 2.zip,Run_308/Radars_Run_308_sensor1.json,0308,1,2091.8
Training Data 2.zip,Run_308/Radars_Run_308_sensor4.json,0308,4,1100.3
Training Data 2.zip,Run_308/Radars_Run_308_sensor2.json,0308,2,1319.7
Training Data 2.zip,Run_308/Radars_Run_308_sensor3.json,0308,3,0.6
Training Data 2.zip,Run_66/Radars_Run_66_sensor4.json,0066,4,1647.5
Training Data 2.zip,Run_66/Radars_Run_66_sensor1.json,0066,1,2095.6
Training Data 2.zip,Run_66/Radars_Run_66_sensor3.json,0066,3,1456.0
Training Data 2.zip,Run_66/Radars_Run_66_sensor2.json,0066,2,1351.7
Training Data 2.zip,Run_82/Radars_Run_82_sensor1.json,0082,1,1676.8
Training Data 2.zip,Run_82/Radars_Run_82_sensor4.json,0082,4,1716.2
Training Data 2.zip,Run_82/Radars_Run_82_sensor2.json,0082,2,1894.9
Training Data 2.zip,Run_82/Radars_Run_82_sensor3.json,0082,3,0.6
Training Data 2.zip,Run_954/Radars_Run_954_sensor3.json,0954,3,1235.6
Training Data 2.zip,Run_954/Radars_Run_954_sensor2.json,0954,2,1271.6
Training Data 2.zip,Run_954/Radars_Run_954_sensor4.json,0954,4,1187.3
Training Data 2.zip,Run_954/Radars_Run_954_sensor1.json,0954,1,1367.9
Training Data 2.zip,Run_597/Radars_Run_597_sensor4.json,0597,4,976.9
Training Data 2.zip,Run_597/Radars_Run_597_sensor1.json,0597,1,1360.1
Training Data 2.zip,Run_597/Radars_Run_597_sensor3.json,0597,3,1804.9
Training Data 2.zip,Run_597/Radars_Run_597_sensor2.json,0597,2,1721.3
Training Data 2.zip,Run_347/Radars_Run_347_sensor2.json,0347,2,1450.3
Training Data 2.zip,Run_347/Radars_Run_347_sensor3.json,0347,3,0.6
Training Data 2.zip,Run_347/Radars_Run_347_sensor1.json,0347,1,1680.5
Training Data 2.zip,Run_347/Radars_Run_347_sensor4.json,0347,4,1233.7
Training Data 2.zip,Run_240/Radars_Run_240_sensor3.json,0240,3,0.6
Training Data 2.zip,Run_240/Radars_Run_240_sensor2.json,0240,2,1136.3
Training Data 2.zip,Run_240/Radars_Run_240_sensor4.json,0240,4,1451.5
Training Data 2.zip,Run_240/Radars_Run_240_sensor1.json,0240,1,1481.5
Training Data 2.zip,Run_1047/Radars_Run_1047_sensor4.json,1047,4,1553.4
Training Data 2.zip,Run_1047/Radars_Run_1047_sensor1.json,1047,1,1597.9
Training Data 2.zip,Run_1047/Radars_Run_1047_sensor3.json,1047,3,0.6
Training Data 2.zip,Run_1047/Radars_Run_1047_sensor2.json,1047,2,1145.7
Training Data 2.zip,Run_366/Radars_Run_366_sensor3.json,0366,3,0.6
Training Data 2.zip,Run_366/Radars_Run_366_sensor2.json,0366,2,1329.7
Training Data 2.zip,Run_366/Radars_Run_366_sensor4.json,0366,4,1329.4
Training Data 2.zip,Run_366/Radars_Run_366_sensor1.json,0366,1,1236.7
Training Data 2.zip,Run_487/Radars_Run_487_sensor3.json,0487,3,1143.7
Training Data 2.zip,Run_487/Radars_Run_487_sensor2.json,0487,2,1188.4
Training Data 2.zip,Run_487/Radars_Run_487_sensor4.json,0487,4,1634.8
Training Data 2.zip,Run_487/Radars_Run_487_sensor1.json,0487,1,1938.3
Training Data 2.zip,Run_519/Radars_Run_519_sensor4.json,0519,4,656.5
Training Data 2.zip,Run_519/Radars_Run_519_sensor1.json,0519,1,924.0
Training Data 2.zip,Run_519/Radars_Run_519_sensor3.json,0519,3,1013.2
Training Data 2.zip,Run_519/Radars_Run_519_sensor2.json,0519,2,1066.7
Training Data 2.zip,Run_1101/Radars_Run_1101_sensor1.json,1101,1,1051.0
Training Data 2.zip,Run_1101/Radars_Run_1101_sensor4.json,1101,4,1156.5
Training Data 2.zip,Run_1101/Radars_Run_1101_sensor2.json,1101,2,878.8
Training Data 2.zip,Run_1101/Radars_Run_1101_sensor3.json,1101,3,0.6
Training Data 2.zip,Run_95/Radars_Run_95_sensor2.json,0095,2,661.5
Training Data 2.zip,Run_95/Radars_Run_95_sensor3.json,0095,3,754.9
Training Data 2.zip,Run_95/Radars_Run_95_sensor1.json,0095,1,819.9
Training Data 2.zip,Run_95/Radars_Run_95_sensor4.json,0095,4,805.2
Training Data 2.zip,Run_1202/Radars_Run_1202_sensor1.json,1202,1,922.4
Training Data 2.zip,Run_1202/Radars_Run_1202_sensor4.json,1202,4,838.9
Training Data 2.zip,Run_1202/Radars_Run_1202_sensor2.json,1202,2,968.4
Training Data 2.zip,Run_1202/Radars_Run_1202_sensor3.json,1202,3,1214.1
Training Data 2.zip,Run_622/Radars_Run_622_sensor2.json,0622,2,1119.9
Training Data 2.zip,Run_622/Radars_Run_622_sensor3.json,0622,3,0.6
Training Data 2.zip,Run_622/Radars_Run_622_sensor1.json,0622,1,1186.6
Training Data 2.zip,Run_622/Radars_Run_622_sensor4.json,0622,4,1320.4
Training Data 2.zip,Run_368/Radars_Run_368_sensor4.json,0368,4,1720.5
Training Data 2.zip,Run_368/Radars_Run_368_sensor1.json,0368,1,988.2
Training Data 2.zip,Run_368/Radars_Run_368_sensor3.json,0368,3,0.6
Training Data 2.zip,Run_368/Radars_Run_368_sensor2.json,0368,2,953.4
Training Data 2.zip,Run_500/Radars_Run_500_sensor1.json,0500,1,1614.1
Training Data 2.zip,Run_500/Radars_Run_500_sensor4.json,0500,4,1495.0
Training Data 2.zip,Run_500/Radars_Run_500_sensor2.json,0500,2,1916.5
Training Data 2.zip,Run_500/Radars_Run_500_sensor3.json,0500,3,0.6
Training Data 2.zip,Run_674/Radars_Run_674_sensor4.json,0674,4,965.2
Training Data 2.zip,Run_674/Radars_Run_674_sensor1.json,0674,1,1507.4
Training Data 2.zip,Run_674/Radars_Run_674_sensor3.json,0674,3,926.0
Training Data 2.zip,Run_674/Radars_Run_674_sensor2.json,0674,2,903.5
Training Data 2.zip,Run_233/Radars_Run_233_sensor3.json,0233,3,1364.4
Training Data 2.zip,Run_233/Radars_Run_233_sensor2.json,0233,2,2275.7
Training Data 2.zip,Run_233/Radars_Run_233_sensor4.json,0233,4,1276.6
Training Data 2.zip,Run_233/Radars_Run_233_sensor1.json,0233,1,1293.4
Training Data 2.zip,Run_1157/Radars_Run_1157_sensor4.json,1157,4,2295.1
Training Data 2.zip,Run_1157/Radars_Run_1157_sensor1.json,1157,1,2458.2
Training Data 2.zip,Run_1157/Radars_Run_1157_sensor3.json,1157,3,0.6
Training Data 2.zip,Run_1157/Radars_Run_1157_sensor2.json,1157,2,1497.1
Training Data 2.zip,Run_102/Radars_Run_102_sensor2.json,0102,2,1689.8
Training Data 2.zip,Run_102/Radars_Run_102_sensor3.json,0102,3,1683.4
Training Data 2.zip,Run_102/Radars_Run_102_sensor1.json,0102,1,1256.9
Training Data 2.zip,Run_102/Radars_Run_102_sensor4.json,0102,4,1250.4
Training Data 2.zip,Run_865/Radars_Run_865_sensor1.json,0865,1,914.9
Training Data 2.zip,Run_865/Radars_Run_865_sensor4.json,0865,4,803.3
Training Data 2.zip,Run_865/Radars_Run_865_sensor2.json,0865,2,2337.2
Training Data 2.zip,Run_865/Radars_Run_865_sensor3.json,0865,3,3762.8
Training Data 2.zip,Run_545/Radars_Run_545_sensor4.json,0545,4,1422.5
Training Data 2.zip,Run_545/Radars_Run_545_sensor1.json,0545,1,1048.6
Training Data 2.zip,Run_545/Radars_Run_545_sensor3.json,0545,3,0.6
Training Data 2.zip,Run_545/Radars_Run_545_sensor2.json,0545,2,1099.0
Training Data 2.zip,Run_395/Radars_Run_395_sensor1.json,0395,1,987.2
Training Data 2.zip,Run_395/Radars_Run_395_sensor4.json,0395,4,1015.3
Training Data 2.zip,Run_395/Radars_Run_395_sensor2.json,0395,2,1978.9
Training Data 2.zip,Run_395/Radars_Run_395_sensor3.json,0395,3,1959.5
Training Data 2.zip,Run_292/Radars_Run_292_sensor2.json,0292,2,1367.7
Training Data 2.zip,Run_292/Radars_Run_292_sensor3.json,0292,3,1118.2
Training Data 2.zip,Run_292/Radars_Run_292_sensor1.json,0292,1,914.7
Training Data 2.zip,Run_292/Radars_Run_292_sensor4.json,0292,4,1012.3
Training Data 2.zip,Run_1224/Radars_Run_1224_sensor2.json,1224,2,1486.1
Training Data 2.zip,Run_1224/Radars_Run_1224_sensor3.json,1224,3,0.6
Training Data 2.zip,Run_1224/Radars_Run_1224_sensor1.json,1224,1,2048.2
Training Data 2.zip,Run_1224/Radars_Run_1224_sensor4.json,1224,4,1801.9
Training Data 2.zip,Run_746/Radars_Run_746_sensor4.json,0746,4,499.4
Training Data 2.zip,Run_746/Radars_Run_746_sensor1.json,0746,1,694.4
Training Data 2.zip,Run_746/Radars_Run_746_sensor3.json,0746,3,972.3
Training Data 2.zip,Run_746/Radars_Run_746_sensor2.json,0746,2,938.1
Training Data 2.zip,Run_178/Radars_Run_178_sensor2.json,0178,2,1034.8
Training Data 2.zip,Run_178/Radars_Run_178_sensor3.json,0178,3,1012.6
Training Data 2.zip,Run_178/Radars_Run_178_sensor1.json,0178,1,826.7
Training Data 2.zip,Run_178/Radars_Run_178_sensor4.json,0178,4,825.4
Training Data 2.zip,Run_1285/Radars_Run_1285_sensor2.json,1285,2,1292.3
Training Data 2.zip,Run_1285/Radars_Run_1285_sensor3.json,1285,3,1266.3
Training Data 2.zip,Run_1285/Radars_Run_1285_sensor1.json,1285,1,1509.6
Training Data 2.zip,Run_1285/Radars_Run_1285_sensor4.json,1285,4,1323.9
Training Data 2.zip,Run_709/Radars_Run_709_sensor3.json,0709,3,0.6
Training Data 2.zip,Run_709/Radars_Run_709_sensor2.json,0709,2,1336.7
Training Data 2.zip,Run_709/Radars_Run_709_sensor4.json,0709,4,1734.7
Training Data 2.zip,Run_709/Radars_Run_709_sensor1.json,0709,1,2425.7
Training Data 2.zip,Run_499/Radars_Run_499_sensor1.json,0499,1,1924.4
Training Data 2.zip,Run_499/Radars_Run_499_sensor4.json,0499,4,1727.1
Training Data 2.zip,Run_499/Radars_Run_499_sensor2.json,0499,2,872.7
Training Data 2.zip,Run_499/Radars_Run_499_sensor3.json,0499,3,0.6
Training Data 2.zip,Run_570/Radars_Run_570_sensor1.json,0570,1,621.4
Training Data 2.zip,Run_570/Radars_Run_570_sensor4.json,0570,4,445.6
Training Data 2.zip,Run_570/Radars_Run_570_sensor2.json,0570,2,1029.7
Training Data 2.zip,Run_570/Radars_Run_570_sensor3.json,0570,3,1480.5
Training Data 2.zip,Run_507/Radars_Run_507_sensor1.json,0507,1,903.3
Training Data 2.zip,Run_507/Radars_Run_507_sensor4.json,0507,4,1021.1
Training Data 2.zip,Run_507/Radars_Run_507_sensor2.json,0507,2,1781.1
Training Data 2.zip,Run_507/Radars_Run_507_sensor3.json,0507,3,1039.7
Training Data 2.zip,Run_1186/Radars_Run_1186_sensor1.json,1186,1,737.4
Training Data 2.zip,Run_1186/Radars_Run_1186_sensor4.json,1186,4,531.0
Training Data 2.zip,Run_1186/Radars_Run_1186_sensor2.json,1186,2,1454.0
Training Data 2.zip,Run_1186/Radars_Run_1186_sensor3.json,1186,3,1213.7
Training Data 2.zip,Run_137/Radars_Run_137_sensor2.json,0137,2,1620.0
Training Data 2.zip,Run_137/Radars_Run_137_sensor3.json,0137,3,1787.2
Training Data 2.zip,Run_137/Radars_Run_137_sensor1.json,0137,1,971.7
Training Data 2.zip,Run_137/Radars_Run_137_sensor4.json,0137,4,702.7
Training Data 2.zip,Run_1237/Radars_Run_1237_sensor1.json,1237,1,1059.4
Training Data 2.zip,Run_1237/Radars_Run_1237_sensor4.json,1237,4,868.0
Training Data 2.zip,Run_1237/Radars_Run_1237_sensor2.json,1237,2,997.5
Training Data 2.zip,Run_1237/Radars_Run_1237_sensor3.json,1237,3,0.6
Training Data 2.zip,Run_250/Radars_Run_250_sensor1.json,0250,1,1752.8
Training Data 2.zip,Run_250/Radars_Run_250_sensor4.json,0250,4,1236.1
Training Data 2.zip,Run_250/Radars_Run_250_sensor2.json,0250,2,1650.5
Training Data 2.zip,Run_250/Radars_Run_250_sensor3.json,0250,3,1390.2
Training Data 2.zip,Run_1302/Radars_Run_1302_sensor2.json,1302,2,1302.4
Training Data 2.zip,Run_1302/Radars_Run_1302_sensor3.json,1302,3,1315.7
Training Data 2.zip,Run_1302/Radars_Run_1302_sensor1.json,1302,1,710.8
Training Data 2.zip,Run_1302/Radars_Run_1302_sensor4.json,1302,4,509.5
Training Data 2.zip,Run_1278/Radars_Run_1278_sensor1.json,1278,1,671.8
Training Data 2.zip,Run_1278/Radars_Run_1278_sensor4.json,1278,4,481.7
Training Data 2.zip,Run_1278/Radars_Run_1278_sensor2.json,1278,2,1264.3
Training Data 2.zip,Run_1278/Radars_Run_1278_sensor3.json,1278,3,1236.4
Training Data 2.zip,Run_1195/Radars_Run_1195_sensor3.json,1195,3,2654.2
Training Data 2.zip,Run_1195/Radars_Run_1195_sensor2.json,1195,2,2654.9
Training Data 2.zip,Run_1195/Radars_Run_1195_sensor4.json,1195,4,1494.1
Training Data 2.zip,Run_1195/Radars_Run_1195_sensor1.json,1195,1,1835.9
Training Data 2.zip,Run_514/Radars_Run_514_sensor2.json,0514,2,978.6
Training Data 2.zip,Run_514/Radars_Run_514_sensor3.json,0514,3,1182.9
Training Data 2.zip,Run_514/Radars_Run_514_sensor1.json,0514,1,813.5
Training Data 2.zip,Run_514/Radars_Run_514_sensor4.json,0514,4,846.2
Training Data 2.zip,Run_933/Radars_Run_933_sensor2.json,0933,2,1282.7
Training Data 2.zip,Run_933/Radars_Run_933_sensor3.json,0933,3,1842.7
Training Data 2.zip,Run_933/Radars_Run_933_sensor1.json,0933,1,1267.7
Training Data 2.zip,Run_933/Radars_Run_933_sensor4.json,0933,4,1124.1
Training Data 2.zip,Run_1248/Radars_Run_1248_sensor1.json,1248,1,1533.7
Training Data 2.zip,Run_1248/Radars_Run_1248_sensor4.json,1248,4,1515.3
Training Data 2.zip,Run_1248/Radars_Run_1248_sensor2.json,1248,2,1694.3
Training Data 2.zip,Run_1248/Radars_Run_1248_sensor3.json,1248,3,1332.9
Training Data 2.zip,Run_260/Radars_Run_260_sensor2.json,0260,2,1126.2
Training Data 2.zip,Run_260/Radars_Run_260_sensor3.json,0260,3,1282.0
Training Data 2.zip,Run_260/Radars_Run_260_sensor1.json,0260,1,1420.8
Training Data 2.zip,Run_260/Radars_Run_260_sensor4.json,0260,4,1375.8
Training Data 2.zip,Run_989/Radars_Run_989_sensor4.json,0989,4,1868.1
Training Data 2.zip,Run_989/Radars_Run_989_sensor1.json,0989,1,1504.6
Training Data 2.zip,Run_989/Radars_Run_989_sensor3.json,0989,3,1361.3
Training Data 2.zip,Run_989/Radars_Run_989_sensor2.json,0989,2,1216.6
Training Data 2.zip,Run_194/Radars_Run_194_sensor4.json,0194,4,1449.4
Training Data 2.zip,Run_194/Radars_Run_194_sensor1.json,0194,1,1234.2
Training Data 2.zip,Run_194/Radars_Run_194_sensor3.json,0194,3,759.8
Training Data 2.zip,Run_194/Radars_Run_194_sensor2.json,0194,2,776.2
Training Data 2.zip,Run_142/Radars_Run_142_sensor1.json,0142,1,1493.9
Training Data 2.zip,Run_142/Radars_Run_142_sensor4.json,0142,4,1422.5
Training Data 2.zip,Run_142/Radars_Run_142_sensor2.json,0142,2,1189.6
Training Data 2.zip,Run_142/Radars_Run_142_sensor3.json,0142,3,1138.0
Training Data 2.zip,Run_776/Radars_Run_776_sensor3.json,0776,3,1323.6
Training Data 2.zip,Run_776/Radars_Run_776_sensor2.json,0776,2,981.8
Training Data 2.zip,Run_776/Radars_Run_776_sensor4.json,0776,4,423.3
Training Data 2.zip,Run_776/Radars_Run_776_sensor1.json,0776,1,590.5
Training Data 2.zip,Run_1084/Radars_Run_1084_sensor3.json,1084,3,0.6
Training Data 2.zip,Run_1084/Radars_Run_1084_sensor2.json,1084,2,931.9
Training Data 2.zip,Run_1084/Radars_Run_1084_sensor4.json,1084,4,1570.3
Training Data 2.zip,Run_1084/Radars_Run_1084_sensor1.json,1084,1,1770.9
Training Data 2.zip,Run_1183/Radars_Run_1183_sensor4.json,1183,4,718.3
Training Data 2.zip,Run_1183/Radars_Run_1183_sensor1.json,1183,1,802.1
Training Data 2.zip,Run_1183/Radars_Run_1183_sensor3.json,1183,3,991.2
Training Data 2.zip,Run_1183/Radars_Run_1183_sensor2.json,1183,2,872.7
Training Data 2.zip,Run_397/Radars_Run_397_sensor1.json,0397,1,1737.0
Training Data 2.zip,Run_397/Radars_Run_397_sensor4.json,0397,4,1869.4
Training Data 2.zip,Run_397/Radars_Run_397_sensor2.json,0397,2,1250.3
Training Data 2.zip,Run_397/Radars_Run_397_sensor3.json,0397,3,1230.8
Training Data 2.zip,Run_1221/Radars_Run_1221_sensor2.json,1221,2,1521.5
Training Data 2.zip,Run_1221/Radars_Run_1221_sensor3.json,1221,3,1637.6
Training Data 2.zip,Run_1221/Radars_Run_1221_sensor1.json,1221,1,842.6
Training Data 2.zip,Run_1221/Radars_Run_1221_sensor4.json,1221,4,608.0
Training Data 2.zip,Run_209/Radars_Run_209_sensor2.json,0209,2,805.4
Training Data 2.zip,Run_209/Radars_Run_209_sensor3.json,0209,3,1426.2
Training Data 2.zip,Run_209/Radars_Run_209_sensor1.json,0209,1,1274.2
Training Data 2.zip,Run_209/Radars_Run_209_sensor4.json,0209,4,1096.6
Training Data 2.zip,Run_984/Radars_Run_984_sensor1.json,0984,1,657.7
Training Data 2.zip,Run_984/Radars_Run_984_sensor4.json,0984,4,639.5
Training Data 2.zip,Run_984/Radars_Run_984_sensor2.json,0984,2,1465.4
Training Data 2.zip,Run_984/Radars_Run_984_sensor3.json,0984,3,1381.5
Training Data 2.zip,Run_681/Radars_Run_681_sensor4.json,0681,4,550.1
Training Data 2.zip,Run_681/Radars_Run_681_sensor1.json,0681,1,763.8
Training Data 2.zip,Run_681/Radars_Run_681_sensor3.json,0681,3,1208.8
Training Data 2.zip,Run_681/Radars_Run_681_sensor2.json,0681,2,1222.8
Training Data 2.zip,Run_786/Radars_Run_786_sensor3.json,0786,3,986.8
Training Data 2.zip,Run_786/Radars_Run_786_sensor2.json,0786,2,927.8
Training Data 2.zip,Run_786/Radars_Run_786_sensor4.json,0786,4,1086.2
Training Data 2.zip,Run_786/Radars_Run_786_sensor1.json,0786,1,1326.3
Training Data 2.zip,Run_121/Radars_Run_121_sensor3.json,0121,3,0.6
Training Data 2.zip,Run_121/Radars_Run_121_sensor2.json,0121,2,1344.4
Training Data 2.zip,Run_121/Radars_Run_121_sensor4.json,0121,4,1745.1
Training Data 2.zip,Run_121/Radars_Run_121_sensor1.json,0121,1,1250.8
Training Data 2.zip,Run_97/Radars_Run_97_sensor4.json,0097,4,1498.4
Training Data 2.zip,Run_97/Radars_Run_97_sensor1.json,0097,1,1758.8
Training Data 2.zip,Run_97/Radars_Run_97_sensor3.json,0097,3,1237.0
Training Data 2.zip,Run_97/Radars_Run_97_sensor2.json,0097,2,1211.7
Training Data 2.zip,Run_1174/Radars_Run_1174_sensor1.json,1174,1,1104.2
Training Data 2.zip,Run_1174/Radars_Run_1174_sensor4.json,1174,4,932.6
Training Data 2.zip,Run_1174/Radars_Run_1174_sensor2.json,1174,2,666.9
Training Data 2.zip,Run_1174/Radars_Run_1174_sensor3.json,1174,3,764.6
Training Data 2.zip,Run_1097/Radars_Run_1097_sensor4.json,1097,4,575.5
Training Data 2.zip,Run_1097/Radars_Run_1097_sensor1.json,1097,1,627.0
Training Data 2.zip,Run_1097/Radars_Run_1097_sensor3.json,1097,3,869.8
Training Data 2.zip,Run_1097/Radars_Run_1097_sensor2.json,1097,2,908.7
Training Data 2.zip,Run_283/Radars_Run_283_sensor3.json,0283,3,0.6
Training Data 2.zip,Run_283/Radars_Run_283_sensor2.json,0283,2,646.1
Training Data 2.zip,Run_283/Radars_Run_283_sensor4.json,0283,4,829.2
Training Data 2.zip,Run_283/Radars_Run_283_sensor1.json,0283,1,807.8
Training Data 2.zip,Run_289/Radars_Run_289_sensor1.json,0289,1,658.9
Training Data 2.zip,Run_289/Radars_Run_289_sensor4.json,0289,4,473.7
Training Data 2.zip,Run_289/Radars_Run_289_sensor2.json,0289,2,1472.0
Training Data 2.zip,Run_289/Radars_Run_289_sensor3.json,0289,3,1048.4
Training Data 2.zip,Run_979/Radars_Run_979_sensor2.json,0979,2,1675.7
Training Data 2.zip,Run_979/Radars_Run_979_sensor3.json,0979,3,1408.6
Training Data 2.zip,Run_979/Radars_Run_979_sensor1.json,0979,1,1097.6
Training Data 2.zip,Run_979/Radars_Run_979_sensor4.json,0979,4,885.2
Training Data 2.zip,Run_1036/Radars_Run_1036_sensor2.json,1036,2,1120.0
Training Data 2.zip,Run_1036/Radars_Run_1036_sensor3.json,1036,3,1231.1
Training Data 2.zip,Run_1036/Radars_Run_1036_sensor1.json,1036,1,948.9
Training Data 2.zip,Run_1036/Radars_Run_1036_sensor4.json,1036,4,850.3
Training Data 2.zip,Run_653/Radars_Run_653_sensor4.json,0653,4,1199.4
Training Data 2.zip,Run_653/Radars_Run_653_sensor1.json,0653,1,1225.8
Training Data 2.zip,Run_653/Radars_Run_653_sensor3.json,0653,3,3041.7
Training Data 2.zip,Run_653/Radars_Run_653_sensor2.json,0653,2,2741.3
Training Data 2.zip,Run_894/Radars_Run_894_sensor3.json,0894,3,0.6
Training Data 2.zip,Run_894/Radars_Run_894_sensor2.json,0894,2,775.7
Training Data 2.zip,Run_894/Radars_Run_894_sensor4.json,0894,4,1005.6
Training Data 2.zip,Run_894/Radars_Run_894_sensor1.json,0894,1,987.1
Training Data 2.zip,Run_45/Radars_Run_45_sensor1.json,0045,1,1604.2
Training Data 2.zip,Run_45/Radars_Run_45_sensor4.json,0045,4,1148.8
Training Data 2.zip,Run_45/Radars_Run_45_sensor2.json,0045,2,739.5
Training Data 2.zip,Run_45/Radars_Run_45_sensor3.json,0045,3,719.4
Training Data 2.zip,Run_661/Radars_Run_661_sensor1.json,0661,1,1419.4
Training Data 2.zip,Run_661/Radars_Run_661_sensor4.json,0661,4,1215.8
Training Data 2.zip,Run_661/Radars_Run_661_sensor2.json,0661,2,1085.0
Training Data 2.zip,Run_661/Radars_Run_661_sensor3.json,0661,3,1144.9
Training Data 2.zip,Run_1000/Radars_Run_1000_sensor2.json,1000,2,2407.1
Training Data 2.zip,Run_1000/Radars_Run_1000_sensor3.json,1000,3,0.6
Training Data 2.zip,Run_1000/Radars_Run_1000_sensor1.json,1000,1,1614.5
Training Data 2.zip,Run_1000/Radars_Run_1000_sensor4.json,1000,4,1244.8
Training Data 2.zip,Run_1225/Radars_Run_1225_sensor2.json,1225,2,2576.4
Training Data 2.zip,Run_1225/Radars_Run_1225_sensor3.json,1225,3,3020.0
Training Data 2.zip,Run_1225/Radars_Run_1225_sensor1.json,1225,1,875.4
Training Data 2.zip,Run_1225/Radars_Run_1225_sensor4.json,1225,4,800.0
Training Data 2.zip,Run_964/Radars_Run_964_sensor3.json,0964,3,0.6
Training Data 2.zip,Run_964/Radars_Run_964_sensor2.json,0964,2,1156.2
Training Data 2.zip,Run_964/Radars_Run_964_sensor4.json,0964,4,909.0
Training Data 2.zip,Run_964/Radars_Run_964_sensor1.json,0964,1,958.0
Training Data 2.zip,Run_433/Radars_Run_433_sensor2.json,0433,2,1842.1
Training Data 2.zip,Run_433/Radars_Run_433_sensor3.json,0433,3,1689.9
Training Data 2.zip,Run_433/Radars_Run_433_sensor1.json,0433,1,900.5
Training Data 2.zip,Run_433/Radars_Run_433_sensor4.json,0433,4,931.3
Training Data 2.zip,Run_1310/Radars_Run_1310_sensor3.json,1310,3,0.6
Training Data 2.zip,Run_1310/Radars_Run_1310_sensor2.json,1310,2,1096.6
Training Data 2.zip,Run_1310/Radars_Run_1310_sensor4.json,1310,4,1599.3
Training Data 2.zip,Run_1310/Radars_Run_1310_sensor1.json,1310,1,1795.6
Training Data 2.zip,Run_571/Radars_Run_571_sensor1.json,0571,1,1575.5
Training Data 2.zip,Run_571/Radars_Run_571_sensor4.json,0571,4,1322.8
Training Data 2.zip,Run_571/Radars_Run_571_sensor2.json,0571,2,1282.6
Training Data 2.zip,Run_571/Radars_Run_571_sensor3.json,0571,3,0.6
Training Data 2.zip,Run_826/Radars_Run_826_sensor3.json,0826,3,1120.1
Training Data 2.zip,Run_826/Radars_Run_826_sensor2.json,0826,2,1200.0
Training Data 2.zip,Run_826/Radars_Run_826_sensor4.json,0826,4,579.2
Training Data 2.zip,Run_826/Radars_Run_826_sensor1.json,0826,1,801.3
Training Data 2.zip,Run_821/Radars_Run_821_sensor3.json,0821,3,1556.9
Training Data 2.zip,Run_821/Radars_Run_821_sensor2.json,0821,2,1313.1
Training Data 2.zip,Run_821/Radars_Run_821_sensor4.json,0821,4,706.1
Training Data 2.zip,Run_821/Radars_Run_821_sensor1.json,0821,1,977.5
Training Data 2.zip,Run_576/Radars_Run_576_sensor4.json,0576,4,1107.0
Training Data 2.zip,Run_576/Radars_Run_576_sensor1.json,0576,1,1234.1
Training Data 2.zip,Run_576/Radars_Run_576_sensor3.json,0576,3,881.5
Training Data 2.zip,Run_576/Radars_Run_576_sensor2.json,0576,2,818.6
Training Data 2.zip,Run_449/Radars_Run_449_sensor4.json,0449,4,1573.0
Training Data 2.zip,Run_449/Radars_Run_449_sensor1.json,0449,1,1567.6
Training Data 2.zip,Run_449/Radars_Run_449_sensor3.json,0449,3,1416.6
Training Data 2.zip,Run_449/Radars_Run_449_sensor2.json,0449,2,1084.8
Training Data 2.zip,Run_544/Radars_Run_544_sensor3.json,0544,3,0.6
Training Data 2.zip,Run_544/Radars_Run_544_sensor2.json,0544,2,1383.3
Training Data 2.zip,Run_544/Radars_Run_544_sensor4.json,0544,4,1393.9
Training Data 2.zip,Run_544/Radars_Run_544_sensor1.json,0544,1,1844.0
Training Data 2.zip,Run_819/Radars_Run_819_sensor2.json,0819,2,2487.3
Training Data 2.zip,Run_819/Radars_Run_819_sensor3.json,0819,3,0.6
Training Data 2.zip,Run_819/Radars_Run_819_sensor1.json,0819,1,1557.1
Training Data 2.zip,Run_819/Radars_Run_819_sensor4.json,0819,4,1390.8
Training Data 2.zip,Run_277/Radars_Run_277_sensor3.json,0277,3,0.6
Training Data 2.zip,Run_277/Radars_Run_277_sensor2.json,0277,2,893.5
Training Data 2.zip,Run_277/Radars_Run_277_sensor4.json,0277,4,1208.1
Training Data 2.zip,Run_277/Radars_Run_277_sensor1.json,0277,1,1115.3
Training Data 2.zip,Run_935/Radars_Run_935_sensor1.json,0935,1,1090.6
Training Data 2.zip,Run_935/Radars_Run_935_sensor4.json,0935,4,1046.1
Training Data 2.zip,Run_935/Radars_Run_935_sensor2.json,0935,2,1182.7
Training Data 2.zip,Run_935/Radars_Run_935_sensor3.json,0935,3,1330.0
Training Data 2.zip,Run_948/Radars_Run_948_sensor1.json,0948,1,1069.6
Training Data 2.zip,Run_948/Radars_Run_948_sensor4.json,0948,4,774.6
Training Data 2.zip,Run_948/Radars_Run_948_sensor2.json,0948,2,2251.1
Training Data 2.zip,Run_948/Radars_Run_948_sensor3.json,0948,3,2181.5
Training Data 2.zip,Run_716/Radars_Run_716_sensor4.json,0716,4,1671.0
Training Data 2.zip,Run_716/Radars_Run_716_sensor1.json,0716,1,1475.8
Training Data 2.zip,Run_716/Radars_Run_716_sensor3.json,0716,3,1572.2
Training Data 2.zip,Run_716/Radars_Run_716_sensor2.json,0716,2,1588.4
Training Data 3.zip,Run_89/Radars_Run_89_sensor3.json,0089,3,1132.1
Training Data 3.zip,Run_89/Radars_Run_89_sensor2.json,0089,2,1144.2
Training Data 3.zip,Run_89/Radars_Run_89_sensor4.json,0089,4,1659.2
Training Data 3.zip,Run_89/Radars_Run_89_sensor1.json,0089,1,1029.3
Training Data 3.zip,Run_405/Radars_Run_405_sensor1.json,0405,1,1189.2
Training Data 3.zip,Run_405/Radars_Run_405_sensor4.json,0405,4,1100.8
Training Data 3.zip,Run_405/Radars_Run_405_sensor2.json,0405,2,2706.5
Training Data 3.zip,Run_405/Radars_Run_405_sensor3.json,0405,3,1820.6
Training Data 3.zip,Run_591/Radars_Run_591_sensor1.json,0591,1,990.8
Training Data 3.zip,Run_591/Radars_Run_591_sensor4.json,0591,4,714.0
Training Data 3.zip,Run_591/Radars_Run_591_sensor2.json,0591,2,1963.1
Training Data 3.zip,Run_591/Radars_Run_591_sensor3.json,0591,3,1709.6
Training Data 3.zip,Run_1191/Radars_Run_1191_sensor4.json,1191,4,1019.9
Training Data 3.zip,Run_1191/Radars_Run_1191_sensor1.json,1191,1,1104.0
Training Data 3.zip,Run_1191/Radars_Run_1191_sensor3.json,1191,3,0.6
Training Data 3.zip,Run_1191/Radars_Run_1191_sensor2.json,1191,2,1862.5
Training Data 3.zip,Run_1129/Radars_Run_1129_sensor2.json,1129,2,1045.8
Training Data 3.zip,Run_1129/Radars_Run_1129_sensor3.json,1129,3,0.6
Training Data 3.zip,Run_1129/Radars_Run_1129_sensor1.json,1129,1,1340.6
Training Data 3.zip,Run_1129/Radars_Run_1129_sensor4.json,1129,4,1676.3
Training Data 3.zip,Run_941/Radars_Run_941_sensor1.json,0941,1,924.9
Training Data 3.zip,Run_941/Radars_Run_941_sensor4.json,0941,4,666.2
Training Data 3.zip,Run_941/Radars_Run_941_sensor2.json,0941,2,1279.3
Training Data 3.zip,Run_941/Radars_Run_941_sensor3.json,0941,3,1389.1
Training Data 3.zip,Run_90/Radars_Run_90_sensor4.json,0090,4,1534.7
Training Data 3.zip,Run_90/Radars_Run_90_sensor1.json,0090,1,1085.7
Training Data 3.zip,Run_90/Radars_Run_90_sensor3.json,0090,3,0.6
Training Data 3.zip,Run_90/Radars_Run_90_sensor2.json,0090,2,968.6
Training Data 3.zip,Run_156/Radars_Run_156_sensor2.json,0156,2,647.8
Training Data 3.zip,Run_156/Radars_Run_156_sensor3.json,0156,3,716.5
Training Data 3.zip,Run_156/Radars_Run_156_sensor1.json,0156,1,618.1
Training Data 3.zip,Run_156/Radars_Run_156_sensor4.json,0156,4,630.5
Training Data 3.zip,Run_384/Radars_Run_384_sensor2.json,0384,2,805.2
Training Data 3.zip,Run_384/Radars_Run_384_sensor3.json,0384,3,792.7
Training Data 3.zip,Run_384/Radars_Run_384_sensor1.json,0384,1,649.6
Training Data 3.zip,Run_384/Radars_Run_384_sensor4.json,0384,4,619.6
Training Data 3.zip,Run_1166/Radars_Run_1166_sensor1.json,1166,1,662.9
Training Data 3.zip,Run_1166/Radars_Run_1166_sensor4.json,1166,4,697.7
Training Data 3.zip,Run_1166/Radars_Run_1166_sensor2.json,1166,2,592.9
Training Data 3.zip,Run_1166/Radars_Run_1166_sensor3.json,1166,3,617.9
Training Data 3.zip,Run_1212/Radars_Run_1212_sensor4.json,1212,4,460.3
Training Data 3.zip,Run_1212/Radars_Run_1212_sensor1.json,1212,1,642.8
Training Data 3.zip,Run_1212/Radars_Run_1212_sensor3.json,1212,3,1088.5
Training Data 3.zip,Run_1212/Radars_Run_1212_sensor2.json,1212,2,1050.7
Training Data 3.zip,Run_904/Radars_Run_904_sensor2.json,0904,2,1072.7
Training Data 3.zip,Run_904/Radars_Run_904_sensor3.json,0904,3,1151.0
Training Data 3.zip,Run_904/Radars_Run_904_sensor1.json,0904,1,723.3
Training Data 3.zip,Run_904/Radars_Run_904_sensor4.json,0904,4,744.1
Training Data 3.zip,Run_890/Radars_Run_890_sensor3.json,0890,3,565.9
Training Data 3.zip,Run_890/Radars_Run_890_sensor2.json,0890,2,559.1
Training Data 3.zip,Run_890/Radars_Run_890_sensor4.json,0890,4,782.9
Training Data 3.zip,Run_890/Radars_Run_890_sensor1.json,0890,1,666.2
Training Data 3.zip,Run_169/Radars_Run_169_sensor4.json,0169,4,1064.3
Training Data 3.zip,Run_169/Radars_Run_169_sensor1.json,0169,1,1240.7
Training Data 3.zip,Run_169/Radars_Run_169_sensor3.json,0169,3,0.6
Training Data 3.zip,Run_169/Radars_Run_169_sensor2.json,0169,2,3209.7
Training Data 3.zip,Run_163/Radars_Run_163_sensor2.json,0163,2,1187.4
Training Data 3.zip,Run_163/Radars_Run_163_sensor3.json,0163,3,0.6
Training Data 3.zip,Run_163/Radars_Run_163_sensor1.json,0163,1,1144.4
Training Data 3.zip,Run_163/Radars_Run_163_sensor4.json,0163,4,1091.1
Training Data 3.zip,Run_1185/Radars_Run_1185_sensor3.json,1185,3,1094.7
Training Data 3.zip,Run_1185/Radars_Run_1185_sensor2.json,1185,2,1086.0
Training Data 3.zip,Run_1185/Radars_Run_1185_sensor4.json,1185,4,531.6
Training Data 3.zip,Run_1185/Radars_Run_1185_sensor1.json,1185,1,737.5
Training Data 3.zip,Run_1082/Radars_Run_1082_sensor1.json,1082,1,2029.8
Training Data 3.zip,Run_1082/Radars_Run_1082_sensor4.json,1082,4,1604.3
Training Data 3.zip,Run_1082/Radars_Run_1082_sensor2.json,1082,2,1137.1
Training Data 3.zip,Run_1082/Radars_Run_1082_sensor3.json,1082,3,0.6
Training Data 3.zip,Run_73/Radars_Run_73_sensor4.json,0073,4,804.3
Training Data 3.zip,Run_73/Radars_Run_73_sensor1.json,0073,1,808.1
Training Data 3.zip,Run_73/Radars_Run_73_sensor3.json,0073,3,1297.7
Training Data 3.zip,Run_73/Radars_Run_73_sensor2.json,0073,2,1234.7
Training Data 3.zip,Run_516/Radars_Run_516_sensor3.json,0516,3,1712.5
Training Data 3.zip,Run_516/Radars_Run_516_sensor2.json,0516,2,1396.7
Training Data 3.zip,Run_516/Radars_Run_516_sensor4.json,0516,4,608.6
Training Data 3.zip,Run_516/Radars_Run_516_sensor1.json,0516,1,844.8
Training Data 3.zip,Run_1159/Radars_Run_1159_sensor2.json,1159,2,817.3
Training Data 3.zip,Run_1159/Radars_Run_1159_sensor3.json,1159,3,826.1
Training Data 3.zip,Run_1159/Radars_Run_1159_sensor1.json,1159,1,1348.6
Training Data 3.zip,Run_1159/Radars_Run_1159_sensor4.json,1159,4,1358.1
Training Data 3.zip,Run_273/Radars_Run_273_sensor2.json,0273,2,1315.5
Training Data 3.zip,Run_273/Radars_Run_273_sensor3.json,0273,3,0.6
Training Data 3.zip,Run_273/Radars_Run_273_sensor1.json,0273,1,1519.4
Training Data 3.zip,Run_273/Radars_Run_273_sensor4.json,0273,4,1687.2
Training Data 3.zip,Run_1002/Radars_Run_1002_sensor4.json,1002,4,2058.3
Training Data 3.zip,Run_1002/Radars_Run_1002_sensor1.json,1002,1,1662.8
Training Data 3.zip,Run_1002/Radars_Run_1002_sensor3.json,1002,3,0.6
Training Data 3.zip,Run_1002/Radars_Run_1002_sensor2.json,1002,2,2473.8
Training Data 3.zip,Run_491/Radars_Run_491_sensor4.json,0491,4,769.0
Training Data 3.zip,Run_491/Radars_Run_491_sensor1.json,0491,1,806.4
Training Data 3.zip,Run_491/Radars_Run_491_sensor3.json,0491,3,645.9
Training Data 3.zip,Run_491/Radars_Run_491_sensor2.json,0491,2,803.9
Training Data 3.zip,Run_84/Radars_Run_84_sensor4.json,0084,4,1615.1
Training Data 3.zip,Run_84/Radars_Run_84_sensor1.json,0084,1,1667.2
Training Data 3.zip,Run_84/Radars_Run_84_sensor3.json,0084,3,1303.5
Training Data 3.zip,Run_84/Radars_Run_84_sensor2.json,0084,2,1377.2
Training Data 3.zip,Run_1234/Radars_Run_1234_sensor3.json,1234,3,1848.6
Training Data 3.zip,Run_1234/Radars_Run_1234_sensor2.json,1234,2,1264.6
Training Data 3.zip,Run_1234/Radars_Run_1234_sensor4.json,1234,4,616.8
Training Data 3.zip,Run_1234/Radars_Run_1234_sensor1.json,1234,1,857.2
Training Data 3.zip,Run_13/Radars_Run_13_sensor4.json,0013,4,1467.7
Training Data 3.zip,Run_13/Radars_Run_13_sensor1.json,0013,1,1622.6
Training Data 3.zip,Run_13/Radars_Run_13_sensor3.json,0013,3,1947.4
Training Data 3.zip,Run_13/Radars_Run_13_sensor2.json,0013,2,1773.4
Training Data 3.zip,Run_131/Radars_Run_131_sensor4.json,0131,4,1635.1
Training Data 3.zip,Run_131/Radars_Run_131_sensor1.json,0131,1,1303.4
Training Data 3.zip,Run_131/Radars_Run_131_sensor3.json,0131,3,2194.4
Training Data 3.zip,Run_131/Radars_Run_131_sensor2.json,0131,2,1635.4
Training Data 3.zip,Run_495/Radars_Run_495_sensor3.json,0495,3,962.2
Training Data 3.zip,Run_495/Radars_Run_495_sensor2.json,0495,2,927.9
Training Data 3.zip,Run_495/Radars_Run_495_sensor4.json,0495,4,916.9
Training Data 3.zip,Run_495/Radars_Run_495_sensor1.json,0495,1,971.1
Training Data 3.zip,Run_348/Radars_Run_348_sensor4.json,0348,4,1210.7
Training Data 3.zip,Run_348/Radars_Run_348_sensor1.json,0348,1,1188.4
Training Data 3.zip,Run_348/Radars_Run_348_sensor3.json,0348,3,1006.4
Training Data 3.zip,Run_348/Radars_Run_348_sensor2.json,0348,2,1415.9
Training Data 3.zip,Run_299/Radars_Run_299_sensor1.json,0299,1,1640.4
Training Data 3.zip,Run_299/Radars_Run_299_sensor4.json,0299,4,1595.9
Training Data 3.zip,Run_299/Radars_Run_299_sensor2.json,0299,2,1096.0
Training Data 3.zip,Run_299/Radars_Run_299_sensor3.json,0299,3,0.6
Training Data 3.zip,Run_942/Radars_Run_942_sensor1.json,0942,1,950.4
Training Data 3.zip,Run_942/Radars_Run_942_sensor4.json,0942,4,794.0
Training Data 3.zip,Run_942/Radars_Run_942_sensor2.json,0942,2,999.2
Training Data 3.zip,Run_942/Radars_Run_942_sensor3.json,0942,3,1028.9
Training Data 3.zip,Run_899/Radars_Run_899_sensor4.json,0899,4,541.4
Training Data 3.zip,Run_899/Radars_Run_899_sensor1.json,0899,1,751.9
Training Data 3.zip,Run_899/Radars_Run_899_sensor3.json,0899,3,1561.3
Training Data 3.zip,Run_899/Radars_Run_899_sensor2.json,0899,2,1506.4
Training Data 3.zip,Run_1211/Radars_Run_1211_sensor4.json,1211,4,2299.4
Training Data 3.zip,Run_1211/Radars_Run_1211_sensor1.json,1211,1,2119.7
Training Data 3.zip,Run_1211/Radars_Run_1211_sensor3.json,1211,3,1528.7
Training Data 3.zip,Run_1211/Radars_Run_1211_sensor2.json,1211,2,1125.3
Training Data 3.zip,Run_219/Radars_Run_219_sensor3.json,0219,3,1428.5
Training Data 3.zip,Run_219/Radars_Run_219_sensor2.json,0219,2,1458.0
Training Data 3.zip,Run_219/Radars_Run_219_sensor4.json,0219,4,1138.4
Training Data 3.zip,Run_219/Radars_Run_219_sensor1.json,0219,1,1217.4
Training Data 3.zip,Run_387/Radars_Run_387_sensor4.json,0387,4,450.5
Training Data 3.zip,Run_387/Radars_Run_387_sensor1.json,0387,1,627.9
Training Data 3.zip,Run_387/Radars_Run_387_sensor3.json,0387,3,1315.8
Training Data 3.zip,Run_387/Radars_Run_387_sensor2.json,0387,2,1206.9
Training Data 3.zip,Run_1162/Radars_Run_1162_sensor2.json,1162,2,956.2
Training Data 3.zip,Run_1162/Radars_Run_1162_sensor3.json,1162,3,1599.0
Training Data 3.zip,Run_1162/Radars_Run_1162_sensor1.json,1162,1,1014.7
Training Data 3.zip,Run_1162/Radars_Run_1162_sensor4.json,1162,4,979.0
Training Data 3.zip,Run_287/Radars_Run_287_sensor3.json,0287,3,642.4
Training Data 3.zip,Run_287/Radars_Run_287_sensor2.json,0287,2,577.0
Training Data 3.zip,Run_287/Radars_Run_287_sensor4.json,0287,4,1165.9
Training Data 3.zip,Run_287/Radars_Run_287_sensor1.json,0287,1,1789.8
Training Data 3.zip,Run_364/Radars_Run_364_sensor3.json,0364,3,878.0
Training Data 3.zip,Run_364/Radars_Run_364_sensor2.json,0364,2,1002.0
Training Data 3.zip,Run_364/Radars_Run_364_sensor4.json,0364,4,384.2
Training Data 3.zip,Run_364/Radars_Run_364_sensor1.json,0364,1,537.8
Training Data 3.zip,Run_319/Radars_Run_319_sensor1.json,0319,1,1021.9
Training Data 3.zip,Run_319/Radars_Run_319_sensor4.json,0319,4,879.0
Training Data 3.zip,Run_319/Radars_Run_319_sensor2.json,0319,2,760.8
Training Data 3.zip,Run_319/Radars_Run_319_sensor3.json,0319,3,775.8
Training Data 3.zip,Run_835/Radars_Run_835_sensor2.json,0835,2,1958.6
Training Data 3.zip,Run_835/Radars_Run_835_sensor3.json,0835,3,1806.1
Training Data 3.zip,Run_835/Radars_Run_835_sensor1.json,0835,1,1384.6
Training Data 3.zip,Run_835/Radars_Run_835_sensor4.json,0835,4,1270.8
Training Data 3.zip,Run_637/Radars_Run_637_sensor2.json,0637,2,1189.3
Training Data 3.zip,Run_637/Radars_Run_637_sensor3.json,0637,3,0.6
Training Data 3.zip,Run_637/Radars_Run_637_sensor1.json,0637,1,1031.2
Training Data 3.zip,Run_637/Radars_Run_637_sensor4.json,0637,4,1027.3
Training Data 3.zip,Run_887/Radars_Run_887_sensor3.json,0887,3,1855.0
Training Data 3.zip,Run_887/Radars_Run_887_sensor2.json,0887,2,1925.3
Training Data 3.zip,Run_887/Radars_Run_887_sensor4.json,0887,4,717.9
Training Data 3.zip,Run_887/Radars_Run_887_sensor1.json,0887,1,993.7
Training Data 3.zip,Run_814/Radars_Run_814_sensor4.json,0814,4,1422.2
Training Data 3.zip,Run_814/Radars_Run_814_sensor1.json,0814,1,927.7
Training Data 3.zip,Run_814/Radars_Run_814_sensor3.json,0814,3,0.6
Training Data 3.zip,Run_814/Radars_Run_814_sensor2.json,0814,2,839.9
Training Data 3.zip,Run_543/Radars_Run_543_sensor4.json,0543,4,1896.3
Training Data 3.zip,Run_543/Radars_Run_543_sensor1.json,0543,1,1506.4
Training Data 3.zip,Run_543/Radars_Run_543_sensor3.json,0543,3,813.4
Training Data 3.zip,Run_543/Radars_Run_543_sensor2.json,0543,2,843.5
Training Data 3.zip,Run_702/Radars_Run_702_sensor3.json,0702,3,1188.3
Training Data 3.zip,Run_702/Radars_Run_702_sensor2.json,0702,2,1192.0
Training Data 3.zip,Run_702/Radars_Run_702_sensor4.json,0702,4,1244.3
Training Data 3.zip,Run_702/Radars_Run_702_sensor1.json,0702,1,1375.7
Training Data 3.zip,Run_345/Radars_Run_345_sensor1.json,0345,1,1406.6
Training Data 3.zip,Run_345/Radars_Run_345_sensor4.json,0345,4,1772.8
Training Data 3.zip,Run_345/Radars_Run_345_sensor2.json,0345,2,1208.4
Training Data 3.zip,Run_345/Radars_Run_345_sensor3.json,0345,3,0.6
Training Data 3.zip,Run_498/Radars_Run_498_sensor4.json,0498,4,1550.4
Training Data 3.zip,Run_498/Radars_Run_498_sensor1.json,0498,1,1306.9
Training Data 3.zip,Run_498/Radars_Run_498_sensor3.json,0498,3,0.6
Training Data 3.zip,Run_498/Radars_Run_498_sensor2.json,0498,2,1711.4
Training Data 3.zip,Run_87/Radars_Run_87_sensor4.json,0087,4,1047.1
Training Data 3.zip,Run_87/Radars_Run_87_sensor1.json,0087,1,1085.6
Training Data 3.zip,Run_87/Radars_Run_87_sensor3.json,0087,3,0.6
Training Data 3.zip,Run_87/Radars_Run_87_sensor2.json,0087,2,1502.4
Training Data 3.zip,Run_506/Radars_Run_506_sensor2.json,0506,2,1851.9
Training Data 3.zip,Run_506/Radars_Run_506_sensor3.json,0506,3,1963.4
Training Data 3.zip,Run_506/Radars_Run_506_sensor1.json,0506,1,963.4
Training Data 3.zip,Run_506/Radars_Run_506_sensor4.json,0506,4,696.9
Training Data 3.zip,Run_1074/Radars_Run_1074_sensor4.json,1074,4,1296.3
Training Data 3.zip,Run_1074/Radars_Run_1074_sensor1.json,1074,1,1296.6
Training Data 3.zip,Run_1074/Radars_Run_1074_sensor3.json,1074,3,2062.5
Training Data 3.zip,Run_1074/Radars_Run_1074_sensor2.json,1074,2,1545.0
Training Data 3.zip,Run_1090/Radars_Run_1090_sensor2.json,1090,2,1749.8
Training Data 3.zip,Run_1090/Radars_Run_1090_sensor3.json,1090,3,1507.8
Training Data 3.zip,Run_1090/Radars_Run_1090_sensor1.json,1090,1,898.3
Training Data 3.zip,Run_1090/Radars_Run_1090_sensor4.json,1090,4,648.0
Training Data 3.zip,Run_579/Radars_Run_579_sensor3.json,0579,3,0.6
Training Data 3.zip,Run_579/Radars_Run_579_sensor2.json,0579,2,2054.9
Training Data 3.zip,Run_579/Radars_Run_579_sensor4.json,0579,4,1490.4
Training Data 3.zip,Run_579/Radars_Run_579_sensor1.json,0579,1,1990.0
Training Data 3.zip,Run_1235/Radars_Run_1235_sensor3.json,1235,3,0.6
Training Data 3.zip,Run_1235/Radars_Run_1235_sensor2.json,1235,2,1244.6
Training Data 3.zip,Run_1235/Radars_Run_1235_sensor4.json,1235,4,1041.7
Training Data 3.zip,Run_1235/Radars_Run_1235_sensor1.json,1235,1,1079.0
Training Data 3.zip,Run_134/Radars_Run_134_sensor4.json,0134,4,677.0
Training Data 3.zip,Run_134/Radars_Run_134_sensor1.json,0134,1,938.3
Training Data 3.zip,Run_134/Radars_Run_134_sensor3.json,0134,3,1651.5
Training Data 3.zip,Run_134/Radars_Run_134_sensor2.json,0134,2,1396.0
Training Data 3.zip,Run_824/Radars_Run_824_sensor4.json,0824,4,1618.3
Training Data 3.zip,Run_824/Radars_Run_824_sensor1.json,0824,1,1866.0
Training Data 3.zip,Run_824/Radars_Run_824_sensor3.json,0824,3,0.6
Training Data 3.zip,Run_824/Radars_Run_824_sensor2.json,0824,2,1406.5
Training Data 3.zip,Run_115/Radars_Run_115_sensor1.json,0115,1,979.3
Training Data 3.zip,Run_115/Radars_Run_115_sensor4.json,0115,4,1041.7
Training Data 3.zip,Run_115/Radars_Run_115_sensor2.json,0115,2,1680.8
Training Data 3.zip,Run_115/Radars_Run_115_sensor3.json,0115,3,1718.2
Training Data 3.zip,Run_552/Radars_Run_552_sensor3.json,0552,3,1542.9
Training Data 3.zip,Run_552/Radars_Run_552_sensor2.json,0552,2,1182.2
Training Data 3.zip,Run_552/Radars_Run_552_sensor4.json,0552,4,997.8
Training Data 3.zip,Run_552/Radars_Run_552_sensor1.json,0552,1,954.8
Training Data 3.zip,Run_1226/Radars_Run_1226_sensor1.json,1226,1,610.6
Training Data 3.zip,Run_1226/Radars_Run_1226_sensor4.json,1226,4,523.4
Training Data 3.zip,Run_1226/Radars_Run_1226_sensor2.json,1226,2,843.8
Training Data 3.zip,Run_1226/Radars_Run_1226_sensor3.json,1226,3,916.0
Training Data 3.zip,Run_584/Radars_Run_584_sensor3.json,0584,3,0.6
Training Data 3.zip,Run_584/Radars_Run_584_sensor2.json,0584,2,1058.3
Training Data 3.zip,Run_584/Radars_Run_584_sensor4.json,0584,4,869.7
Training Data 3.zip,Run_584/Radars_Run_584_sensor1.json,0584,1,930.0
Training Data 3.zip,Run_614/Radars_Run_614_sensor3.json,0614,3,2176.1
Training Data 3.zip,Run_614/Radars_Run_614_sensor2.json,0614,2,2106.2
Training Data 3.zip,Run_614/Radars_Run_614_sensor4.json,0614,4,794.4
Training Data 3.zip,Run_614/Radars_Run_614_sensor1.json,0614,1,1093.5
Training Data 3.zip,Run_619/Radars_Run_619_sensor4.json,0619,4,1303.4
Training Data 3.zip,Run_619/Radars_Run_619_sensor1.json,0619,1,1409.0
Training Data 3.zip,Run_619/Radars_Run_619_sensor3.json,0619,3,3202.4
Training Data 3.zip,Run_619/Radars_Run_619_sensor2.json,0619,2,2786.8
Training Data 3.zip,Run_583/Radars_Run_583_sensor2.json,0583,2,772.0
Training Data 3.zip,Run_583/Radars_Run_583_sensor3.json,0583,3,0.6
Training Data 3.zip,Run_583/Radars_Run_583_sensor1.json,0583,1,974.7
Training Data 3.zip,Run_583/Radars_Run_583_sensor4.json,0583,4,1100.7
Training Data 3.zip,Run_937/Radars_Run_937_sensor2.json,0937,2,1323.5
Training Data 3.zip,Run_937/Radars_Run_937_sensor3.json,0937,3,1380.2
Training Data 3.zip,Run_937/Radars_Run_937_sensor1.json,0937,1,1213.5
Training Data 3.zip,Run_937/Radars_Run_937_sensor4.json,0937,4,880.1
Training Data 3.zip,Run_266/Radars_Run_266_sensor4.json,0266,4,1529.2
Training Data 3.zip,Run_266/Radars_Run_266_sensor1.json,0266,1,1415.5
Training Data 3.zip,Run_266/Radars_Run_266_sensor3.json,0266,3,846.1
Training Data 3.zip,Run_266/Radars_Run_266_sensor2.json,0266,2,765.1
Training Data 3.zip,Run_452/Radars_Run_452_sensor2.json,0452,2,888.6
Training Data 3.zip,Run_452/Radars_Run_452_sensor3.json,0452,3,0.6
Training Data 3.zip,Run_452/Radars_Run_452_sensor1.json,0452,1,869.8
Training Data 3.zip,Run_452/Radars_Run_452_sensor4.json,0452,4,1498.1
Training Data 3.zip,Run_891/Radars_Run_891_sensor3.json,0891,3,1319.1
Training Data 3.zip,Run_891/Radars_Run_891_sensor2.json,0891,2,1448.2
Training Data 3.zip,Run_891/Radars_Run_891_sensor4.json,0891,4,1330.3
Training Data 3.zip,Run_891/Radars_Run_891_sensor1.json,0891,1,2668.4
Training Data 3.zip,Run_770/Radars_Run_770_sensor3.json,0770,3,0.6
Training Data 3.zip,Run_770/Radars_Run_770_sensor2.json,0770,2,1056.3
Training Data 3.zip,Run_770/Radars_Run_770_sensor4.json,0770,4,907.9
Training Data 3.zip,Run_770/Radars_Run_770_sensor1.json,0770,1,1017.0
Training Data 3.zip,Run_1245/Radars_Run_1245_sensor1.json,1245,1,728.7
Training Data 3.zip,Run_1245/Radars_Run_1245_sensor4.json,1245,4,779.0
Training Data 3.zip,Run_1245/Radars_Run_1245_sensor2.json,1245,2,641.6
Training Data 3.zip,Run_1245/Radars_Run_1245_sensor3.json,1245,3,715.1
Training Data 3.zip,Run_11/Radars_Run_11_sensor3.json,0011,3,813.2
Training Data 3.zip,Run_11/Radars_Run_11_sensor2.json,0011,2,802.6
Training Data 3.zip,Run_11/Radars_Run_11_sensor4.json,0011,4,1506.5
Training Data 3.zip,Run_11/Radars_Run_11_sensor1.json,0011,1,1178.5
Training Data 3.zip,Run_1004/Radars_Run_1004_sensor2.json,1004,2,1199.9
Training Data 3.zip,Run_1004/Radars_Run_1004_sensor3.json,1004,3,544.6
Training Data 3.zip,Run_1004/Radars_Run_1004_sensor1.json,1004,1,760.6
Training Data 3.zip,Run_1004/Radars_Run_1004_sensor4.json,1004,4,573.1
Training Data 3.zip,Run_742/Radars_Run_742_sensor1.json,0742,1,1038.9
Training Data 3.zip,Run_742/Radars_Run_742_sensor4.json,0742,4,1043.9
Training Data 3.zip,Run_742/Radars_Run_742_sensor2.json,0742,2,1012.8
Training Data 3.zip,Run_742/Radars_Run_742_sensor3.json,0742,3,0.6
Training Data 3.zip,Run_546/Radars_Run_546_sensor1.json,0546,1,738.5
Training Data 3.zip,Run_546/Radars_Run_546_sensor4.json,0546,4,531.6
Training Data 3.zip,Run_546/Radars_Run_546_sensor2.json,0546,2,1428.5
Training Data 3.zip,Run_546/Radars_Run_546_sensor3.json,0546,3,1408.3
Training Data 3.zip,Run_101/Radars_Run_101_sensor3.json,0101,3,0.6
Training Data 3.zip,Run_101/Radars_Run_101_sensor2.json,0101,2,1015.7
Training Data 3.zip,Run_101/Radars_Run_101_sensor4.json,0101,4,1269.0
Training Data 3.zip,Run_101/Radars_Run_101_sensor1.json,0101,1,1186.3
Training Data 3.zip,Run_1/Radars_Run_1_sensor3.json,0001,3,1820.4
Training Data 3.zip,Run_1/Radars_Run_1_sensor2.json,0001,2,1597.8
Training Data 3.zip,Run_1/Radars_Run_1_sensor4.json,0001,4,1627.9
Training Data 3.zip,Run_1/Radars_Run_1_sensor1.json,0001,1,1639.2
Training Data 3.zip,Run_50/Radars_Run_50_sensor1.json,0050,1,1268.6
Training Data 3.zip,Run_50/Radars_Run_50_sensor4.json,0050,4,1258.1
Training Data 3.zip,Run_50/Radars_Run_50_sensor2.json,0050,2,2924.1
Training Data 3.zip,Run_50/Radars_Run_50_sensor3.json,0050,3,2205.9
Training Data 3.zip,Run_862/Radars_Run_862_sensor4.json,0862,4,1610.7
Training Data 3.zip,Run_862/Radars_Run_862_sensor1.json,0862,1,1692.6
Training Data 3.zip,Run_862/Radars_Run_862_sensor3.json,0862,3,1402.6
Training Data 3.zip,Run_862/Radars_Run_862_sensor2.json,0862,2,1429.7
Training Data 3.zip,Run_1236/Radars_Run_1236_sensor1.json,1236,1,911.4
Training Data 3.zip,Run_1236/Radars_Run_1236_sensor4.json,1236,4,656.4
Training Data 3.zip,Run_1236/Radars_Run_1236_sensor2.json,1236,2,1676.0
Training Data 3.zip,Run_1236/Radars_Run_1236_sensor3.json,1236,3,1839.8
Training Data 3.zip,Run_652/Radars_Run_652_sensor1.json,0652,1,1251.1
Training Data 3.zip,Run_652/Radars_Run_652_sensor4.json,0652,4,1260.0
Training Data 3.zip,Run_652/Radars_Run_652_sensor2.json,0652,2,2100.2
Training Data 3.zip,Run_652/Radars_Run_652_sensor3.json,0652,3,2279.0
Training Data 3.zip,Run_262/Radars_Run_262_sensor2.json,0262,2,1272.4
Training Data 3.zip,Run_262/Radars_Run_262_sensor3.json,0262,3,923.4
Training Data 3.zip,Run_262/Radars_Run_262_sensor1.json,0262,1,1963.5
Training Data 3.zip,Run_262/Radars_Run_262_sensor4.json,0262,4,1479.3
Training Data 3.zip,Run_268/Radars_Run_268_sensor1.json,0268,1,1520.7
Training Data 3.zip,Run_268/Radars_Run_268_sensor4.json,0268,4,1726.3
Training Data 3.zip,Run_268/Radars_Run_268_sensor2.json,0268,2,1137.4
Training Data 3.zip,Run_268/Radars_Run_268_sensor3.json,0268,3,1119.5
Training Data 3.zip,Run_658/Radars_Run_658_sensor3.json,0658,3,0.6
Training Data 3.zip,Run_658/Radars_Run_658_sensor2.json,0658,2,1450.8
Training Data 3.zip,Run_658/Radars_Run_658_sensor4.json,0658,4,905.8
Training Data 3.zip,Run_658/Radars_Run_658_sensor1.json,0658,1,1174.0
Training Data 3.zip,Run_357/Radars_Run_357_sensor3.json,0357,3,837.6
Training Data 3.zip,Run_357/Radars_Run_357_sensor2.json,0357,2,756.0
Training Data 3.zip,Run_357/Radars_Run_357_sensor4.json,0357,4,1579.2
Training Data 3.zip,Run_357/Radars_Run_357_sensor1.json,0357,1,1569.6
Training Data 3.zip,Run_1222/Radars_Run_1222_sensor3.json,1222,3,1385.7
Training Data 3.zip,Run_1222/Radars_Run_1222_sensor2.json,1222,2,1358.3
Training Data 3.zip,Run_1222/Radars_Run_1222_sensor4.json,1222,4,614.8
Training Data 3.zip,Run_1222/Radars_Run_1222_sensor1.json,1222,1,855.5
Training Data 3.zip,Run_98/Radars_Run_98_sensor3.json,0098,3,907.8
Training Data 3.zip,Run_98/Radars_Run_98_sensor2.json,0098,2,845.1
Training Data 3.zip,Run_98/Radars_Run_98_sensor4.json,0098,4,1213.2
Training Data 3.zip,Run_98/Radars_Run_98_sensor1.json,0098,1,1318.6
Training Data 3.zip,Run_949/Radars_Run_949_sensor2.json,0949,2,1262.3
Training Data 3.zip,Run_949/Radars_Run_949_sensor3.json,0949,3,1281.0
Training Data 3.zip,Run_949/Radars_Run_949_sensor1.json,0949,1,847.1
Training Data 3.zip,Run_949/Radars_Run_949_sensor4.json,0949,4,598.8
Training Data 3.zip,Run_610/Radars_Run_610_sensor4.json,0610,4,1131.3
Training Data 3.zip,Run_610/Radars_Run_610_sensor1.json,0610,1,1047.4
Training Data 3.zip,Run_610/Radars_Run_610_sensor3.json,0610,3,1258.3
Training Data 3.zip,Run_610/Radars_Run_610_sensor2.json,0610,2,1448.1
Training Data 3.zip,Run_667/Radars_Run_667_sensor1.json,0667,1,1015.4
Training Data 3.zip,Run_667/Radars_Run_667_sensor4.json,0667,4,943.7
Training Data 3.zip,Run_667/Radars_Run_667_sensor2.json,0667,2,578.3
Training Data 3.zip,Run_667/Radars_Run_667_sensor3.json,0667,3,589.4
Training Data 3.zip,Run_39/Radars_Run_39_sensor2.json,0039,2,1198.5
Training Data 3.zip,Run_39/Radars_Run_39_sensor3.json,0039,3,1223.1
Training Data 3.zip,Run_39/Radars_Run_39_sensor1.json,0039,1,1503.8
Training Data 3.zip,Run_39/Radars_Run_39_sensor4.json,0039,4,1662.4
Training Data 3.zip,Run_111/Radars_Run_111_sensor3.json,0111,3,1377.1
Training Data 3.zip,Run_111/Radars_Run_111_sensor2.json,0111,2,974.9
Training Data 3.zip,Run_111/Radars_Run_111_sensor4.json,0111,4,997.2
Training Data 3.zip,Run_111/Radars_Run_111_sensor1.json,0111,1,1390.4
Training Data 3.zip,Run_1180/Radars_Run_1180_sensor3.json,1180,3,851.5
Training Data 3.zip,Run_1180/Radars_Run_1180_sensor2.json,1180,2,834.6
Training Data 3.zip,Run_1180/Radars_Run_1180_sensor4.json,1180,4,507.8
Training Data 3.zip,Run_1180/Radars_Run_1180_sensor1.json,1180,1,719.0
Training Data 3.zip,Run_281/Radars_Run_281_sensor2.json,0281,2,1552.1
Training Data 3.zip,Run_281/Radars_Run_281_sensor3.json,0281,3,892.9
Training Data 3.zip,Run_281/Radars_Run_281_sensor1.json,0281,1,2120.6
Training Data 3.zip,Run_281/Radars_Run_281_sensor4.json,0281,4,1374.6
Training Data 3.zip,Run_577/Radars_Run_577_sensor4.json,0577,4,888.3
Training Data 3.zip,Run_577/Radars_Run_577_sensor1.json,0577,1,930.5
Training Data 3.zip,Run_577/Radars_Run_577_sensor3.json,0577,3,0.6
Training Data 3.zip,Run_577/Radars_Run_577_sensor2.json,0577,2,1264.0
Training Data 3.zip,Run_927/Radars_Run_927_sensor4.json,0927,4,1245.5
Training Data 3.zip,Run_927/Radars_Run_927_sensor1.json,0927,1,1491.6
Training Data 3.zip,Run_927/Radars_Run_927_sensor3.json,0927,3,0.6
Training Data 3.zip,Run_927/Radars_Run_927_sensor2.json,0927,2,1410.5
Training Data 3.zip,Run_239/Radars_Run_239_sensor1.json,0239,1,1116.7
Training Data 3.zip,Run_239/Radars_Run_239_sensor4.json,0239,4,1233.3
Training Data 3.zip,Run_239/Radars_Run_239_sensor2.json,0239,2,1812.6
Training Data 3.zip,Run_239/Radars_Run_239_sensor3.json,0239,3,2647.4
Training Data 3.zip,Run_986/Radars_Run_986_sensor1.json,0986,1,591.3
Training Data 3.zip,Run_986/Radars_Run_986_sensor4.json,0986,4,625.6
Training Data 3.zip,Run_986/Radars_Run_986_sensor2.json,0986,2,1814.2
Training Data 3.zip,Run_986/Radars_Run_986_sensor3.json,0986,3,1012.7
Training Data 3.zip,Run_1203/Radars_Run_1203_sensor2.json,1203,2,740.4
Training Data 3.zip,Run_1203/Radars_Run_1203_sensor3.json,1203,3,832.6
Training Data 3.zip,Run_1203/Radars_Run_1203_sensor1.json,1203,1,1151.7
Training Data 3.zip,Run_1203/Radars_Run_1203_sensor4.json,1203,4,958.0
Training Data 3.zip,Run_1094/Radars_Run_1094_sensor2.json,1094,2,1313.3
Training Data 3.zip,Run_1094/Radars_Run_1094_sensor3.json,1094,3,1278.8
Training Data 3.zip,Run_1094/Radars_Run_1094_sensor1.json,1094,1,1766.4
Training Data 3.zip,Run_1094/Radars_Run_1094_sensor4.json,1094,4,1359.6
Training Data 3.zip,Run_1070/Radars_Run_1070_sensor4.json,1070,4,657.5
Training Data 3.zip,Run_1070/Radars_Run_1070_sensor1.json,1070,1,910.5
Training Data 3.zip,Run_1070/Radars_Run_1070_sensor3.json,1070,3,946.8
Training Data 3.zip,Run_1070/Radars_Run_1070_sensor2.json,1070,2,964.6
Training Data 3.zip,Run_298/Radars_Run_298_sensor3.json,0298,3,1845.7
Training Data 3.zip,Run_298/Radars_Run_298_sensor2.json,0298,2,1666.8
Training Data 3.zip,Run_298/Radars_Run_298_sensor4.json,0298,4,794.9
Training Data 3.zip,Run_298/Radars_Run_298_sensor1.json,0298,1,1096.7
Training Data 3.zip,Run_631/Radars_Run_631_sensor4.json,0631,4,619.4
Training Data 3.zip,Run_631/Radars_Run_631_sensor1.json,0631,1,872.2
Training Data 3.zip,Run_631/Radars_Run_631_sensor3.json,0631,3,1411.9
Training Data 3.zip,Run_631/Radars_Run_631_sensor2.json,0631,2,1447.4
Training Data 4.zip,Run_463/Radars_Run_463_sensor4.json,0463,4,583.1
Training Data 4.zip,Run_463/Radars_Run_463_sensor1.json,0463,1,637.1
Training Data 4.zip,Run_463/Radars_Run_463_sensor3.json,0463,3,1249.9
Training Data 4.zip,Run_463/Radars_Run_463_sensor2.json,0463,2,742.1
Training Data 4.zip,Run_451/Radars_Run_451_sensor1.json,0451,1,508.5
Training Data 4.zip,Run_451/Radars_Run_451_sensor4.json,0451,4,363.4
Training Data 4.zip,Run_451/Radars_Run_451_sensor2.json,0451,2,840.0
Training Data 4.zip,Run_451/Radars_Run_451_sensor3.json,0451,3,799.7
Training Data 4.zip,Run_906/Radars_Run_906_sensor4.json,0906,4,1163.5
Training Data 4.zip,Run_906/Radars_Run_906_sensor1.json,0906,1,1239.1
Training Data 4.zip,Run_906/Radars_Run_906_sensor3.json,0906,3,1142.4
Training Data 4.zip,Run_906/Radars_Run_906_sensor2.json,0906,2,2103.8
Training Data 4.zip,Run_876/Radars_Run_876_sensor4.json,0876,4,851.0
Training Data 4.zip,Run_876/Radars_Run_876_sensor1.json,0876,1,970.2
Training Data 4.zip,Run_876/Radars_Run_876_sensor3.json,0876,3,1283.1
Training Data 4.zip,Run_876/Radars_Run_876_sensor2.json,0876,2,1219.5
Training Data 4.zip,Run_1148/Radars_Run_1148_sensor3.json,1148,3,846.7
Training Data 4.zip,Run_1148/Radars_Run_1148_sensor2.json,1148,2,942.4
Training Data 4.zip,Run_1148/Radars_Run_1148_sensor4.json,1148,4,1132.0
Training Data 4.zip,Run_1148/Radars_Run_1148_sensor1.json,1148,1,1413.7
Training Data 4.zip,Run_556/Radars_Run_556_sensor3.json,0556,3,1794.4
Training Data 4.zip,Run_556/Radars_Run_556_sensor2.json,0556,2,1275.3
Training Data 4.zip,Run_556/Radars_Run_556_sensor4.json,0556,4,1210.0
Training Data 4.zip,Run_556/Radars_Run_556_sensor1.json,0556,1,1050.1
Training Data 4.zip,Run_1032/Radars_Run_1032_sensor2.json,1032,2,697.6
Training Data 4.zip,Run_1032/Radars_Run_1032_sensor3.json,1032,3,706.1
Training Data 4.zip,Run_1032/Radars_Run_1032_sensor1.json,1032,1,1182.2
Training Data 4.zip,Run_1032/Radars_Run_1032_sensor4.json,1032,4,1171.0
Training Data 4.zip,Run_7/Radars_Run_7_sensor2.json,0007,2,2105.6
Training Data 4.zip,Run_7/Radars_Run_7_sensor3.json,0007,3,0.6
Training Data 4.zip,Run_7/Radars_Run_7_sensor1.json,0007,1,2111.7
Training Data 4.zip,Run_7/Radars_Run_7_sensor4.json,0007,4,1926.0
Training Data 4.zip,Run_655/Radars_Run_655_sensor4.json,0655,4,1695.6
Training Data 4.zip,Run_655/Radars_Run_655_sensor1.json,0655,1,1378.7
Training Data 4.zip,Run_655/Radars_Run_655_sensor3.json,0655,3,1322.7
Training Data 4.zip,Run_655/Radars_Run_655_sensor2.json,0655,2,1136.1
Training Data 4.zip,Run_1187/Radars_Run_1187_sensor1.json,1187,1,1550.5
Training Data 4.zip,Run_1187/Radars_Run_1187_sensor4.json,1187,4,1281.5
Training Data 4.zip,Run_1187/Radars_Run_1187_sensor2.json,1187,2,1447.4
Training Data 4.zip,Run_1187/Radars_Run_1187_sensor3.json,1187,3,0.6
Training Data 4.zip,Run_1064/Radars_Run_1064_sensor4.json,1064,4,1024.3
Training Data 4.zip,Run_1064/Radars_Run_1064_sensor1.json,1064,1,928.8
Training Data 4.zip,Run_1064/Radars_Run_1064_sensor3.json,1064,3,1427.9
Training Data 4.zip,Run_1064/Radars_Run_1064_sensor2.json,1064,2,885.1
Training Data 4.zip,Run_130/Radars_Run_130_sensor2.json,0130,2,883.3
Training Data 4.zip,Run_130/Radars_Run_130_sensor3.json,0130,3,895.9
Training Data 4.zip,Run_130/Radars_Run_130_sensor1.json,0130,1,1112.2
Training Data 4.zip,Run_130/Radars_Run_130_sensor4.json,0130,4,820.7
Training Data 4.zip,Run_1056/Radars_Run_1056_sensor4.json,1056,4,655.0
Training Data 4.zip,Run_1056/Radars_Run_1056_sensor1.json,1056,1,766.4
Training Data 4.zip,Run_1056/Radars_Run_1056_sensor3.json,1056,3,513.4
Training Data 4.zip,Run_1056/Radars_Run_1056_sensor2.json,1056,2,539.8
Training Data 4.zip,Run_736/Radars_Run_736_sensor1.json,0736,1,551.8
Training Data 4.zip,Run_736/Radars_Run_736_sensor4.json,0736,4,393.0
Training Data 4.zip,Run_736/Radars_Run_736_sensor2.json,0736,2,1009.8
Training Data 4.zip,Run_736/Radars_Run_736_sensor3.json,0736,3,1664.6
Training Data 4.zip,Run_276/Radars_Run_276_sensor1.json,0276,1,1448.4
Training Data 4.zip,Run_276/Radars_Run_276_sensor4.json,0276,4,1416.7
Training Data 4.zip,Run_276/Radars_Run_276_sensor2.json,0276,2,1493.0
Training Data 4.zip,Run_276/Radars_Run_276_sensor3.json,0276,3,2192.0
Training Data 4.zip,Run_75/Radars_Run_75_sensor2.json,0075,2,848.5
Training Data 4.zip,Run_75/Radars_Run_75_sensor3.json,0075,3,985.4
Training Data 4.zip,Run_75/Radars_Run_75_sensor1.json,0075,1,654.0
Training Data 4.zip,Run_75/Radars_Run_75_sensor4.json,0075,4,532.3
Training Data 4.zip,Run_72/Radars_Run_72_sensor4.json,0072,4,480.8
Training Data 4.zip,Run_72/Radars_Run_72_sensor1.json,0072,1,683.8
Training Data 4.zip,Run_72/Radars_Run_72_sensor3.json,0072,3,1301.7
Training Data 4.zip,Run_72/Radars_Run_72_sensor2.json,0072,2,1265.8
Training Data 4.zip,Run_271/Radars_Run_271_sensor4.json,0271,4,1551.7
Training Data 4.zip,Run_271/Radars_Run_271_sensor1.json,0271,1,2291.8
Training Data 4.zip,Run_271/Radars_Run_271_sensor3.json,0271,3,1744.2
Training Data 4.zip,Run_271/Radars_Run_271_sensor2.json,0271,2,1503.4
Training Data 4.zip,Run_815/Radars_Run_815_sensor4.json,0815,4,856.5
Training Data 4.zip,Run_815/Radars_Run_815_sensor1.json,0815,1,907.4
Training Data 4.zip,Run_815/Radars_Run_815_sensor3.json,0815,3,1393.4
Training Data 4.zip,Run_815/Radars_Run_815_sensor2.json,0815,2,1214.6
Training Data 4.zip,Run_1121/Radars_Run_1121_sensor2.json,1121,2,1194.9
Training Data 4.zip,Run_1121/Radars_Run_1121_sensor3.json,1121,3,1283.7
Training Data 4.zip,Run_1121/Radars_Run_1121_sensor1.json,1121,1,818.2
Training Data 4.zip,Run_1121/Radars_Run_1121_sensor4.json,1121,4,584.2
Training Data 4.zip,Run_243/Radars_Run_243_sensor2.json,0243,2,1145.9
Training Data 4.zip,Run_243/Radars_Run_243_sensor3.json,0243,3,0.6
Training Data 4.zip,Run_243/Radars_Run_243_sensor1.json,0243,1,1487.2
Training Data 4.zip,Run_243/Radars_Run_243_sensor4.json,0243,4,1478.9
Training Data 4.zip,Run_234/Radars_Run_234_sensor2.json,0234,2,1233.9
Training Data 4.zip,Run_234/Radars_Run_234_sensor3.json,0234,3,0.6
Training Data 4.zip,Run_234/Radars_Run_234_sensor1.json,0234,1,1285.8
Training Data 4.zip,Run_234/Radars_Run_234_sensor4.json,0234,4,1405.3
Training Data 4.zip,Run_728/Radars_Run_728_sensor3.json,0728,3,713.0
Training Data 4.zip,Run_728/Radars_Run_728_sensor2.json,0728,2,984.3
Training Data 4.zip,Run_728/Radars_Run_728_sensor4.json,0728,4,1037.7
Training Data 4.zip,Run_728/Radars_Run_728_sensor1.json,0728,1,1075.0
Training Data 4.zip,Run_215/Radars_Run_215_sensor2.json,0215,2,1041.0
Training Data 4.zip,Run_215/Radars_Run_215_sensor3.json,0215,3,1101.3
Training Data 4.zip,Run_215/Radars_Run_215_sensor1.json,0215,1,1541.4
Training Data 4.zip,Run_215/Radars_Run_215_sensor4.json,0215,4,1324.4
Training Data 4.zip,Run_365/Radars_Run_365_sensor2.json,0365,2,738.8
Training Data 4.zip,Run_365/Radars_Run_365_sensor3.json,0365,3,799.9
Training Data 4.zip,Run_365/Radars_Run_365_sensor1.json,0365,1,1375.8
Training Data 4.zip,Run_365/Radars_Run_365_sensor4.json,0365,4,929.0
Training Data 4.zip,Run_895/Radars_Run_895_sensor1.json,0895,1,2003.1
Training Data 4.zip,Run_895/Radars_Run_895_sensor4.json,0895,4,1738.6
Training Data 4.zip,Run_895/Radars_Run_895_sensor2.json,0895,2,1164.6
Training Data 4.zip,Run_895/Radars_Run_895_sensor3.json,0895,3,1126.0
Training Data 4.zip,Run_944/Radars_Run_944_sensor1.json,0944,1,1058.0
Training Data 4.zip,Run_944/Radars_Run_944_sensor4.json,0944,4,1010.3
Training Data 4.zip,Run_944/Radars_Run_944_sensor2.json,0944,2,1612.6
Training Data 4.zip,Run_944/Radars_Run_944_sensor3.json,0944,3,1579.3
Training Data 4.zip,Run_1177/Radars_Run_1177_sensor4.json,1177,4,938.3
Training Data 4.zip,Run_1177/Radars_Run_1177_sensor1.json,1177,1,849.4
Training Data 4.zip,Run_1177/Radars_Run_1177_sensor3.json,1177,3,600.6
Training Data 4.zip,Run_1177/Radars_Run_1177_sensor2.json,1177,2,632.8
Training Data 4.zip,Run_159/Radars_Run_159_sensor1.json,0159,1,1341.7
Training Data 4.zip,Run_159/Radars_Run_159_sensor4.json,0159,4,1120.6
Training Data 4.zip,Run_159/Radars_Run_159_sensor2.json,0159,2,1074.9
Training Data 4.zip,Run_159/Radars_Run_159_sensor3.json,0159,3,0.6
Training Data 4.zip,Run_480/Radars_Run_480_sensor2.json,0480,2,797.9
Training Data 4.zip,Run_480/Radars_Run_480_sensor3.json,0480,3,805.9
Training Data 4.zip,Run_480/Radars_Run_480_sensor1.json,0480,1,1389.8
Training Data 4.zip,Run_480/Radars_Run_480_sensor4.json,0480,4,1449.3
Training Data 4.zip,Run_680/Radars_Run_680_sensor4.json,0680,4,1581.9
Training Data 4.zip,Run_680/Radars_Run_680_sensor1.json,0680,1,1567.0
Training Data 4.zip,Run_680/Radars_Run_680_sensor3.json,0680,3,719.7
Training Data 4.zip,Run_680/Radars_Run_680_sensor2.json,0680,2,771.8
Training Data 4.zip,Run_769/Radars_Run_769_sensor1.json,0769,1,983.8
Training Data 4.zip,Run_769/Radars_Run_769_sensor4.json,0769,4,1028.9
Training Data 4.zip,Run_769/Radars_Run_769_sensor2.json,0769,2,868.9
Training Data 4.zip,Run_769/Radars_Run_769_sensor3.json,0769,3,0.6
Training Data 4.zip,Run_1141/Radars_Run_1141_sensor2.json,1141,2,818.6
Training Data 4.zip,Run_1141/Radars_Run_1141_sensor3.json,1141,3,821.1
Training Data 4.zip,Run_1141/Radars_Run_1141_sensor1.json,1141,1,1351.7
Training Data 4.zip,Run_1141/Radars_Run_1141_sensor4.json,1141,4,1383.4
Training Data 4.zip,Run_340/Radars_Run_340_sensor4.json,0340,4,1092.6
Training Data 4.zip,Run_340/Radars_Run_340_sensor1.json,0340,1,1166.3
Training Data 4.zip,Run_340/Radars_Run_340_sensor3.json,0340,3,994.0
Training Data 4.zip,Run_340/Radars_Run_340_sensor2.json,0340,2,1046.4
Training Data 4.zip,Run_1083/Radars_Run_1083_sensor1.json,1083,1,2032.0
Training Data 4.zip,Run_1083/Radars_Run_1083_sensor4.json,1083,4,1098.4
Training Data 4.zip,Run_1083/Radars_Run_1083_sensor2.json,1083,2,963.4
Training Data 4.zip,Run_1083/Radars_Run_1083_sensor3.json,1083,3,928.0
Training Data 4.zip,Run_1089/Radars_Run_1089_sensor1.json,1089,1,1089.6
Training Data 4.zip,Run_1089/Radars_Run_1089_sensor4.json,1089,4,995.7
Training Data 4.zip,Run_1089/Radars_Run_1089_sensor2.json,1089,2,664.4
Training Data 4.zip,Run_1089/Radars_Run_1089_sensor3.json,1089,3,672.6
Training Data 4.zip,Run_479/Radars_Run_479_sensor2.json,0479,2,1323.8
Training Data 4.zip,Run_479/Radars_Run_479_sensor3.json,0479,3,0.6
Training Data 4.zip,Run_479/Radars_Run_479_sensor1.json,0479,1,1112.6
Training Data 4.zip,Run_479/Radars_Run_479_sensor4.json,0479,4,1233.1
Training Data 4.zip,Run_1158/Radars_Run_1158_sensor4.json,1158,4,1058.4
Training Data 4.zip,Run_1158/Radars_Run_1158_sensor1.json,1158,1,987.4
Training Data 4.zip,Run_1158/Radars_Run_1158_sensor3.json,1158,3,829.4
Training Data 4.zip,Run_1158/Radars_Run_1158_sensor2.json,1158,2,772.5
Training Data 4.zip,Run_536/Radars_Run_536_sensor4.json,0536,4,1072.2
Training Data 4.zip,Run_536/Radars_Run_536_sensor1.json,0536,1,1136.7
Training Data 4.zip,Run_536/Radars_Run_536_sensor3.json,0536,3,1308.6
Training Data 4.zip,Run_536/Radars_Run_536_sensor2.json,0536,2,1219.4
Training Data 4.zip,Run_49/Radars_Run_49_sensor4.json,0049,4,1935.0
Training Data 4.zip,Run_49/Radars_Run_49_sensor1.json,0049,1,3125.1
Training Data 4.zip,Run_49/Radars_Run_49_sensor3.json,0049,3,1703.3
Training Data 4.zip,Run_49/Radars_Run_49_sensor2.json,0049,2,1813.8
Training Data 4.zip,Run_1041/Radars_Run_1041_sensor2.json,1041,2,3360.5
Training Data 4.zip,Run_1041/Radars_Run_1041_sensor3.json,1041,3,2691.0
Training Data 4.zip,Run_1041/Radars_Run_1041_sensor1.json,1041,1,1750.0
Training Data 4.zip,Run_1041/Radars_Run_1041_sensor4.json,1041,4,1733.8
Training Data 4.zip,Run_422/Radars_Run_422_sensor2.json,0422,2,914.0
Training Data 4.zip,Run_422/Radars_Run_422_sensor3.json,0422,3,998.5
Training Data 4.zip,Run_422/Radars_Run_422_sensor1.json,0422,1,552.0
Training Data 4.zip,Run_422/Radars_Run_422_sensor4.json,0422,4,394.0
Training Data 4.zip,Run_216/Radars_Run_216_sensor2.json,0216,2,1665.9
Training Data 4.zip,Run_216/Radars_Run_216_sensor3.json,0216,3,2068.2
Training Data 4.zip,Run_216/Radars_Run_216_sensor1.json,0216,1,1071.0
Training Data 4.zip,Run_216/Radars_Run_216_sensor4.json,0216,4,763.9
Training Data 4.zip,Run_1103/Radars_Run_1103_sensor1.json,1103,1,1696.8
Training Data 4.zip,Run_1103/Radars_Run_1103_sensor4.json,1103,4,1749.2
Training Data 4.zip,Run_1103/Radars_Run_1103_sensor2.json,1103,2,1571.3
Training Data 4.zip,Run_1103/Radars_Run_1103_sensor3.json,1103,3,1596.2
Training Data 4.zip,Run_354/Radars_Run_354_sensor2.json,0354,2,1233.4
Training Data 4.zip,Run_354/Radars_Run_354_sensor3.json,0354,3,1477.7
Training Data 4.zip,Run_354/Radars_Run_354_sensor1.json,0354,1,871.9
Training Data 4.zip,Run_354/Radars_Run_354_sensor4.json,0354,4,627.1
Training Data 4.zip,Run_253/Radars_Run_253_sensor1.json,0253,1,1412.1
Training Data 4.zip,Run_253/Radars_Run_253_sensor4.json,0253,4,1327.6
Training Data 4.zip,Run_253/Radars_Run_253_sensor2.json,0253,2,2269.2
Training Data 4.zip,Run_253/Radars_Run_253_sensor3.json,0253,3,0.6
Training Data 4.zip,Run_329/Radars_Run_329_sensor1.json,0329,1,685.7
Training Data 4.zip,Run_329/Radars_Run_329_sensor4.json,0329,4,482.2
Training Data 4.zip,Run_329/Radars_Run_329_sensor2.json,0329,2,1142.3
Training Data 4.zip,Run_329/Radars_Run_329_sensor3.json,0329,3,1793.4
Training Data 4.zip,Run_754/Radars_Run_754_sensor2.json,0754,2,1221.3
Training Data 4.zip,Run_754/Radars_Run_754_sensor3.json,0754,3,1385.1
Training Data 4.zip,Run_754/Radars_Run_754_sensor1.json,0754,1,776.9
Training Data 4.zip,Run_754/Radars_Run_754_sensor4.json,0754,4,550.1
Training Data 4.zip,Run_1208/Radars_Run_1208_sensor1.json,1208,1,812.4
Training Data 4.zip,Run_1208/Radars_Run_1208_sensor4.json,1208,4,576.0
Training Data 4.zip,Run_1208/Radars_Run_1208_sensor2.json,1208,2,1360.2
Training Data 4.zip,Run_1208/Radars_Run_1208_sensor3.json,1208,3,1413.9
Training Data 4.zip,Run_52/Radars_Run_52_sensor2.json,0052,2,2022.5
Training Data 4.zip,Run_52/Radars_Run_52_sensor3.json,0052,3,0.6
Training Data 4.zip,Run_52/Radars_Run_52_sensor1.json,0052,1,1018.2
Training Data 4.zip,Run_52/Radars_Run_52_sensor4.json,0052,4,974.4
Training Data 4.zip,Run_79/Radars_Run_79_sensor2.json,0079,2,1138.7
Training Data 4.zip,Run_79/Radars_Run_79_sensor3.json,0079,3,1419.1
Training Data 4.zip,Run_79/Radars_Run_79_sensor1.json,0079,1,803.7
Training Data 4.zip,Run_79/Radars_Run_79_sensor4.json,0079,4,579.3
Training Data 4.zip,Run_1223/Radars_Run_1223_sensor3.json,1223,3,0.6
Training Data 4.zip,Run_1223/Radars_Run_1223_sensor2.json,1223,2,1290.7
Training Data 4.zip,Run_1223/Radars_Run_1223_sensor4.json,1223,4,1090.0
Training Data 4.zip,Run_1223/Radars_Run_1223_sensor1.json,1223,1,1364.0
Training Data 4.zip,Run_913/Radars_Run_913_sensor4.json,0913,4,1256.7
Training Data 4.zip,Run_913/Radars_Run_913_sensor1.json,0913,1,1406.0
Training Data 4.zip,Run_913/Radars_Run_913_sensor3.json,0913,3,1123.4
Training Data 4.zip,Run_913/Radars_Run_913_sensor2.json,0913,2,1031.8
Training Data 4.zip,Run_439/Radars_Run_439_sensor2.json,0439,2,1131.9
Training Data 4.zip,Run_439/Radars_Run_439_sensor3.json,0439,3,1335.5
Training Data 4.zip,Run_439/Radars_Run_439_sensor1.json,0439,1,869.9
Training Data 4.zip,Run_439/Radars_Run_439_sensor4.json,0439,4,629.1
Training Data 4.zip,Run_696/Radars_Run_696_sensor3.json,0696,3,1307.0
Training Data 4.zip,Run_696/Radars_Run_696_sensor2.json,0696,2,1431.2
Training Data 4.zip,Run_696/Radars_Run_696_sensor4.json,0696,4,751.1
Training Data 4.zip,Run_696/Radars_Run_696_sensor1.json,0696,1,1059.0
Training Data 4.zip,Run_926/Radars_Run_926_sensor4.json,0926,4,800.0
Training Data 4.zip,Run_926/Radars_Run_926_sensor1.json,0926,1,1011.2
Training Data 4.zip,Run_926/Radars_Run_926_sensor3.json,0926,3,1238.0
Training Data 4.zip,Run_926/Radars_Run_926_sensor2.json,0926,2,1794.5
Training Data 4.zip,Run_370/Radars_Run_370_sensor4.json,0370,4,1078.7
Training Data 4.zip,Run_370/Radars_Run_370_sensor1.json,0370,1,941.7
Training Data 4.zip,Run_370/Radars_Run_370_sensor3.json,0370,3,745.8
Training Data 4.zip,Run_370/Radars_Run_370_sensor2.json,0370,2,684.6
Training Data 4.zip,Run_1076/Radars_Run_1076_sensor2.json,1076,2,2458.3
Training Data 4.zip,Run_1076/Radars_Run_1076_sensor3.json,1076,3,2882.8
Training Data 4.zip,Run_1076/Radars_Run_1076_sensor1.json,1076,1,818.0
Training Data 4.zip,Run_1076/Radars_Run_1076_sensor4.json,1076,4,850.9
Training Data 4.zip,Run_611/Radars_Run_611_sensor1.json,0611,1,1111.9
Training Data 4.zip,Run_611/Radars_Run_611_sensor4.json,0611,4,803.7
Training Data 4.zip,Run_611/Radars_Run_611_sensor2.json,0611,2,2081.6
Training Data 4.zip,Run_611/Radars_Run_611_sensor3.json,0611,3,1931.6
Training Data 4.zip,Run_520/Radars_Run_520_sensor1.json,0520,1,617.1
Training Data 4.zip,Run_520/Radars_Run_520_sensor4.json,0520,4,442.1
Training Data 4.zip,Run_520/Radars_Run_520_sensor2.json,0520,2,1088.7
Training Data 4.zip,Run_520/Radars_Run_520_sensor3.json,0520,3,1051.3
Training Data 4.zip,Run_893/Radars_Run_893_sensor1.json,0893,1,818.7
Training Data 4.zip,Run_893/Radars_Run_893_sensor4.json,0893,4,871.6
Training Data 4.zip,Run_893/Radars_Run_893_sensor2.json,0893,2,798.6
Training Data 4.zip,Run_893/Radars_Run_893_sensor3.json,0893,3,643.3
Training Data 4.zip,Run_183/Radars_Run_183_sensor2.json,0183,2,998.3
Training Data 4.zip,Run_183/Radars_Run_183_sensor3.json,0183,3,1010.7
Training Data 4.zip,Run_183/Radars_Run_183_sensor1.json,0183,1,1619.1
Training Data 4.zip,Run_183/Radars_Run_183_sensor4.json,0183,4,1043.4
Training Data 4.zip,Run_10/Radars_Run_10_sensor3.json,0010,3,576.0
Training Data 4.zip,Run_10/Radars_Run_10_sensor2.json,0010,2,567.1
Training Data 4.zip,Run_10/Radars_Run_10_sensor4.json,0010,4,916.3
Training Data 4.zip,Run_10/Radars_Run_10_sensor1.json,0010,1,1036.6
Training Data 4.zip,Run_559/Radars_Run_559_sensor4.json,0559,4,1034.0
Training Data 4.zip,Run_559/Radars_Run_559_sensor1.json,0559,1,1127.7
Training Data 4.zip,Run_559/Radars_Run_559_sensor3.json,0559,3,0.6
Training Data 4.zip,Run_559/Radars_Run_559_sensor2.json,0559,2,1130.2
Training Data 4.zip,Run_897/Radars_Run_897_sensor4.json,0897,4,618.8
Training Data 4.zip,Run_897/Radars_Run_897_sensor1.json,0897,1,857.8
Training Data 4.zip,Run_897/Radars_Run_897_sensor3.json,0897,3,1348.1
Training Data 4.zip,Run_897/Radars_Run_897_sensor2.json,0897,2,1371.2
Training Data 4.zip,Run_561/Radars_Run_561_sensor2.json,0561,2,1461.0
Training Data 4.zip,Run_561/Radars_Run_561_sensor3.json,0561,3,1515.3
Training Data 4.zip,Run_561/Radars_Run_561_sensor1.json,0561,1,1140.4
Training Data 4.zip,Run_561/Radars_Run_561_sensor4.json,0561,4,1136.2
Training Data 4.zip,Run_662/Radars_Run_662_sensor2.json,0662,2,1029.5
Training Data 4.zip,Run_662/Radars_Run_662_sensor3.json,0662,3,1135.7
Training Data 4.zip,Run_662/Radars_Run_662_sensor1.json,0662,1,682.7
Training Data 4.zip,Run_662/Radars_Run_662_sensor4.json,0662,4,491.6
Training Data 4.zip,Run_781/Radars_Run_781_sensor3.json,0781,3,1004.4
Training Data 4.zip,Run_781/Radars_Run_781_sensor2.json,0781,2,1002.2
Training Data 4.zip,Run_781/Radars_Run_781_sensor4.json,0781,4,1412.4
Training Data 4.zip,Run_781/Radars_Run_781_sensor1.json,0781,1,1089.5
Training Data 4.zip,Run_322/Radars_Run_322_sensor4.json,0322,4,720.0
Training Data 4.zip,Run_322/Radars_Run_322_sensor1.json,0322,1,656.6
Training Data 4.zip,Run_322/Radars_Run_322_sensor3.json,0322,3,873.8
Training Data 4.zip,Run_322/Radars_Run_322_sensor2.json,0322,2,1099.2
Training Data 4.zip,Run_983/Radars_Run_983_sensor3.json,0983,3,1047.6
Training Data 4.zip,Run_983/Radars_Run_983_sensor2.json,0983,2,931.6
Training Data 4.zip,Run_983/Radars_Run_983_sensor4.json,0983,4,1266.5
Training Data 4.zip,Run_983/Radars_Run_983_sensor1.json,0983,1,1228.9
Training Data 4.zip,Run_967/Radars_Run_967_sensor4.json,0967,4,540.3
Training Data 4.zip,Run_967/Radars_Run_967_sensor1.json,0967,1,750.9
Training Data 4.zip,Run_967/Radars_Run_967_sensor3.json,0967,3,1728.0
Training Data 4.zip,Run_967/Radars_Run_967_sensor2.json,0967,2,1252.7
Training Data 4.zip,Run_649/Radars_Run_649_sensor4.json,0649,4,1941.9
Training Data 4.zip,Run_649/Radars_Run_649_sensor1.json,0649,1,2146.5
Training Data 4.zip,Run_649/Radars_Run_649_sensor3.json,0649,3,1261.0
Training Data 4.zip,Run_649/Radars_Run_649_sensor2.json,0649,2,1257.5
Training Data 4.zip,Run_374/Radars_Run_374_sensor1.json,0374,1,789.1
Training Data 4.zip,Run_374/Radars_Run_374_sensor4.json,0374,4,558.5
Training Data 4.zip,Run_374/Radars_Run_374_sensor2.json,0374,2,1591.5
Training Data 4.zip,Run_374/Radars_Run_374_sensor3.json,0374,3,1688.5
Training Data 4.zip,Run_279/Radars_Run_279_sensor3.json,0279,3,1772.6
Training Data 4.zip,Run_279/Radars_Run_279_sensor2.json,0279,2,1581.7
Training Data 4.zip,Run_279/Radars_Run_279_sensor4.json,0279,4,717.0
Training Data 4.zip,Run_279/Radars_Run_279_sensor1.json,0279,1,991.1
Training Data 4.zip,Run_390/Radars_Run_390_sensor4.json,0390,4,1666.6
Training Data 4.zip,Run_390/Radars_Run_390_sensor1.json,0390,1,1433.4
Training Data 4.zip,Run_390/Radars_Run_390_sensor3.json,0390,3,797.7
Training Data 4.zip,Run_390/Radars_Run_390_sensor2.json,0390,2,743.4
Training Data 4.zip,Run_596/Radars_Run_596_sensor4.json,0596,4,844.0
Training Data 4.zip,Run_596/Radars_Run_596_sensor1.json,0596,1,1079.5
Training Data 4.zip,Run_596/Radars_Run_596_sensor3.json,0596,3,2427.5
Training Data 4.zip,Run_596/Radars_Run_596_sensor2.json,0596,2,2472.4
Training Data 4.zip,Run_331/Radars_Run_331_sensor4.json,0331,4,1054.2
Training Data 4.zip,Run_331/Radars_Run_331_sensor1.json,0331,1,1094.8
Training Data 4.zip,Run_331/Radars_Run_331_sensor3.json,0331,3,960.5
Training Data 4.zip,Run_331/Radars_Run_331_sensor2.json,0331,2,1034.2
Training Data 4.zip,Run_346/Radars_Run_346_sensor4.json,0346,4,665.6
Training Data 4.zip,Run_346/Radars_Run_346_sensor1.json,0346,1,923.2
Training Data 4.zip,Run_346/Radars_Run_346_sensor3.json,0346,3,1488.6
Training Data 4.zip,Run_346/Radars_Run_346_sensor2.json,0346,2,1693.8
Training Data 4.zip,Run_236/Radars_Run_236_sensor2.json,0236,2,830.2
Training Data 4.zip,Run_236/Radars_Run_236_sensor3.json,0236,3,895.0
Training Data 4.zip,Run_236/Radars_Run_236_sensor1.json,0236,1,1174.6
Training Data 4.zip,Run_236/Radars_Run_236_sensor4.json,0236,4,1295.2
Training Data 4.zip,Run_38/Radars_Run_38_sensor1.json,0038,1,737.4
Training Data 4.zip,Run_38/Radars_Run_38_sensor4.json,0038,4,517.1
Training Data 4.zip,Run_38/Radars_Run_38_sensor2.json,0038,2,911.6
Training Data 4.zip,Run_38/Radars_Run_38_sensor3.json,0038,3,885.3
Training Data 4.zip,Run_502/Radars_Run_502_sensor3.json,0502,3,1661.8
Training Data 4.zip,Run_502/Radars_Run_502_sensor2.json,0502,2,1349.3
Training Data 4.zip,Run_502/Radars_Run_502_sensor4.json,0502,4,590.0
Training Data 4.zip,Run_502/Radars_Run_502_sensor1.json,0502,1,819.5
Training Data 4.zip,Run_472/Radars_Run_472_sensor2.json,0472,2,1169.1
Training Data 4.zip,Run_472/Radars_Run_472_sensor3.json,0472,3,716.9
Training Data 4.zip,Run_472/Radars_Run_472_sensor1.json,0472,1,760.4
Training Data 4.zip,Run_472/Radars_Run_472_sensor4.json,0472,4,739.5
Training Data 4.zip,Run_77/Radars_Run_77_sensor2.json,0077,2,832.0
Training Data 4.zip,Run_77/Radars_Run_77_sensor3.json,0077,3,852.9
Training Data 4.zip,Run_77/Radars_Run_77_sensor1.json,0077,1,1671.9
Training Data 4.zip,Run_77/Radars_Run_77_sensor4.json,0077,4,1388.0
Training Data 4.zip,Run_352/Radars_Run_352_sensor1.json,0352,1,1032.6
Training Data 4.zip,Run_352/Radars_Run_352_sensor4.json,0352,4,1068.3
Training Data 4.zip,Run_352/Radars_Run_352_sensor2.json,0352,2,956.3
Training Data 4.zip,Run_352/Radars_Run_352_sensor3.json,0352,3,0.6
Training Data 4.zip,Run_1091/Radars_Run_1091_sensor4.json,1091,4,481.7
Training Data 4.zip,Run_1091/Radars_Run_1091_sensor1.json,1091,1,672.0
Training Data 4.zip,Run_1091/Radars_Run_1091_sensor3.json,1091,3,1246.9
Training Data 4.zip,Run_1091/Radars_Run_1091_sensor2.json,1091,2,1218.9
Training Data 4.zip,Run_620/Radars_Run_620_sensor3.json,0620,3,1679.0
Training Data 4.zip,Run_620/Radars_Run_620_sensor2.json,0620,2,1202.9
Training Data 4.zip,Run_620/Radars_Run_620_sensor4.json,0620,4,588.5
Training Data 4.zip,Run_620/Radars_Run_620_sensor1.json,0620,1,832.6
Training Data 4.zip,Run_210/Radars_Run_210_sensor1.json,0210,1,1341.0
Training Data 4.zip,Run_210/Radars_Run_210_sensor4.json,0210,4,1339.2
Training Data 4.zip,Run_210/Radars_Run_210_sensor2.json,0210,2,1040.6
Training Data 4.zip,Run_210/Radars_Run_210_sensor3.json,0210,3,0.6
Training Data 4.zip,Run_80/Radars_Run_80_sensor4.json,0080,4,927.8
Training Data 4.zip,Run_80/Radars_Run_80_sensor1.json,0080,1,1407.5
Training Data 4.zip,Run_80/Radars_Run_80_sensor3.json,0080,3,0.6
Training Data 4.zip,Run_80/Radars_Run_80_sensor2.json,0080,2,2170.2
