run_id,zip_name,receivedAt,payload_timestamp,topic,reference_name,associated_lane,associated_zone,associated_sensor,trigger_output_index,trigger_index,container_field
0048,Training Data 1.zip,2024-01-31 11:27:51,2024-01-31T16:28:38+00:00,traffic-triggers-output,,,,,0,0,trigger_outputs
0048,Training Data 1.zip,2024-01-31 11:27:51,2024-01-31T16:28:38+00:00,traffic-triggers-output,,,,,0,0,trigger_outputs
0048,Training Data 1.zip,2024-01-31 11:27:51,2024-01-31T16:28:38+00:00,traffic-triggers-output,,,,,0,0,trigger_outputs
0048,Training Data 1.zip,2024-01-31 11:27:51,2024-01-31T16:28:38+00:00,traffic-triggers-output,,,,,0,0,trigger_outputs
0048,Training Data 1.zip,2024-01-31 11:27:51,2024-01-31T16:28:38+00:00,traffic-triggers-output,,,,,0,0,trigger_outputs
0048,Training Data 1.zip,2024-01-31 11:27:51,2024-01-31T16:28:38+00:00,traffic-triggers-output,,,,,0,0,trigger_outputs
0048,Training Data 1.zip,2024-01-31 11:27:51,2024-01-31T16:28:39+00:00,traffic-triggers-output,,,,,0,0,trigger_outputs
0048,Training Data 1.zip,2024-01-31 11:27:51,2024-01-31T16:28:39+00:00,traffic-triggers-output,,,,,0,0,trigger_outputs
0048,Training Data 1.zip,2024-01-31 11:27:51,2024-01-31T16:28:39+00:00,traffic-triggers-output,,,,,0,0,trigger_outputs
0048,Training Data 1.zip,2024-01-31 11:27:51,2024-01-31T16:28:39+00:00,traffic-triggers-output,,,,,0,0,trigger_outputs
0048,Training Data 1.zip,2024-01-31 11:27:51,2024-01-31T16:28:39+00:00,traffic-triggers-output,,,,,0,0,trigger_outputs
0048,Training Data 1.zip,2024-01-31 11:27:51,2024-01-31T16:28:39+00:00,traffic-triggers-output,,,,,0,0,trigger_outputs
0048,Training Data 1.zip,2024-01-31 11:27:51,2024-01-31T16:28:39+00:00,traffic-triggers-output,,,,,0,0,trigger_outputs
0048,Training Data 1.zip,2024-01-31 11:27:51,2024-01-31T16:28:39+00:00,traffic-triggers-output,,,,,0,0,trigger_outputs
0048,Training Data 1.zip,2024-01-31 11:27:51,2024-01-31T16:28:39+00:00,traffic-triggers-output,,,,,0,0,trigger_outputs
0048,Training Data 1.zip,2024-01-31 11:27:52,2024-01-31T16:28:39+00:00,traffic-triggers-output,,,,,0,0,trigger_outputs
0048,Training Data 1.zip,2024-01-31 11:27:52,2024-01-31T16:28:39+00:00,traffic-triggers-output,,,,,0,0,trigger_outputs
0048,Training Data 1.zip,2024-01-31 11:27:52,2024-01-31T16:28:39+00:00,traffic-triggers-output,,,,,0,0,trigger_outputs
0048,Training Data 1.zip,2024-01-31 11:27:52,2024-01-31T16:28:39+00:00,traffic-triggers-output,,,,,0,0,trigger_outputs
0048,Training Data 1.zip,2024-01-31 11:27:52,2024-01-31T16:28:39+00:00,traffic-triggers-output,,,,,0,0,trigger_outputs
0048,Training Data 1.zip,2024-01-31 11:27:52,2024-01-31T16:28:39+00:00,traffic-triggers-output,,,,,0,0,trigger_outputs
0048,Training Data 1.zip,2024-01-31 11:27:52,2024-01-31T16:28:39+00:00,traffic-triggers-output,,,,,0,0,trigger_outputs
0048,Training Data 1.zip,2024-01-31 11:27:52,2024-01-31T16:28:39+00:00,traffic-triggers-output,,,,,0,0,trigger_outputs
0048,Training Data 1.zip,2024-01-31 11:27:52,2024-01-31T16:28:39+00:00,traffic-triggers-output,,,,,0,0,trigger_outputs
0048,Training Data 1.zip,2024-01-31 11:27:52,2024-01-31T16:28:39+00:00,traffic-triggers-output,,,,,0,0,trigger_outputs
0048,Training Data 1.zip,2024-01-31 11:27:52,2024-01-31T16:28:39+00:00,traffic-triggers-output,,,,,0,0,trigger_outputs
0048,Training Data 1.zip,2024-01-31 11:27:52,2024-01-31T16:28:39+00:00,traffic-triggers-output,,,,,0,0,trigger_outputs
0048,Training Data 1.zip,2024-01-31 11:27:52,2024-01-31T16:28:39+00:00,traffic-triggers-output,,,,,0,0,trigger_outputs
0048,Training Data 1.zip,2024-01-31 11:27:52,2024-01-31T16:28:39+00:00,traffic-triggers-output,,,,,0,0,trigger_outputs
0048,Training Data 1.zip,2024-01-31 11:27:52,2024-01-31T16:28:39+00:00,traffic-triggers-output,,,,,0,0,trigger_outputs
0048,Training Data 1.zip,2024-01-31 11:27:52,2024-01-31T16:28:39+00:00,traffic-triggers-output,,,,,0,0,trigger_outputs
0048,Training Data 1.zip,2024-01-31 11:27:52,2024-01-31T16:28:39+00:00,traffic-triggers-output,,,,,0,0,trigger_outputs
0048,Training Data 1.zip,2024-01-31 11:27:52,2024-01-31T16:28:39+00:00,traffic-triggers-output,,,,,0,0,trigger_outputs
0048,Training Data 1.zip,2024-01-31 11:27:52,2024-01-31T16:28:39+00:00,traffic-triggers-output,,,,,0,0,trigger_outputs
0048,Training Data 1.zip,2024-01-31 11:27:52,2024-01-31T16:28:39+00:00,traffic-triggers-output,,,,,0,0,trigger_outputs
0048,Training Data 1.zip,2024-01-31 11:27:52,2024-01-31T16:28:39+00:00,traffic-triggers-output,,,,,0,0,trigger_outputs
0048,Training Data 1.zip,2024-01-31 11:27:52,2024-01-31T16:28:39+00:00,traffic-triggers-output,,,,,0,0,trigger_outputs
0048,Training Data 1.zip,2024-01-31 11:27:52,2024-01-31T16:28:39+00:00,traffic-triggers-output,,,,,0,0,trigger_outputs
0048,Training Data 1.zip,2024-01-31 11:27:52,2024-01-31T16:28:39+00:00,traffic-triggers-output,,,,,0,0,trigger_outputs
0048,Training Data 1.zip,2024-01-31 11:27:52,2024-01-31T16:28:39+00:00,traffic-triggers-output,,,,,0,0,trigger_outputs
0048,Training Data 1.zip,2024-01-31 11:27:52,2024-01-31T16:28:39+00:00,traffic-triggers-output,,,,,0,0,trigger_outputs
0048,Training Data 1.zip,2024-01-31 11:27:52,2024-01-31T16:28:39+00:00,traffic-triggers-output,,,,,0,0,trigger_outputs
0048,Training Data 1.zip,2024-01-31 11:27:52,2024-01-31T16:28:39+00:00,traffic-triggers-output,,,,,0,0,trigger_outputs
0048,Training Data 1.zip,2024-01-31 11:27:52,2024-01-31T16:28:39+00:00,traffic-triggers-output,,,,,0,0,trigger_outputs
0048,Training Data 1.zip,2024-01-31 11:27:52,2024-01-31T16:28:39+00:00,traffic-triggers-output,,,,,0,0,trigger_outputs
0048,Training Data 1.zip,2024-01-31 11:27:52,2024-01-31T16:28:39+00:00,traffic-triggers-output,,,,,0,0,trigger_outputs
0048,Training Data 1.zip,2024-01-31 11:27:52,2024-01-31T16:28:40+00:00,traffic-triggers-output,,,,,0,0,trigger_outputs
0048,Training Data 1.zip,2024-01-31 11:27:52,2024-01-31T16:28:40+00:00,traffic-triggers-output,,,,,0,0,trigger_outputs
0048,Training Data 1.zip,2024-01-31 11:27:52,2024-01-31T16:28:40+00:00,traffic-triggers-output,,,,,0,0,trigger_outputs
0048,Training Data 1.zip,2024-01-31 11:27:52,2024-01-31T16:28:40+00:00,traffic-triggers-output,,,,,0,0,trigger_outputs
0048,Training Data 1.zip,2024-01-31 11:27:52,2024-01-31T16:28:40+00:00,traffic-triggers-output,,,,,0,0,trigger_outputs
0048,Training Data 1.zip,2024-01-31 11:27:52,2024-01-31T16:28:40+00:00,traffic-triggers-output,,,,,0,0,trigger_outputs
0048,Training Data 1.zip,2024-01-31 11:27:52,2024-01-31T16:28:40+00:00,traffic-triggers-output,,,,,0,0,trigger_outputs
0048,Training Data 1.zip,2024-01-31 11:27:52,2024-01-31T16:28:40+00:00,traffic-triggers-output,,,,,0,0,trigger_outputs
0048,Training Data 1.zip,2024-01-31 11:27:52,2024-01-31T16:28:40+00:00,traffic-triggers-output,,,,,0,0,trigger_outputs
0048,Training Data 1.zip,2024-01-31 11:27:53,2024-01-31T16:28:40+00:00,traffic-triggers-output,,,,,0,0,trigger_outputs
0048,Training Data 1.zip,2024-01-31 11:27:53,2024-01-31T16:28:40+00:00,traffic-triggers-output,,,,,0,0,trigger_outputs
0048,Training Data 1.zip,2024-01-31 11:27:53,2024-01-31T16:28:40+00:00,traffic-triggers-output,,,,,0,0,trigger_outputs
0048,Training Data 1.zip,2024-01-31 11:27:53,2024-01-31T16:28:40+00:00,traffic-triggers-output,,,,,0,0,trigger_outputs
0048,Training Data 1.zip,2024-01-31 11:27:53,2024-01-31T16:28:40+00:00,traffic-triggers-output,,,,,0,0,trigger_outputs
0048,Training Data 1.zip,2024-01-31 11:27:53,2024-01-31T16:28:40+00:00,traffic-triggers-output,,,,,0,0,trigger_outputs
0048,Training Data 1.zip,2024-01-31 11:27:53,2024-01-31T16:28:40+00:00,traffic-triggers-output,,,,,0,0,trigger_outputs
0048,Training Data 1.zip,2024-01-31 11:27:53,2024-01-31T16:28:40+00:00,traffic-triggers-output,,,,,0,0,trigger_outputs
0048,Training Data 1.zip,2024-01-31 11:27:53,2024-01-31T16:28:40+00:00,traffic-triggers-output,,,,,0,0,trigger_outputs
0048,Training Data 1.zip,2024-01-31 11:27:53,2024-01-31T16:28:40+00:00,traffic-triggers-output,,,,,0,0,trigger_outputs
0048,Training Data 1.zip,2024-01-31 11:27:53,2024-01-31T16:28:40+00:00,traffic-triggers-output,,,,,0,0,trigger_outputs
0048,Training Data 1.zip,2024-01-31 11:27:53,2024-01-31T16:28:40+00:00,traffic-triggers-output,,,,,0,0,trigger_outputs
0048,Training Data 1.zip,2024-01-31 11:27:53,2024-01-31T16:28:40+00:00,traffic-triggers-output,,,,,0,0,trigger_outputs
0048,Training Data 1.zip,2024-01-31 11:27:53,2024-01-31T16:28:40+00:00,traffic-triggers-output,,,,,0,0,trigger_outputs
0048,Training Data 1.zip,2024-01-31 11:27:53,2024-01-31T16:28:40+00:00,traffic-triggers-output,,,,,0,0,trigger_outputs
0048,Training Data 1.zip,2024-01-31 11:27:53,2024-01-31T16:28:40+00:00,traffic-triggers-output,,,,,0,0,trigger_outputs
0048,Training Data 1.zip,2024-01-31 11:27:53,2024-01-31T16:28:40+00:00,traffic-triggers-output,,,,,0,0,trigger_outputs
0048,Training Data 1.zip,2024-01-31 11:27:53,2024-01-31T16:28:40+00:00,traffic-triggers-output,,,,,0,0,trigger_outputs
0048,Training Data 1.zip,2024-01-31 11:27:53,2024-01-31T16:28:40+00:00,traffic-triggers-output,,,,,0,0,trigger_outputs
0048,Training Data 1.zip,2024-01-31 11:27:53,2024-01-31T16:28:40+00:00,traffic-triggers-output,,,,,0,0,trigger_outputs
0048,Training Data 1.zip,2024-01-31 11:27:53,2024-01-31T16:28:40+00:00,traffic-triggers-output,,,,,0,0,trigger_outputs
0048,Training Data 1.zip,2024-01-31 11:27:53,2024-01-31T16:28:40+00:00,traffic-triggers-output,,,,,0,0,trigger_outputs
0048,Training Data 1.zip,2024-01-31 11:27:53,2024-01-31T16:28:40+00:00,traffic-triggers-output,,,,,0,0,trigger_outputs
0048,Training Data 1.zip,2024-01-31 11:27:53,2024-01-31T16:28:40+00:00,traffic-triggers-output,,,,,0,0,trigger_outputs
0048,Training Data 1.zip,2024-01-31 11:27:53,2024-01-31T16:28:40+00:00,traffic-triggers-output,,,,,0,0,trigger_outputs
0048,Training Data 1.zip,2024-01-31 11:27:53,2024-01-31T16:28:40+00:00,traffic-triggers-output,,,,,0,0,trigger_outputs
0048,Training Data 1.zip,2024-01-31 11:27:53,2024-01-31T16:28:40+00:00,traffic-triggers-output,,,,,0,0,trigger_outputs
0048,Training Data 1.zip,2024-01-31 11:27:53,2024-01-31T16:28:40+00:00,traffic-triggers-output,,,,,0,0,trigger_outputs
0048,Training Data 1.zip,2024-01-31 11:27:53,2024-01-31T16:28:40+00:00,traffic-triggers-output,,,,,0,0,trigger_outputs
0048,Training Data 1.zip,2024-01-31 11:27:53,2024-01-31T16:28:40+00:00,traffic-triggers-output,,,,,0,0,trigger_outputs
0048,Training Data 1.zip,2024-01-31 11:27:53,2024-01-31T16:28:40+00:00,traffic-triggers-output,,,,,0,0,trigger_outputs
0048,Training Data 1.zip,2024-01-31 11:27:53,2024-01-31T16:28:41+00:00,traffic-triggers-output,,,,,0,0,trigger_outputs
0048,Training Data 1.zip,2024-01-31 11:27:53,2024-01-31T16:28:41+00:00,traffic-triggers-output,,,,,0,0,trigger_outputs
0048,Training Data 1.zip,2024-01-31 11:27:53,2024-01-31T16:28:41+00:00,traffic-triggers-output,,,,,0,0,trigger_outputs
0048,Training Data 1.zip,2024-01-31 11:27:53,2024-01-31T16:28:41+00:00,traffic-triggers-output,,,,,0,0,trigger_outputs
0048,Training Data 1.zip,2024-01-31 11:27:53,2024-01-31T16:28:41+00:00,traffic-triggers-output,,,,,0,0,trigger_outputs
0048,Training Data 1.zip,2024-01-31 11:27:53,2024-01-31T16:28:41+00:00,traffic-triggers-output,,,,,0,0,trigger_outputs
0048,Training Data 1.zip,2024-01-31 11:27:53,2024-01-31T16:28:41+00:00,traffic-triggers-output,,,,,0,0,trigger_outputs
0048,Training Data 1.zip,2024-01-31 11:27:53,2024-01-31T16:28:41+00:00,traffic-triggers-output,,,,,0,0,trigger_outputs
0048,Training Data 1.zip,2024-01-31 11:27:53,2024-01-31T16:28:41+00:00,traffic-triggers-output,,,,,0,0,trigger_outputs
0048,Training Data 1.zip,2024-01-31 11:27:54,2024-01-31T16:28:41+00:00,traffic-triggers-output,,,,,0,0,trigger_outputs
0048,Training Data 1.zip,2024-01-31 11:27:54,2024-01-31T16:28:41+00:00,traffic-triggers-output,,,,,0,0,trigger_outputs
0048,Training Data 1.zip,2024-01-31 11:27:54,2024-01-31T16:28:41+00:00,traffic-triggers-output,,,,,0,0,trigger_outputs
0048,Training Data 1.zip,2024-01-31 11:27:54,2024-01-31T16:28:41+00:00,traffic-triggers-output,,,,,0,0,trigger_outputs
0048,Training Data 1.zip,2024-01-31 11:27:54,2024-01-31T16:28:41+00:00,traffic-triggers-output,,,,,0,0,trigger_outputs
0048,Training Data 1.zip,2024-01-31 11:27:54,2024-01-31T16:28:41+00:00,traffic-triggers-output,,,,,0,0,trigger_outputs
0048,Training Data 1.zip,2024-01-31 11:27:54,2024-01-31T16:28:41+00:00,traffic-triggers-output,,,,,0,0,trigger_outputs
0048,Training Data 1.zip,2024-01-31 11:27:54,2024-01-31T16:28:41+00:00,traffic-triggers-output,,,,,0,0,trigger_outputs
0048,Training Data 1.zip,2024-01-31 11:27:54,2024-01-31T16:28:41+00:00,traffic-triggers-output,,,,,0,0,trigger_outputs
0048,Training Data 1.zip,2024-01-31 11:27:54,2024-01-31T16:28:41+00:00,traffic-triggers-output,,,,,0,0,trigger_outputs
0048,Training Data 1.zip,2024-01-31 11:27:54,2024-01-31T16:28:41+00:00,traffic-triggers-output,,,,,0,0,trigger_outputs
0048,Training Data 1.zip,2024-01-31 11:27:54,2024-01-31T16:28:41+00:00,traffic-triggers-output,,,,,0,0,trigger_outputs
0048,Training Data 1.zip,2024-01-31 11:27:54,2024-01-31T16:28:41+00:00,traffic-triggers-output,,,,,0,0,trigger_outputs
0048,Training Data 1.zip,2024-01-31 11:27:54,2024-01-31T16:28:41+00:00,traffic-triggers-output,,,,,0,0,trigger_outputs
0048,Training Data 1.zip,2024-01-31 11:27:54,2024-01-31T16:28:41+00:00,traffic-triggers-output,,,,,0,0,trigger_outputs
0048,Training Data 1.zip,2024-01-31 11:27:54,2024-01-31T16:28:41+00:00,traffic-triggers-output,,,,,0,0,trigger_outputs
0048,Training Data 1.zip,2024-01-31 11:27:54,2024-01-31T16:28:41+00:00,traffic-triggers-output,,,,,0,0,trigger_outputs
0048,Training Data 1.zip,2024-01-31 11:27:54,2024-01-31T16:28:41+00:00,traffic-triggers-output,,,,,0,0,trigger_outputs
0048,Training Data 1.zip,2024-01-31 11:27:54,2024-01-31T16:28:41+00:00,traffic-triggers-output,,,,,0,0,trigger_outputs
0048,Training Data 1.zip,2024-01-31 11:27:54,2024-01-31T16:28:41+00:00,traffic-triggers-output,,,,,0,0,trigger_outputs
0048,Training Data 1.zip,2024-01-31 11:27:54,2024-01-31T16:28:41+00:00,traffic-triggers-output,,,,,0,0,trigger_outputs
0048,Training Data 1.zip,2024-01-31 11:27:54,2024-01-31T16:28:41+00:00,traffic-triggers-output,,,,,0,0,trigger_outputs
0048,Training Data 1.zip,2024-01-31 11:27:54,2024-01-31T16:28:41+00:00,traffic-triggers-output,,,,,0,0,trigger_outputs
0048,Training Data 1.zip,2024-01-31 11:27:54,2024-01-31T16:28:41+00:00,traffic-triggers-output,,,,,0,0,trigger_outputs
0048,Training Data 1.zip,2024-01-31 11:27:54,2024-01-31T16:28:41+00:00,traffic-triggers-output,,,,,0,0,trigger_outputs
0048,Training Data 1.zip,2024-01-31 11:27:54,2024-01-31T16:28:41+00:00,traffic-triggers-output,,,,,0,0,trigger_outputs
0048,Training Data 1.zip,2024-01-31 11:27:54,2024-01-31T16:28:41+00:00,traffic-triggers-output,,,,,0,0,trigger_outputs
0048,Training Data 1.zip,2024-01-31 11:27:54,2024-01-31T16:28:41+00:00,traffic-triggers-output,,,,,0,0,trigger_outputs
0048,Training Data 1.zip,2024-01-31 11:27:54,2024-01-31T16:28:41+00:00,traffic-triggers-output,,,,,0,0,trigger_outputs
0048,Training Data 1.zip,2024-01-31 11:27:54,2024-01-31T16:28:41+00:00,traffic-triggers-output,,,,,0,0,trigger_outputs
0048,Training Data 1.zip,2024-01-31 11:27:54,2024-01-31T16:28:41+00:00,traffic-triggers-output,,,,,0,0,trigger_outputs
0048,Training Data 1.zip,2024-01-31 11:27:54,2024-01-31T16:28:42+00:00,traffic-triggers-output,,,,,0,0,trigger_outputs
0048,Training Data 1.zip,2024-01-31 11:27:54,2024-01-31T16:28:42+00:00,traffic-triggers-output,,,,,0,0,trigger_outputs
0048,Training Data 1.zip,2024-01-31 11:27:54,2024-01-31T16:28:42+00:00,traffic-triggers-output,,,,,0,0,trigger_outputs
0048,Training Data 1.zip,2024-01-31 11:27:54,2024-01-31T16:28:42+00:00,traffic-triggers-output,,,,,0,0,trigger_outputs
0048,Training Data 1.zip,2024-01-31 11:27:54,2024-01-31T16:28:42+00:00,traffic-triggers-output,,,,,0,0,trigger_outputs
0048,Training Data 1.zip,2024-01-31 11:27:54,2024-01-31T16:28:42+00:00,traffic-triggers-output,,,,,0,0,trigger_outputs
0048,Training Data 1.zip,2024-01-31 11:27:54,2024-01-31T16:28:42+00:00,traffic-triggers-output,,,,,0,0,trigger_outputs
0048,Training Data 1.zip,2024-01-31 11:27:54,2024-01-31T16:28:42+00:00,traffic-triggers-output,,,,,0,0,trigger_outputs
0048,Training Data 1.zip,2024-01-31 11:27:54,2024-01-31T16:28:42+00:00,traffic-triggers-output,,,,,0,0,trigger_outputs
0048,Training Data 1.zip,2024-01-31 11:27:55,2024-01-31T16:28:42+00:00,traffic-triggers-output,,,,,0,0,trigger_outputs
0048,Training Data 1.zip,2024-01-31 11:27:55,2024-01-31T16:28:42+00:00,traffic-triggers-output,,,,,0,0,trigger_outputs
0048,Training Data 1.zip,2024-01-31 11:27:55,2024-01-31T16:28:42+00:00,traffic-triggers-output,,,,,0,0,trigger_outputs
0048,Training Data 1.zip,2024-01-31 11:27:55,2024-01-31T16:28:42+00:00,traffic-triggers-output,,,,,0,0,trigger_outputs
0048,Training Data 1.zip,2024-01-31 11:27:55,2024-01-31T16:28:42+00:00,traffic-triggers-output,,,,,0,0,trigger_outputs
0048,Training Data 1.zip,2024-01-31 11:27:55,2024-01-31T16:28:42+00:00,traffic-triggers-output,,,,,0,0,trigger_outputs
0048,Training Data 1.zip,2024-01-31 11:27:55,2024-01-31T16:28:42+00:00,traffic-triggers-output,,,,,0,0,trigger_outputs
0048,Training Data 1.zip,2024-01-31 11:27:55,2024-01-31T16:28:42+00:00,traffic-triggers-output,,,,,0,0,trigger_outputs
0048,Training Data 1.zip,2024-01-31 11:27:55,2024-01-31T16:28:42+00:00,traffic-triggers-output,,,,,0,0,trigger_outputs
0048,Training Data 1.zip,2024-01-31 11:27:55,2024-01-31T16:28:42+00:00,traffic-triggers-output,,,,,0,0,trigger_outputs
0048,Training Data 1.zip,2024-01-31 11:27:55,2024-01-31T16:28:42+00:00,traffic-triggers-output,,,,,0,0,trigger_outputs
0048,Training Data 1.zip,2024-01-31 11:27:55,2024-01-31T16:28:42+00:00,traffic-triggers-output,,,,,0,0,trigger_outputs
0048,Training Data 1.zip,2024-01-31 11:27:55,2024-01-31T16:28:42+00:00,traffic-triggers-output,,,,,0,0,trigger_outputs
0048,Training Data 1.zip,2024-01-31 11:27:55,2024-01-31T16:28:42+00:00,traffic-triggers-output,,,,,0,0,trigger_outputs
0048,Training Data 1.zip,2024-01-31 11:27:55,2024-01-31T16:28:42+00:00,traffic-triggers-output,,,,,0,0,trigger_outputs
0048,Training Data 1.zip,2024-01-31 11:27:55,2024-01-31T16:28:42+00:00,traffic-triggers-output,,,,,0,0,trigger_outputs
0048,Training Data 1.zip,2024-01-31 11:27:55,2024-01-31T16:28:42+00:00,traffic-triggers-output,,,,,0,0,trigger_outputs
0048,Training Data 1.zip,2024-01-31 11:27:55,2024-01-31T16:28:42+00:00,traffic-triggers-output,,,,,0,0,trigger_outputs
0048,Training Data 1.zip,2024-01-31 11:27:55,2024-01-31T16:28:42+00:00,traffic-triggers-output,,,,,0,0,trigger_outputs
0048,Training Data 1.zip,2024-01-31 11:27:55,2024-01-31T16:28:42+00:00,traffic-triggers-output,,,,,0,0,trigger_outputs
0048,Training Data 1.zip,2024-01-31 11:27:55,2024-01-31T16:28:42+00:00,traffic-triggers-output,,,,,0,0,trigger_outputs
0048,Training Data 1.zip,2024-01-31 11:27:55,2024-01-31T16:28:42+00:00,traffic-triggers-output,,,,,0,0,trigger_outputs
0048,Training Data 1.zip,2024-01-31 11:27:55,2024-01-31T16:28:42+00:00,traffic-triggers-output,,,,,0,0,trigger_outputs
0048,Training Data 1.zip,2024-01-31 11:27:55,2024-01-31T16:28:42+00:00,traffic-triggers-output,,,,,0,0,trigger_outputs
0048,Training Data 1.zip,2024-01-31 11:27:55,2024-01-31T16:28:42+00:00,traffic-triggers-output,,,,,0,0,trigger_outputs
0048,Training Data 1.zip,2024-01-31 11:27:55,2024-01-31T16:28:42+00:00,traffic-triggers-output,,,,,0,0,trigger_outputs
0048,Training Data 1.zip,2024-01-31 11:27:55,2024-01-31T16:28:42+00:00,traffic-triggers-output,,,,,0,0,trigger_outputs
0048,Training Data 1.zip,2024-01-31 11:27:55,2024-01-31T16:28:42+00:00,traffic-triggers-output,,,,,0,0,trigger_outputs
0048,Training Data 1.zip,2024-01-31 11:27:55,2024-01-31T16:28:42+00:00,traffic-triggers-output,,,,,0,0,trigger_outputs
0048,Training Data 1.zip,2024-01-31 11:27:55,2024-01-31T16:28:42+00:00,traffic-triggers-output,,,,,0,0,trigger_outputs
0048,Training Data 1.zip,2024-01-31 11:27:55,2024-01-31T16:28:42+00:00,traffic-triggers-output,,,,,0,0,trigger_outputs
0048,Training Data 1.zip,2024-01-31 11:27:55,2024-01-31T16:28:43+00:00,traffic-triggers-output,,,,,0,0,trigger_outputs
0048,Training Data 1.zip,2024-01-31 11:27:55,2024-01-31T16:28:43+00:00,traffic-triggers-output,,,,,0,0,trigger_outputs
0048,Training Data 1.zip,2024-01-31 11:27:55,2024-01-31T16:28:43+00:00,traffic-triggers-output,,,,,0,0,trigger_outputs
0048,Training Data 1.zip,2024-01-31 11:27:55,2024-01-31T16:28:43+00:00,traffic-triggers-output,,,,,0,0,trigger_outputs
0048,Training Data 1.zip,2024-01-31 11:27:55,2024-01-31T16:28:43+00:00,traffic-triggers-output,,,,,0,0,trigger_outputs
0048,Training Data 1.zip,2024-01-31 11:27:55,2024-01-31T16:28:43+00:00,traffic-triggers-output,,,,,0,0,trigger_outputs
0048,Training Data 1.zip,2024-01-31 11:27:55,2024-01-31T16:28:43+00:00,traffic-triggers-output,,,,,0,0,trigger_outputs
0048,Training Data 1.zip,2024-01-31 11:27:55,2024-01-31T16:28:43+00:00,traffic-triggers-output,,,,,0,0,trigger_outputs
0048,Training Data 1.zip,2024-01-31 11:27:55,2024-01-31T16:28:43+00:00,traffic-triggers-output,,,,,0,0,trigger_outputs
0048,Training Data 1.zip,2024-01-31 11:27:56,2024-01-31T16:28:43+00:00,traffic-triggers-output,,,,,0,0,trigger_outputs
0048,Training Data 1.zip,2024-01-31 11:27:56,2024-01-31T16:28:43+00:00,traffic-triggers-output,,,,,0,0,trigger_outputs
0048,Training Data 1.zip,2024-01-31 11:27:56,2024-01-31T16:28:43+00:00,traffic-triggers-output,,,,,0,0,trigger_outputs
0048,Training Data 1.zip,2024-01-31 11:27:56,2024-01-31T16:28:43+00:00,traffic-triggers-output,,,,,0,0,trigger_outputs
0048,Training Data 1.zip,2024-01-31 11:27:56,2024-01-31T16:28:43+00:00,traffic-triggers-output,,,,,0,0,trigger_outputs
0048,Training Data 1.zip,2024-01-31 11:27:56,2024-01-31T16:28:43+00:00,traffic-triggers-output,,,,,0,0,trigger_outputs
0048,Training Data 1.zip,2024-01-31 11:27:56,2024-01-31T16:28:43+00:00,traffic-triggers-output,,,,,0,0,trigger_outputs
0048,Training Data 1.zip,2024-01-31 11:27:56,2024-01-31T16:28:43+00:00,traffic-triggers-output,,,,,0,0,trigger_outputs
0048,Training Data 1.zip,2024-01-31 11:27:56,2024-01-31T16:28:43+00:00,traffic-triggers-output,,,,,0,0,trigger_outputs
0048,Training Data 1.zip,2024-01-31 11:27:56,2024-01-31T16:28:43+00:00,traffic-triggers-output,,,,,0,0,trigger_outputs
0048,Training Data 1.zip,2024-01-31 11:27:56,2024-01-31T16:28:43+00:00,traffic-triggers-output,,,,,0,0,trigger_outputs
0048,Training Data 1.zip,2024-01-31 11:27:56,2024-01-31T16:28:43+00:00,traffic-triggers-output,,,,,0,0,trigger_outputs
0048,Training Data 1.zip,2024-01-31 11:27:56,2024-01-31T16:28:43+00:00,traffic-triggers-output,,,,,0,0,trigger_outputs
0048,Training Data 1.zip,2024-01-31 11:27:56,2024-01-31T16:28:43+00:00,traffic-triggers-output,,,,,0,0,trigger_outputs
0048,Training Data 1.zip,2024-01-31 11:27:56,2024-01-31T16:28:43+00:00,traffic-triggers-output,,,,,0,0,trigger_outputs
0048,Training Data 1.zip,2024-01-31 11:27:56,2024-01-31T16:28:43+00:00,traffic-triggers-output,,,,,0,0,trigger_outputs
0048,Training Data 1.zip,2024-01-31 11:27:56,2024-01-31T16:28:43+00:00,traffic-triggers-output,,,,,0,0,trigger_outputs
0048,Training Data 1.zip,2024-01-31 11:27:56,2024-01-31T16:28:43+00:00,traffic-triggers-output,,,,,0,0,trigger_outputs
0048,Training Data 1.zip,2024-01-31 11:27:56,2024-01-31T16:28:43+00:00,traffic-triggers-output,,,,,0,0,trigger_outputs
0048,Training Data 1.zip,2024-01-31 11:27:56,2024-01-31T16:28:43+00:00,traffic-triggers-output,,,,,0,0,trigger_outputs
0048,Training Data 1.zip,2024-01-31 11:27:56,2024-01-31T16:28:43+00:00,traffic-triggers-output,,,,,0,0,trigger_outputs
0048,Training Data 1.zip,2024-01-31 11:27:56,2024-01-31T16:28:43+00:00,traffic-triggers-output,,,,,0,0,trigger_outputs
0048,Training Data 1.zip,2024-01-31 11:27:56,2024-01-31T16:28:43+00:00,traffic-triggers-output,,,,,0,0,trigger_outputs
0048,Training Data 1.zip,2024-01-31 11:27:56,2024-01-31T16:28:43+00:00,traffic-triggers-output,,,,,0,0,trigger_outputs
0048,Training Data 1.zip,2024-01-31 11:27:56,2024-01-31T16:28:43+00:00,traffic-triggers-output,,,,,0,0,trigger_outputs
0048,Training Data 1.zip,2024-01-31 11:27:56,2024-01-31T16:28:43+00:00,traffic-triggers-output,,,,,0,0,trigger_outputs
0048,Training Data 1.zip,2024-01-31 11:27:56,2024-01-31T16:28:43+00:00,traffic-triggers-output,,,,,0,0,trigger_outputs
0048,Training Data 1.zip,2024-01-31 11:27:56,2024-01-31T16:28:43+00:00,traffic-triggers-output,,,,,0,0,trigger_outputs
0048,Training Data 1.zip,2024-01-31 11:27:56,2024-01-31T16:28:43+00:00,traffic-triggers-output,,,,,0,0,trigger_outputs
0048,Training Data 1.zip,2024-01-31 11:27:56,2024-01-31T16:28:43+00:00,traffic-triggers-output,,,,,0,0,trigger_outputs
0048,Training Data 1.zip,2024-01-31 11:27:56,2024-01-31T16:28:43+00:00,traffic-triggers-output,,,,,0,0,trigger_outputs
0048,Training Data 1.zip,2024-01-31 11:27:56,2024-01-31T16:28:44+00:00,traffic-triggers-output,,,,,0,0,trigger_outputs
0048,Training Data 1.zip,2024-01-31 11:27:56,2024-01-31T16:28:44+00:00,traffic-triggers-output,,,,,0,0,trigger_outputs
0048,Training Data 1.zip,2024-01-31 11:27:56,2024-01-31T16:28:44+00:00,traffic-triggers-output,,,,,0,0,trigger_outputs
0048,Training Data 1.zip,2024-01-31 11:27:56,2024-01-31T16:28:44+00:00,traffic-triggers-output,,,,,0,0,trigger_outputs
0048,Training Data 1.zip,2024-01-31 11:27:56,2024-01-31T16:28:44+00:00,traffic-triggers-output,,,,,0,0,trigger_outputs
0048,Training Data 1.zip,2024-01-31 11:27:56,2024-01-31T16:28:44+00:00,traffic-triggers-output,,,,,0,0,trigger_outputs
0048,Training Data 1.zip,2024-01-31 11:27:56,2024-01-31T16:28:44+00:00,traffic-triggers-output,,,,,0,0,trigger_outputs
0048,Training Data 1.zip,2024-01-31 11:27:56,2024-01-31T16:28:44+00:00,traffic-triggers-output,,,,,0,0,trigger_outputs
0048,Training Data 1.zip,2024-01-31 11:27:56,2024-01-31T16:28:44+00:00,traffic-triggers-output,,,,,0,0,trigger_outputs
0048,Training Data 1.zip,2024-01-31 11:27:57,2024-01-31T16:28:44+00:00,traffic-triggers-output,,,,,0,0,trigger_outputs
0048,Training Data 1.zip,2024-01-31 11:27:57,2024-01-31T16:28:44+00:00,traffic-triggers-output,,,,,0,0,trigger_outputs
0048,Training Data 1.zip,2024-01-31 11:27:57,2024-01-31T16:28:44+00:00,traffic-triggers-output,,,,,0,0,trigger_outputs
0048,Training Data 1.zip,2024-01-31 11:27:57,2024-01-31T16:28:44+00:00,traffic-triggers-output,,,,,0,0,trigger_outputs
0048,Training Data 1.zip,2024-01-31 11:27:57,2024-01-31T16:28:44+00:00,traffic-triggers-output,,,,,0,0,trigger_outputs
0048,Training Data 1.zip,2024-01-31 11:27:57,2024-01-31T16:28:44+00:00,traffic-triggers-output,,,,,0,0,trigger_outputs
0048,Training Data 1.zip,2024-01-31 11:27:57,2024-01-31T16:28:44+00:00,traffic-triggers-output,,,,,0,0,trigger_outputs
0048,Training Data 1.zip,2024-01-31 11:27:57,2024-01-31T16:28:44+00:00,traffic-triggers-output,,,,,0,0,trigger_outputs
0048,Training Data 1.zip,2024-01-31 11:27:57,2024-01-31T16:28:44+00:00,traffic-triggers-output,,,,,0,0,trigger_outputs
0048,Training Data 1.zip,2024-01-31 11:27:57,2024-01-31T16:28:44+00:00,traffic-triggers-output,,,,,0,0,trigger_outputs
0048,Training Data 1.zip,2024-01-31 11:27:57,2024-01-31T16:28:44+00:00,traffic-triggers-output,,,,,0,0,trigger_outputs
0048,Training Data 1.zip,2024-01-31 11:27:57,2024-01-31T16:28:44+00:00,traffic-triggers-output,,,,,0,0,trigger_outputs
0048,Training Data 1.zip,2024-01-31 11:27:57,2024-01-31T16:28:44+00:00,traffic-triggers-output,,,,,0,0,trigger_outputs
0048,Training Data 1.zip,2024-01-31 11:27:57,2024-01-31T16:28:44+00:00,traffic-triggers-output,,,,,0,0,trigger_outputs
0048,Training Data 1.zip,2024-01-31 11:27:57,2024-01-31T16:28:44+00:00,traffic-triggers-output,,,,,0,0,trigger_outputs
0048,Training Data 1.zip,2024-01-31 11:27:57,2024-01-31T16:28:44+00:00,traffic-triggers-output,,,,,0,0,trigger_outputs
0048,Training Data 1.zip,2024-01-31 11:27:57,2024-01-31T16:28:44+00:00,traffic-triggers-output,,,,,0,0,trigger_outputs
0048,Training Data 1.zip,2024-01-31 11:27:57,2024-01-31T16:28:44+00:00,traffic-triggers-output,,,,,0,0,trigger_outputs
0048,Training Data 1.zip,2024-01-31 11:27:57,2024-01-31T16:28:44+00:00,traffic-triggers-output,,,,,0,0,trigger_outputs
0048,Training Data 1.zip,2024-01-31 11:27:57,2024-01-31T16:28:44+00:00,traffic-triggers-output,,,,,0,0,trigger_outputs
0048,Training Data 1.zip,2024-01-31 11:27:57,2024-01-31T16:28:44+00:00,traffic-triggers-output,,,,,0,0,trigger_outputs
0048,Training Data 1.zip,2024-01-31 11:27:57,2024-01-31T16:28:44+00:00,traffic-triggers-output,,,,,0,0,trigger_outputs
0048,Training Data 1.zip,2024-01-31 11:27:57,2024-01-31T16:28:44+00:00,traffic-triggers-output,,,,,0,0,trigger_outputs
0048,Training Data 1.zip,2024-01-31 11:27:57,2024-01-31T16:28:44+00:00,traffic-triggers-output,,,,,0,0,trigger_outputs
0048,Training Data 1.zip,2024-01-31 11:27:57,2024-01-31T16:28:44+00:00,traffic-triggers-output,,,,,0,0,trigger_outputs
0048,Training Data 1.zip,2024-01-31 11:27:57,2024-01-31T16:28:44+00:00,traffic-triggers-output,,,,,0,0,trigger_outputs
0048,Training Data 1.zip,2024-01-31 11:27:57,2024-01-31T16:28:44+00:00,traffic-triggers-output,,,,,0,0,trigger_outputs
0048,Training Data 1.zip,2024-01-31 11:27:57,2024-01-31T16:28:44+00:00,traffic-triggers-output,,,,,0,0,trigger_outputs
0048,Training Data 1.zip,2024-01-31 11:27:57,2024-01-31T16:28:44+00:00,traffic-triggers-output,,,,,0,0,trigger_outputs
0048,Training Data 1.zip,2024-01-31 11:27:57,2024-01-31T16:28:44+00:00,traffic-triggers-output,,,,,0,0,trigger_outputs
0048,Training Data 1.zip,2024-01-31 11:27:57,2024-01-31T16:28:44+00:00,traffic-triggers-output,,,,,0,0,trigger_outputs
0048,Training Data 1.zip,2024-01-31 11:27:57,2024-01-31T16:28:45+00:00,traffic-triggers-output,,,,,0,0,trigger_outputs
0048,Training Data 1.zip,2024-01-31 11:27:57,2024-01-31T16:28:45+00:00,traffic-triggers-output,,,,,0,0,trigger_outputs
0048,Training Data 1.zip,2024-01-31 11:27:57,2024-01-31T16:28:45+00:00,traffic-triggers-output,,,,,0,0,trigger_outputs
0048,Training Data 1.zip,2024-01-31 11:27:57,2024-01-31T16:28:45+00:00,traffic-triggers-output,,,,,0,0,trigger_outputs
0048,Training Data 1.zip,2024-01-31 11:27:57,2024-01-31T16:28:45+00:00,traffic-triggers-output,,,,,0,0,trigger_outputs
0048,Training Data 1.zip,2024-01-31 11:27:57,2024-01-31T16:28:45+00:00,traffic-triggers-output,,,,,0,0,trigger_outputs
0048,Training Data 1.zip,2024-01-31 11:27:57,2024-01-31T16:28:45+00:00,traffic-triggers-output,,,,,0,0,trigger_outputs
0048,Training Data 1.zip,2024-01-31 11:27:57,2024-01-31T16:28:45+00:00,traffic-triggers-output,,,,,0,0,trigger_outputs
0048,Training Data 1.zip,2024-01-31 11:27:57,2024-01-31T16:28:45+00:00,traffic-triggers-output,,,,,0,0,trigger_outputs
0048,Training Data 1.zip,2024-01-31 11:27:58,2024-01-31T16:28:45+00:00,traffic-triggers-output,,,,,0,0,trigger_outputs
0048,Training Data 1.zip,2024-01-31 11:27:58,2024-01-31T16:28:45+00:00,traffic-triggers-output,,,,,0,0,trigger_outputs
0048,Training Data 1.zip,2024-01-31 11:27:58,2024-01-31T16:28:45+00:00,traffic-triggers-output,,,,,0,0,trigger_outputs
0048,Training Data 1.zip,2024-01-31 11:27:58,2024-01-31T16:28:45+00:00,traffic-triggers-output,,,,,0,0,trigger_outputs
0048,Training Data 1.zip,2024-01-31 11:27:58,2024-01-31T16:28:45+00:00,traffic-triggers-output,,,,,0,0,trigger_outputs
0048,Training Data 1.zip,2024-01-31 11:27:58,2024-01-31T16:28:45+00:00,traffic-triggers-output,,,,,0,0,trigger_outputs
0048,Training Data 1.zip,2024-01-31 11:27:58,2024-01-31T16:28:45+00:00,traffic-triggers-output,,,,,0,0,trigger_outputs
0048,Training Data 1.zip,2024-01-31 11:27:58,2024-01-31T16:28:45+00:00,traffic-triggers-output,,,,,0,0,trigger_outputs
0048,Training Data 1.zip,2024-01-31 11:27:58,2024-01-31T16:28:45+00:00,traffic-triggers-output,,,,,0,0,trigger_outputs
0048,Training Data 1.zip,2024-01-31 11:27:58,2024-01-31T16:28:45+00:00,traffic-triggers-output,,,,,0,0,trigger_outputs
0048,Training Data 1.zip,2024-01-31 11:27:58,2024-01-31T16:28:45+00:00,traffic-triggers-output,,,,,0,0,trigger_outputs
0048,Training Data 1.zip,2024-01-31 11:27:58,2024-01-31T16:28:45+00:00,traffic-triggers-output,,,,,0,0,trigger_outputs
0048,Training Data 1.zip,2024-01-31 11:27:58,2024-01-31T16:28:45+00:00,traffic-triggers-output,,,,,0,0,trigger_outputs
0048,Training Data 1.zip,2024-01-31 11:27:58,2024-01-31T16:28:45+00:00,traffic-triggers-output,,,,,0,0,trigger_outputs
0048,Training Data 1.zip,2024-01-31 11:27:58,2024-01-31T16:28:45+00:00,traffic-triggers-output,,,,,0,0,trigger_outputs
0048,Training Data 1.zip,2024-01-31 11:27:58,2024-01-31T16:28:45+00:00,traffic-triggers-output,,,,,0,0,trigger_outputs
0048,Training Data 1.zip,2024-01-31 11:27:58,2024-01-31T16:28:45+00:00,traffic-triggers-output,,,,,0,0,trigger_outputs
0048,Training Data 1.zip,2024-01-31 11:27:58,2024-01-31T16:28:45+00:00,traffic-triggers-output,,,,,0,0,trigger_outputs
0048,Training Data 1.zip,2024-01-31 11:27:58,2024-01-31T16:28:45+00:00,traffic-triggers-output,,,,,0,0,trigger_outputs
0048,Training Data 1.zip,2024-01-31 11:27:58,2024-01-31T16:28:45+00:00,traffic-triggers-output,,,,,0,0,trigger_outputs
0048,Training Data 1.zip,2024-01-31 11:27:58,2024-01-31T16:28:45+00:00,traffic-triggers-output,,,,,0,0,trigger_outputs
0048,Training Data 1.zip,2024-01-31 11:27:58,2024-01-31T16:28:45+00:00,traffic-triggers-output,,,,,0,0,trigger_outputs
0048,Training Data 1.zip,2024-01-31 11:27:58,2024-01-31T16:28:45+00:00,traffic-triggers-output,,,,,0,0,trigger_outputs
0048,Training Data 1.zip,2024-01-31 11:27:58,2024-01-31T16:28:45+00:00,traffic-triggers-output,,,,,0,0,trigger_outputs
0048,Training Data 1.zip,2024-01-31 11:27:58,2024-01-31T16:28:45+00:00,traffic-triggers-output,,,,,0,0,trigger_outputs
0048,Training Data 1.zip,2024-01-31 11:27:58,2024-01-31T16:28:45+00:00,traffic-triggers-output,,,,,0,0,trigger_outputs
0048,Training Data 1.zip,2024-01-31 11:27:58,2024-01-31T16:28:45+00:00,traffic-triggers-output,,,,,0,0,trigger_outputs
0048,Training Data 1.zip,2024-01-31 11:27:58,2024-01-31T16:28:45+00:00,traffic-triggers-output,,,,,0,0,trigger_outputs
0048,Training Data 1.zip,2024-01-31 11:27:58,2024-01-31T16:28:45+00:00,traffic-triggers-output,,,,,0,0,trigger_outputs
0048,Training Data 1.zip,2024-01-31 11:27:58,2024-01-31T16:28:45+00:00,traffic-triggers-output,,,,,0,0,trigger_outputs
0048,Training Data 1.zip,2024-01-31 11:27:58,2024-01-31T16:28:45+00:00,traffic-triggers-output,,,,,0,0,trigger_outputs
0048,Training Data 1.zip,2024-01-31 11:27:58,2024-01-31T16:28:46+00:00,traffic-triggers-output,,,,,0,0,trigger_outputs
0048,Training Data 1.zip,2024-01-31 11:27:58,2024-01-31T16:28:46+00:00,traffic-triggers-output,,,,,0,0,trigger_outputs
0048,Training Data 1.zip,2024-01-31 11:27:58,2024-01-31T16:28:46+00:00,traffic-triggers-output,,,,,0,0,trigger_outputs
0048,Training Data 1.zip,2024-01-31 11:27:58,2024-01-31T16:28:46+00:00,traffic-triggers-output,,,,,0,0,trigger_outputs
0048,Training Data 1.zip,2024-01-31 11:27:58,2024-01-31T16:28:46+00:00,traffic-triggers-output,,,,,0,0,trigger_outputs
0048,Training Data 1.zip,2024-01-31 11:27:58,2024-01-31T16:28:46+00:00,traffic-triggers-output,,,,,0,0,trigger_outputs
0048,Training Data 1.zip,2024-01-31 11:27:58,2024-01-31T16:28:46+00:00,traffic-triggers-output,,,,,0,0,trigger_outputs
0048,Training Data 1.zip,2024-01-31 11:27:58,2024-01-31T16:28:46+00:00,traffic-triggers-output,,,,,0,0,trigger_outputs
0048,Training Data 1.zip,2024-01-31 11:27:58,2024-01-31T16:28:46+00:00,traffic-triggers-output,,,,,0,0,trigger_outputs
0048,Training Data 1.zip,2024-01-31 11:27:59,2024-01-31T16:28:46+00:00,traffic-triggers-output,,,,,0,0,trigger_outputs
0048,Training Data 1.zip,2024-01-31 11:27:59,2024-01-31T16:28:46+00:00,traffic-triggers-output,,,,,0,0,trigger_outputs
0048,Training Data 1.zip,2024-01-31 11:27:59,2024-01-31T16:28:46+00:00,traffic-triggers-output,,,,,0,0,trigger_outputs
0048,Training Data 1.zip,2024-01-31 11:27:59,2024-01-31T16:28:46+00:00,traffic-triggers-output,,,,,0,0,trigger_outputs
0048,Training Data 1.zip,2024-01-31 11:27:59,2024-01-31T16:28:46+00:00,traffic-triggers-output,,,,,0,0,trigger_outputs
0048,Training Data 1.zip,2024-01-31 11:27:59,2024-01-31T16:28:46+00:00,traffic-triggers-output,,,,,0,0,trigger_outputs
0048,Training Data 1.zip,2024-01-31 11:27:59,2024-01-31T16:28:46+00:00,traffic-triggers-output,,,,,0,0,trigger_outputs
0048,Training Data 1.zip,2024-01-31 11:27:59,2024-01-31T16:28:46+00:00,traffic-triggers-output,,,,,0,0,trigger_outputs
0048,Training Data 1.zip,2024-01-31 11:27:59,2024-01-31T16:28:46+00:00,traffic-triggers-output,,,,,0,0,trigger_outputs
0048,Training Data 1.zip,2024-01-31 11:27:59,2024-01-31T16:28:46+00:00,traffic-triggers-output,,,,,0,0,trigger_outputs
0048,Training Data 1.zip,2024-01-31 11:27:59,2024-01-31T16:28:46+00:00,traffic-triggers-output,,,,,0,0,trigger_outputs
0048,Training Data 1.zip,2024-01-31 11:27:59,2024-01-31T16:28:46+00:00,traffic-triggers-output,,,,,0,0,trigger_outputs
0048,Training Data 1.zip,2024-01-31 11:27:59,2024-01-31T16:28:46+00:00,traffic-triggers-output,,,,,0,0,trigger_outputs
0048,Training Data 1.zip,2024-01-31 11:27:59,2024-01-31T16:28:46+00:00,traffic-triggers-output,,,,,0,0,trigger_outputs
0048,Training Data 1.zip,2024-01-31 11:27:59,2024-01-31T16:28:46+00:00,traffic-triggers-output,,,,,0,0,trigger_outputs
0048,Training Data 1.zip,2024-01-31 11:27:59,2024-01-31T16:28:46+00:00,traffic-triggers-output,,,,,0,0,trigger_outputs
0048,Training Data 1.zip,2024-01-31 11:27:59,2024-01-31T16:28:46+00:00,traffic-triggers-output,,,,,0,0,trigger_outputs
0048,Training Data 1.zip,2024-01-31 11:27:59,2024-01-31T16:28:46+00:00,traffic-triggers-output,,,,,0,0,trigger_outputs
0048,Training Data 1.zip,2024-01-31 11:27:59,2024-01-31T16:28:46+00:00,traffic-triggers-output,,,,,0,0,trigger_outputs
0048,Training Data 1.zip,2024-01-31 11:27:59,2024-01-31T16:28:46+00:00,traffic-triggers-output,,,,,0,0,trigger_outputs
0048,Training Data 1.zip,2024-01-31 11:27:59,2024-01-31T16:28:46+00:00,traffic-triggers-output,,,,,0,0,trigger_outputs
0048,Training Data 1.zip,2024-01-31 11:27:59,2024-01-31T16:28:46+00:00,traffic-triggers-output,,,,,0,0,trigger_outputs
0048,Training Data 1.zip,2024-01-31 11:27:59,2024-01-31T16:28:46+00:00,traffic-triggers-output,,,,,0,0,trigger_outputs
0048,Training Data 1.zip,2024-01-31 11:27:59,2024-01-31T16:28:46+00:00,traffic-triggers-output,,,,,0,0,trigger_outputs
0048,Training Data 1.zip,2024-01-31 11:27:59,2024-01-31T16:28:46+00:00,traffic-triggers-output,,,,,0,0,trigger_outputs
0048,Training Data 1.zip,2024-01-31 11:27:59,2024-01-31T16:28:46+00:00,traffic-triggers-output,,,,,0,0,trigger_outputs
0048,Training Data 1.zip,2024-01-31 11:27:59,2024-01-31T16:28:46+00:00,traffic-triggers-output,,,,,0,0,trigger_outputs
0048,Training Data 1.zip,2024-01-31 11:27:59,2024-01-31T16:28:46+00:00,traffic-triggers-output,,,,,0,0,trigger_outputs
0048,Training Data 1.zip,2024-01-31 11:27:59,2024-01-31T16:28:46+00:00,traffic-triggers-output,,,,,0,0,trigger_outputs
0048,Training Data 1.zip,2024-01-31 11:27:59,2024-01-31T16:28:46+00:00,traffic-triggers-output,,,,,0,0,trigger_outputs
0048,Training Data 1.zip,2024-01-31 11:27:59,2024-01-31T16:28:46+00:00,traffic-triggers-output,,,,,0,0,trigger_outputs
0048,Training Data 1.zip,2024-01-31 11:27:59,2024-01-31T16:28:47+00:00,traffic-triggers-output,,,,,0,0,trigger_outputs
0048,Training Data 1.zip,2024-01-31 11:27:59,2024-01-31T16:28:47+00:00,traffic-triggers-output,,,,,0,0,trigger_outputs
0048,Training Data 1.zip,2024-01-31 11:27:59,2024-01-31T16:28:47+00:00,traffic-triggers-output,,,,,0,0,trigger_outputs
0048,Training Data 1.zip,2024-01-31 11:27:59,2024-01-31T16:28:47+00:00,traffic-triggers-output,,,,,0,0,trigger_outputs
0048,Training Data 1.zip,2024-01-31 11:27:59,2024-01-31T16:28:47+00:00,traffic-triggers-output,,,,,0,0,trigger_outputs
0048,Training Data 1.zip,2024-01-31 11:27:59,2024-01-31T16:28:47+00:00,traffic-triggers-output,,,,,0,0,trigger_outputs
0048,Training Data 1.zip,2024-01-31 11:27:59,2024-01-31T16:28:47+00:00,traffic-triggers-output,,,,,0,0,trigger_outputs
0048,Training Data 1.zip,2024-01-31 11:27:59,2024-01-31T16:28:47+00:00,traffic-triggers-output,,,,,0,0,trigger_outputs
0048,Training Data 1.zip,2024-01-31 11:27:59,2024-01-31T16:28:47+00:00,traffic-triggers-output,,,,,0,0,trigger_outputs
0048,Training Data 1.zip,2024-01-31 11:28:00,2024-01-31T16:28:47+00:00,traffic-triggers-output,,,,,0,0,trigger_outputs
0048,Training Data 1.zip,2024-01-31 11:28:00,2024-01-31T16:28:47+00:00,traffic-triggers-output,,,,,0,0,trigger_outputs
0048,Training Data 1.zip,2024-01-31 11:28:00,2024-01-31T16:28:47+00:00,traffic-triggers-output,,,,,0,0,trigger_outputs
0048,Training Data 1.zip,2024-01-31 11:28:00,2024-01-31T16:28:47+00:00,traffic-triggers-output,,,,,0,0,trigger_outputs
0048,Training Data 1.zip,2024-01-31 11:28:00,2024-01-31T16:28:47+00:00,traffic-triggers-output,,,,,0,0,trigger_outputs
0048,Training Data 1.zip,2024-01-31 11:28:00,2024-01-31T16:28:47+00:00,traffic-triggers-output,,,,,0,0,trigger_outputs
0048,Training Data 1.zip,2024-01-31 11:28:00,2024-01-31T16:28:47+00:00,traffic-triggers-output,,,,,0,0,trigger_outputs
0048,Training Data 1.zip,2024-01-31 11:28:00,2024-01-31T16:28:47+00:00,traffic-triggers-output,,,,,0,0,trigger_outputs
0048,Training Data 1.zip,2024-01-31 11:28:00,2024-01-31T16:28:47+00:00,traffic-triggers-output,,,,,0,0,trigger_outputs
0048,Training Data 1.zip,2024-01-31 11:28:00,2024-01-31T16:28:47+00:00,traffic-triggers-output,,,,,0,0,trigger_outputs
0048,Training Data 1.zip,2024-01-31 11:28:00,2024-01-31T16:28:47+00:00,traffic-triggers-output,,,,,0,0,trigger_outputs
0048,Training Data 1.zip,2024-01-31 11:28:00,2024-01-31T16:28:47+00:00,traffic-triggers-output,,,,,0,0,trigger_outputs
0048,Training Data 1.zip,2024-01-31 11:28:00,2024-01-31T16:28:47+00:00,traffic-triggers-output,,,,,0,0,trigger_outputs
0048,Training Data 1.zip,2024-01-31 11:28:00,2024-01-31T16:28:47+00:00,traffic-triggers-output,,,,,0,0,trigger_outputs
0048,Training Data 1.zip,2024-01-31 11:28:00,2024-01-31T16:28:47+00:00,traffic-triggers-output,,,,,0,0,trigger_outputs
0048,Training Data 1.zip,2024-01-31 11:28:00,2024-01-31T16:28:47+00:00,traffic-triggers-output,,,,,0,0,trigger_outputs
0048,Training Data 1.zip,2024-01-31 11:28:00,2024-01-31T16:28:47+00:00,traffic-triggers-output,,,,,0,0,trigger_outputs
0048,Training Data 1.zip,2024-01-31 11:28:00,2024-01-31T16:28:47+00:00,traffic-triggers-output,,,,,0,0,trigger_outputs
0048,Training Data 1.zip,2024-01-31 11:28:00,2024-01-31T16:28:47+00:00,traffic-triggers-output,,,,,0,0,trigger_outputs
0048,Training Data 1.zip,2024-01-31 11:28:00,2024-01-31T16:28:47+00:00,traffic-triggers-output,,,,,0,0,trigger_outputs
0048,Training Data 1.zip,2024-01-31 11:28:00,2024-01-31T16:28:47+00:00,traffic-triggers-output,,,,,0,0,trigger_outputs
0048,Training Data 1.zip,2024-01-31 11:28:00,2024-01-31T16:28:47+00:00,traffic-triggers-output,,,,,0,0,trigger_outputs
0048,Training Data 1.zip,2024-01-31 11:28:00,2024-01-31T16:28:47+00:00,traffic-triggers-output,,,,,0,0,trigger_outputs
0048,Training Data 1.zip,2024-01-31 11:28:00,2024-01-31T16:28:47+00:00,traffic-triggers-output,,,,,0,0,trigger_outputs
0048,Training Data 1.zip,2024-01-31 11:28:00,2024-01-31T16:28:47+00:00,traffic-triggers-output,,,,,0,0,trigger_outputs
0048,Training Data 1.zip,2024-01-31 11:28:00,2024-01-31T16:28:47+00:00,traffic-triggers-output,,,,,0,0,trigger_outputs
0048,Training Data 1.zip,2024-01-31 11:28:00,2024-01-31T16:28:47+00:00,traffic-triggers-output,,,,,0,0,trigger_outputs
0048,Training Data 1.zip,2024-01-31 11:28:00,2024-01-31T16:28:47+00:00,traffic-triggers-output,,,,,0,0,trigger_outputs
0048,Training Data 1.zip,2024-01-31 11:28:00,2024-01-31T16:28:47+00:00,traffic-triggers-output,,,,,0,0,trigger_outputs
0048,Training Data 1.zip,2024-01-31 11:28:00,2024-01-31T16:28:47+00:00,traffic-triggers-output,,,,,0,0,trigger_outputs
0048,Training Data 1.zip,2024-01-31 11:28:00,2024-01-31T16:28:47+00:00,traffic-triggers-output,,,,,0,0,trigger_outputs
0048,Training Data 1.zip,2024-01-31 11:28:00,2024-01-31T16:28:48+00:00,traffic-triggers-output,,,,,0,0,trigger_outputs
0048,Training Data 1.zip,2024-01-31 11:28:00,2024-01-31T16:28:48+00:00,traffic-triggers-output,,,,,0,0,trigger_outputs
0048,Training Data 1.zip,2024-01-31 11:28:00,2024-01-31T16:28:48+00:00,traffic-triggers-output,,,,,0,0,trigger_outputs
0048,Training Data 1.zip,2024-01-31 11:28:00,2024-01-31T16:28:48+00:00,traffic-triggers-output,,,,,0,0,trigger_outputs
0048,Training Data 1.zip,2024-01-31 11:28:00,2024-01-31T16:28:48+00:00,traffic-triggers-output,,,,,0,0,trigger_outputs
0048,Training Data 1.zip,2024-01-31 11:28:00,2024-01-31T16:28:48+00:00,traffic-triggers-output,,,,,0,0,trigger_outputs
0048,Training Data 1.zip,2024-01-31 11:28:00,2024-01-31T16:28:48+00:00,traffic-triggers-output,,,,,0,0,trigger_outputs
0048,Training Data 1.zip,2024-01-31 11:28:00,2024-01-31T16:28:48+00:00,traffic-triggers-output,,,,,0,0,trigger_outputs
0048,Training Data 1.zip,2024-01-31 11:28:00,2024-01-31T16:28:48+00:00,traffic-triggers-output,,,,,0,0,trigger_outputs
0048,Training Data 1.zip,2024-01-31 11:28:01,2024-01-31T16:28:48+00:00,traffic-triggers-output,,,,,0,0,trigger_outputs
0048,Training Data 1.zip,2024-01-31 11:28:01,2024-01-31T16:28:48+00:00,traffic-triggers-output,,,,,0,0,trigger_outputs
0048,Training Data 1.zip,2024-01-31 11:28:01,2024-01-31T16:28:48+00:00,traffic-triggers-output,,,,,0,0,trigger_outputs
0048,Training Data 1.zip,2024-01-31 11:28:01,2024-01-31T16:28:48+00:00,traffic-triggers-output,,,,,0,0,trigger_outputs
0048,Training Data 1.zip,2024-01-31 11:28:01,2024-01-31T16:28:48+00:00,traffic-triggers-output,,,,,0,0,trigger_outputs
0048,Training Data 1.zip,2024-01-31 11:28:01,2024-01-31T16:28:48+00:00,traffic-triggers-output,,,,,0,0,trigger_outputs
0048,Training Data 1.zip,2024-01-31 11:28:01,2024-01-31T16:28:48+00:00,traffic-triggers-output,,,,,0,0,trigger_outputs
0048,Training Data 1.zip,2024-01-31 11:28:01,2024-01-31T16:28:48+00:00,traffic-triggers-output,,,,,0,0,trigger_outputs
0048,Training Data 1.zip,2024-01-31 11:28:01,2024-01-31T16:28:48+00:00,traffic-triggers-output,,,,,0,0,trigger_outputs
0048,Training Data 1.zip,2024-01-31 11:28:01,2024-01-31T16:28:48+00:00,traffic-triggers-output,,,,,0,0,trigger_outputs
0048,Training Data 1.zip,2024-01-31 11:28:01,2024-01-31T16:28:48+00:00,traffic-triggers-output,,,,,0,0,trigger_outputs
0048,Training Data 1.zip,2024-01-31 11:28:01,2024-01-31T16:28:48+00:00,traffic-triggers-output,,,,,0,0,trigger_outputs
0048,Training Data 1.zip,2024-01-31 11:28:01,2024-01-31T16:28:48+00:00,traffic-triggers-output,,,,,0,0,trigger_outputs
0048,Training Data 1.zip,2024-01-31 11:28:01,2024-01-31T16:28:48+00:00,traffic-triggers-output,,,,,0,0,trigger_outputs
0048,Training Data 1.zip,2024-01-31 11:28:01,2024-01-31T16:28:48+00:00,traffic-triggers-output,,,,,0,0,trigger_outputs
0048,Training Data 1.zip,2024-01-31 11:28:01,2024-01-31T16:28:48+00:00,traffic-triggers-output,,,,,0,0,trigger_outputs
0048,Training Data 1.zip,2024-01-31 11:28:01,2024-01-31T16:28:48+00:00,traffic-triggers-output,,,,,0,0,trigger_outputs
0048,Training Data 1.zip,2024-01-31 11:28:01,2024-01-31T16:28:48+00:00,traffic-triggers-output,,,,,0,0,trigger_outputs
0048,Training Data 1.zip,2024-01-31 11:28:01,2024-01-31T16:28:48+00:00,traffic-triggers-output,,,,,0,0,trigger_outputs
0048,Training Data 1.zip,2024-01-31 11:28:01,2024-01-31T16:28:48+00:00,traffic-triggers-output,,,,,0,0,trigger_outputs
0048,Training Data 1.zip,2024-01-31 11:28:01,2024-01-31T16:28:48+00:00,traffic-triggers-output,,,,,0,0,trigger_outputs
0048,Training Data 1.zip,2024-01-31 11:28:01,2024-01-31T16:28:48+00:00,traffic-triggers-output,,,,,0,0,trigger_outputs
0048,Training Data 1.zip,2024-01-31 11:28:01,2024-01-31T16:28:48+00:00,traffic-triggers-output,,,,,0,0,trigger_outputs
0048,Training Data 1.zip,2024-01-31 11:28:01,2024-01-31T16:28:48+00:00,traffic-triggers-output,,,,,0,0,trigger_outputs
0048,Training Data 1.zip,2024-01-31 11:28:01,2024-01-31T16:28:48+00:00,traffic-triggers-output,,,,,0,0,trigger_outputs
0048,Training Data 1.zip,2024-01-31 11:28:01,2024-01-31T16:28:48+00:00,traffic-triggers-output,,,,,0,0,trigger_outputs
0048,Training Data 1.zip,2024-01-31 11:28:01,2024-01-31T16:28:48+00:00,traffic-triggers-output,,,,,0,0,trigger_outputs
0048,Training Data 1.zip,2024-01-31 11:28:01,2024-01-31T16:28:48+00:00,traffic-triggers-output,,,,,0,0,trigger_outputs
0048,Training Data 1.zip,2024-01-31 11:28:01,2024-01-31T16:28:48+00:00,traffic-triggers-output,,,,,0,0,trigger_outputs
0048,Training Data 1.zip,2024-01-31 11:28:01,2024-01-31T16:28:48+00:00,traffic-triggers-output,,,,,0,0,trigger_outputs
0048,Training Data 1.zip,2024-01-31 11:28:01,2024-01-31T16:28:48+00:00,traffic-triggers-output,,,,,0,0,trigger_outputs
0048,Training Data 1.zip,2024-01-31 11:28:01,2024-01-31T16:28:49+00:00,traffic-triggers-output,,,,,0,0,trigger_outputs
0048,Training Data 1.zip,2024-01-31 11:28:01,2024-01-31T16:28:49+00:00,traffic-triggers-output,,,,,0,0,trigger_outputs
0048,Training Data 1.zip,2024-01-31 11:28:01,2024-01-31T16:28:49+00:00,traffic-triggers-output,,,,,0,0,trigger_outputs
0048,Training Data 1.zip,2024-01-31 11:28:01,2024-01-31T16:28:49+00:00,traffic-triggers-output,,,,,0,0,trigger_outputs
0048,Training Data 1.zip,2024-01-31 11:28:01,2024-01-31T16:28:49+00:00,traffic-triggers-output,,,,,0,0,trigger_outputs
0048,Training Data 1.zip,2024-01-31 11:28:01,2024-01-31T16:28:49+00:00,traffic-triggers-output,,,,,0,0,trigger_outputs
0048,Training Data 1.zip,2024-01-31 11:28:01,2024-01-31T16:28:49+00:00,traffic-triggers-output,,,,,0,0,trigger_outputs
0048,Training Data 1.zip,2024-01-31 11:28:01,2024-01-31T16:28:49+00:00,traffic-triggers-output,,,,,0,0,trigger_outputs
0048,Training Data 1.zip,2024-01-31 11:28:01,2024-01-31T16:28:49+00:00,traffic-triggers-output,,,,,0,0,trigger_outputs
0048,Training Data 1.zip,2024-01-31 11:28:02,2024-01-31T16:28:49+00:00,traffic-triggers-output,,,,,0,0,trigger_outputs
0048,Training Data 1.zip,2024-01-31 11:28:02,2024-01-31T16:28:49+00:00,traffic-triggers-output,,,,,0,0,trigger_outputs
0048,Training Data 1.zip,2024-01-31 11:28:02,2024-01-31T16:28:49+00:00,traffic-triggers-output,,,,,0,0,trigger_outputs
0048,Training Data 1.zip,2024-01-31 11:28:02,2024-01-31T16:28:49+00:00,traffic-triggers-output,,,,,0,0,trigger_outputs
0048,Training Data 1.zip,2024-01-31 11:28:02,2024-01-31T16:28:49+00:00,traffic-triggers-output,,,,,0,0,trigger_outputs
0048,Training Data 1.zip,2024-01-31 11:28:02,2024-01-31T16:28:49+00:00,traffic-triggers-output,,,,,0,0,trigger_outputs
0048,Training Data 1.zip,2024-01-31 11:28:02,2024-01-31T16:28:49+00:00,traffic-triggers-output,,,,,0,0,trigger_outputs
0048,Training Data 1.zip,2024-01-31 11:28:02,2024-01-31T16:28:49+00:00,traffic-triggers-output,,,,,0,0,trigger_outputs
0048,Training Data 1.zip,2024-01-31 11:28:02,2024-01-31T16:28:49+00:00,traffic-triggers-output,,,,,0,0,trigger_outputs
0048,Training Data 1.zip,2024-01-31 11:28:02,2024-01-31T16:28:49+00:00,traffic-triggers-output,,,,,0,0,trigger_outputs
0048,Training Data 1.zip,2024-01-31 11:28:02,2024-01-31T16:28:49+00:00,traffic-triggers-output,,,,,0,0,trigger_outputs
0048,Training Data 1.zip,2024-01-31 11:28:02,2024-01-31T16:28:49+00:00,traffic-triggers-output,,,,,0,0,trigger_outputs
0048,Training Data 1.zip,2024-01-31 11:28:02,2024-01-31T16:28:49+00:00,traffic-triggers-output,,,,,0,0,trigger_outputs
0048,Training Data 1.zip,2024-01-31 11:28:02,2024-01-31T16:28:49+00:00,traffic-triggers-output,,,,,0,0,trigger_outputs
0048,Training Data 1.zip,2024-01-31 11:28:02,2024-01-31T16:28:49+00:00,traffic-triggers-output,,,,,0,0,trigger_outputs
0048,Training Data 1.zip,2024-01-31 11:28:02,2024-01-31T16:28:49+00:00,traffic-triggers-output,,,,,0,0,trigger_outputs
0048,Training Data 1.zip,2024-01-31 11:28:02,2024-01-31T16:28:49+00:00,traffic-triggers-output,,,,,0,0,trigger_outputs
0048,Training Data 1.zip,2024-01-31 11:28:02,2024-01-31T16:28:49+00:00,traffic-triggers-output,,,,,0,0,trigger_outputs
0048,Training Data 1.zip,2024-01-31 11:28:02,2024-01-31T16:28:49+00:00,traffic-triggers-output,,,,,0,0,trigger_outputs
0048,Training Data 1.zip,2024-01-31 11:28:02,2024-01-31T16:28:49+00:00,traffic-triggers-output,,,,,0,0,trigger_outputs
0048,Training Data 1.zip,2024-01-31 11:28:02,2024-01-31T16:28:49+00:00,traffic-triggers-output,,,,,0,0,trigger_outputs
0048,Training Data 1.zip,2024-01-31 11:28:02,2024-01-31T16:28:49+00:00,traffic-triggers-output,,,,,0,0,trigger_outputs
0048,Training Data 1.zip,2024-01-31 11:28:02,2024-01-31T16:28:49+00:00,traffic-triggers-output,,,,,0,0,trigger_outputs
0048,Training Data 1.zip,2024-01-31 11:28:02,2024-01-31T16:28:49+00:00,traffic-triggers-output,,,,,0,0,trigger_outputs
0048,Training Data 1.zip,2024-01-31 11:28:02,2024-01-31T16:28:49+00:00,traffic-triggers-output,,,,,0,0,trigger_outputs
0048,Training Data 1.zip,2024-01-31 11:28:02,2024-01-31T16:28:49+00:00,traffic-triggers-output,,,,,0,0,trigger_outputs
0048,Training Data 1.zip,2024-01-31 11:28:02,2024-01-31T16:28:49+00:00,traffic-triggers-output,,,,,0,0,trigger_outputs
0048,Training Data 1.zip,2024-01-31 11:28:02,2024-01-31T16:28:49+00:00,traffic-triggers-output,,,,,0,0,trigger_outputs
0048,Training Data 1.zip,2024-01-31 11:28:02,2024-01-31T16:28:49+00:00,traffic-triggers-output,,,,,0,0,trigger_outputs
0048,Training Data 1.zip,2024-01-31 11:28:02,2024-01-31T16:28:49+00:00,traffic-triggers-output,,,,,0,0,trigger_outputs
0048,Training Data 1.zip,2024-01-31 11:28:02,2024-01-31T16:28:49+00:00,traffic-triggers-output,,,,,0,0,trigger_outputs
0048,Training Data 1.zip,2024-01-31 11:28:02,2024-01-31T16:28:50+00:00,traffic-triggers-output,,,,,0,0,trigger_outputs
0048,Training Data 1.zip,2024-01-31 11:28:02,2024-01-31T16:28:50+00:00,traffic-triggers-output,,,,,0,0,trigger_outputs
0048,Training Data 1.zip,2024-01-31 11:28:02,2024-01-31T16:28:50+00:00,traffic-triggers-output,,,,,0,0,trigger_outputs
0048,Training Data 1.zip,2024-01-31 11:28:02,2024-01-31T16:28:50+00:00,traffic-triggers-output,,,,,0,0,trigger_outputs
0048,Training Data 1.zip,2024-01-31 11:28:02,2024-01-31T16:28:50+00:00,traffic-triggers-output,,,,,0,0,trigger_outputs
0048,Training Data 1.zip,2024-01-31 11:28:02,2024-01-31T16:28:50+00:00,traffic-triggers-output,,,,,0,0,trigger_outputs
0048,Training Data 1.zip,2024-01-31 11:28:02,2024-01-31T16:28:50+00:00,traffic-triggers-output,,,,,0,0,trigger_outputs
0048,Training Data 1.zip,2024-01-31 11:28:02,2024-01-31T16:28:50+00:00,traffic-triggers-output,,,,,0,0,trigger_outputs
0048,Training Data 1.zip,2024-01-31 11:28:02,2024-01-31T16:28:50+00:00,traffic-triggers-output,,,,,0,0,trigger_outputs
0048,Training Data 1.zip,2024-01-31 11:28:03,2024-01-31T16:28:50+00:00,traffic-triggers-output,,,,,0,0,trigger_outputs
0048,Training Data 1.zip,2024-01-31 11:28:03,2024-01-31T16:28:50+00:00,traffic-triggers-output,,,,,0,0,trigger_outputs
0048,Training Data 1.zip,2024-01-31 11:28:03,2024-01-31T16:28:50+00:00,traffic-triggers-output,,,,,0,0,trigger_outputs
0048,Training Data 1.zip,2024-01-31 11:28:03,2024-01-31T16:28:50+00:00,traffic-triggers-output,,,,,0,0,trigger_outputs
0048,Training Data 1.zip,2024-01-31 11:28:03,2024-01-31T16:28:50+00:00,traffic-triggers-output,,,,,0,0,trigger_outputs
0048,Training Data 1.zip,2024-01-31 11:28:03,2024-01-31T16:28:50+00:00,traffic-triggers-output,,,,,0,0,trigger_outputs
0048,Training Data 1.zip,2024-01-31 11:28:03,2024-01-31T16:28:50+00:00,traffic-triggers-output,,,,,0,0,trigger_outputs
0048,Training Data 1.zip,2024-01-31 11:28:03,2024-01-31T16:28:50+00:00,traffic-triggers-output,,,,,0,0,trigger_outputs
0048,Training Data 1.zip,2024-01-31 11:28:03,2024-01-31T16:28:50+00:00,traffic-triggers-output,,,,,0,0,trigger_outputs
0048,Training Data 1.zip,2024-01-31 11:28:03,2024-01-31T16:28:50+00:00,traffic-triggers-output,,,,,0,0,trigger_outputs
0048,Training Data 1.zip,2024-01-31 11:28:03,2024-01-31T16:28:50+00:00,traffic-triggers-output,,,,,0,0,trigger_outputs
0048,Training Data 1.zip,2024-01-31 11:28:03,2024-01-31T16:28:50+00:00,traffic-triggers-output,,,,,0,0,trigger_outputs
0048,Training Data 1.zip,2024-01-31 11:28:03,2024-01-31T16:28:50+00:00,traffic-triggers-output,,,,,0,0,trigger_outputs
0048,Training Data 1.zip,2024-01-31 11:28:03,2024-01-31T16:28:50+00:00,traffic-triggers-output,,,,,0,0,trigger_outputs
0048,Training Data 1.zip,2024-01-31 11:28:03,2024-01-31T16:28:50+00:00,traffic-triggers-output,,,,,0,0,trigger_outputs
0048,Training Data 1.zip,2024-01-31 11:28:03,2024-01-31T16:28:50+00:00,traffic-triggers-output,,,,,0,0,trigger_outputs
0048,Training Data 1.zip,2024-01-31 11:28:03,2024-01-31T16:28:50+00:00,traffic-triggers-output,,,,,0,0,trigger_outputs
0048,Training Data 1.zip,2024-01-31 11:28:03,2024-01-31T16:28:50+00:00,traffic-triggers-output,,,,,0,0,trigger_outputs
0048,Training Data 1.zip,2024-01-31 11:28:03,2024-01-31T16:28:50+00:00,traffic-triggers-output,,,,,0,0,trigger_outputs
0048,Training Data 1.zip,2024-01-31 11:28:03,2024-01-31T16:28:50+00:00,traffic-triggers-output,,,,,0,0,trigger_outputs
0048,Training Data 1.zip,2024-01-31 11:28:03,2024-01-31T16:28:50+00:00,traffic-triggers-output,,,,,0,0,trigger_outputs
0048,Training Data 1.zip,2024-01-31 11:28:03,2024-01-31T16:28:50+00:00,traffic-triggers-output,,,,,0,0,trigger_outputs
0048,Training Data 1.zip,2024-01-31 11:28:03,2024-01-31T16:28:50+00:00,traffic-triggers-output,,,,,0,0,trigger_outputs
0048,Training Data 1.zip,2024-01-31 11:28:03,2024-01-31T16:28:50+00:00,traffic-triggers-output,,,,,0,0,trigger_outputs
0048,Training Data 1.zip,2024-01-31 11:28:03,2024-01-31T16:28:50+00:00,traffic-triggers-output,,,,,0,0,trigger_outputs
0048,Training Data 1.zip,2024-01-31 11:28:03,2024-01-31T16:28:50+00:00,traffic-triggers-output,,,,,0,0,trigger_outputs
0048,Training Data 1.zip,2024-01-31 11:28:03,2024-01-31T16:28:50+00:00,traffic-triggers-output,,,,,0,0,trigger_outputs
0048,Training Data 1.zip,2024-01-31 11:28:03,2024-01-31T16:28:50+00:00,traffic-triggers-output,,,,,0,0,trigger_outputs
0048,Training Data 1.zip,2024-01-31 11:28:03,2024-01-31T16:28:50+00:00,traffic-triggers-output,,,,,0,0,trigger_outputs
0048,Training Data 1.zip,2024-01-31 11:28:03,2024-01-31T16:28:50+00:00,traffic-triggers-output,,,,,0,0,trigger_outputs
0048,Training Data 1.zip,2024-01-31 11:28:03,2024-01-31T16:28:50+00:00,traffic-triggers-output,,,,,0,0,trigger_outputs
0048,Training Data 1.zip,2024-01-31 11:28:03,2024-01-31T16:28:51+00:00,traffic-triggers-output,,,,,0,0,trigger_outputs
0048,Training Data 1.zip,2024-01-31 11:28:03,2024-01-31T16:28:51+00:00,traffic-triggers-output,,,,,0,0,trigger_outputs
0048,Training Data 1.zip,2024-01-31 11:28:03,2024-01-31T16:28:51+00:00,traffic-triggers-output,,,,,0,0,trigger_outputs
0048,Training Data 1.zip,2024-01-31 11:28:03,2024-01-31T16:28:51+00:00,traffic-triggers-output,,,,,0,0,trigger_outputs
0048,Training Data 1.zip,2024-01-31 11:28:03,2024-01-31T16:28:51+00:00,traffic-triggers-output,,,,,0,0,trigger_outputs
0048,Training Data 1.zip,2024-01-31 11:28:03,2024-01-31T16:28:51+00:00,traffic-triggers-output,,,,,0,0,trigger_outputs
0048,Training Data 1.zip,2024-01-31 11:28:03,2024-01-31T16:28:51+00:00,traffic-triggers-output,,,,,0,0,trigger_outputs
0048,Training Data 1.zip,2024-01-31 11:28:03,2024-01-31T16:28:51+00:00,traffic-triggers-output,,,,,0,0,trigger_outputs
0048,Training Data 1.zip,2024-01-31 11:28:03,2024-01-31T16:28:51+00:00,traffic-triggers-output,,,,,0,0,trigger_outputs
0048,Training Data 1.zip,2024-01-31 11:28:04,2024-01-31T16:28:51+00:00,traffic-triggers-output,,,,,0,0,trigger_outputs
0048,Training Data 1.zip,2024-01-31 11:28:04,2024-01-31T16:28:51+00:00,traffic-triggers-output,,,,,0,0,trigger_outputs
0048,Training Data 1.zip,2024-01-31 11:28:04,2024-01-31T16:28:51+00:00,traffic-triggers-output,,,,,0,0,trigger_outputs
0048,Training Data 1.zip,2024-01-31 11:28:04,2024-01-31T16:28:51+00:00,traffic-triggers-output,,,,,0,0,trigger_outputs
0048,Training Data 1.zip,2024-01-31 11:28:04,2024-01-31T16:28:51+00:00,traffic-triggers-output,,,,,0,0,trigger_outputs
0048,Training Data 1.zip,2024-01-31 11:28:04,2024-01-31T16:28:51+00:00,traffic-triggers-output,,,,,0,0,trigger_outputs
0048,Training Data 1.zip,2024-01-31 11:28:04,2024-01-31T16:28:51+00:00,traffic-triggers-output,,,,,0,0,trigger_outputs
0048,Training Data 1.zip,2024-01-31 11:28:04,2024-01-31T16:28:51+00:00,traffic-triggers-output,,,,,0,0,trigger_outputs
0048,Training Data 1.zip,2024-01-31 11:28:04,2024-01-31T16:28:51+00:00,traffic-triggers-output,,,,,0,0,trigger_outputs
0048,Training Data 1.zip,2024-01-31 11:28:04,2024-01-31T16:28:51+00:00,traffic-triggers-output,,,,,0,0,trigger_outputs
0048,Training Data 1.zip,2024-01-31 11:28:04,2024-01-31T16:28:51+00:00,traffic-triggers-output,,,,,0,0,trigger_outputs
0048,Training Data 1.zip,2024-01-31 11:28:04,2024-01-31T16:28:51+00:00,traffic-triggers-output,,,,,0,0,trigger_outputs
0048,Training Data 1.zip,2024-01-31 11:28:04,2024-01-31T16:28:51+00:00,traffic-triggers-output,,,,,0,0,trigger_outputs
0048,Training Data 1.zip,2024-01-31 11:28:04,2024-01-31T16:28:51+00:00,traffic-triggers-output,,,,,0,0,trigger_outputs
0048,Training Data 1.zip,2024-01-31 11:28:04,2024-01-31T16:28:51+00:00,traffic-triggers-output,,,,,0,0,trigger_outputs
0048,Training Data 1.zip,2024-01-31 11:28:04,2024-01-31T16:28:51+00:00,traffic-triggers-output,,,,,0,0,trigger_outputs
0048,Training Data 1.zip,2024-01-31 11:28:04,2024-01-31T16:28:51+00:00,traffic-triggers-output,,,,,0,0,trigger_outputs
0048,Training Data 1.zip,2024-01-31 11:28:04,2024-01-31T16:28:51+00:00,traffic-triggers-output,,,,,0,0,trigger_outputs
0048,Training Data 1.zip,2024-01-31 11:28:04,2024-01-31T16:28:51+00:00,traffic-triggers-output,,,,,0,0,trigger_outputs
0048,Training Data 1.zip,2024-01-31 11:28:04,2024-01-31T16:28:51+00:00,traffic-triggers-output,,,,,0,0,trigger_outputs
0048,Training Data 1.zip,2024-01-31 11:28:04,2024-01-31T16:28:51+00:00,traffic-triggers-output,,,,,0,0,trigger_outputs
0048,Training Data 1.zip,2024-01-31 11:28:04,2024-01-31T16:28:51+00:00,traffic-triggers-output,,,,,0,0,trigger_outputs
0048,Training Data 1.zip,2024-01-31 11:28:04,2024-01-31T16:28:51+00:00,traffic-triggers-output,,,,,0,0,trigger_outputs
0048,Training Data 1.zip,2024-01-31 11:28:04,2024-01-31T16:28:51+00:00,traffic-triggers-output,,,,,0,0,trigger_outputs
0048,Training Data 1.zip,2024-01-31 11:28:04,2024-01-31T16:28:51+00:00,traffic-triggers-output,,,,,0,0,trigger_outputs
0048,Training Data 1.zip,2024-01-31 11:28:04,2024-01-31T16:28:51+00:00,traffic-triggers-output,,,,,0,0,trigger_outputs
0048,Training Data 1.zip,2024-01-31 11:28:04,2024-01-31T16:28:51+00:00,traffic-triggers-output,,,,,0,0,trigger_outputs
0048,Training Data 1.zip,2024-01-31 11:28:04,2024-01-31T16:28:51+00:00,traffic-triggers-output,,,,,0,0,trigger_outputs
0048,Training Data 1.zip,2024-01-31 11:28:04,2024-01-31T16:28:51+00:00,traffic-triggers-output,,,,,0,0,trigger_outputs
0048,Training Data 1.zip,2024-01-31 11:28:04,2024-01-31T16:28:51+00:00,traffic-triggers-output,,,,,0,0,trigger_outputs
0048,Training Data 1.zip,2024-01-31 11:28:04,2024-01-31T16:28:51+00:00,traffic-triggers-output,,,,,0,0,trigger_outputs
0048,Training Data 1.zip,2024-01-31 11:28:04,2024-01-31T16:28:52+00:00,traffic-triggers-output,,,,,0,0,trigger_outputs
0048,Training Data 1.zip,2024-01-31 11:28:04,2024-01-31T16:28:52+00:00,traffic-triggers-output,,,,,0,0,trigger_outputs
0048,Training Data 1.zip,2024-01-31 11:28:04,2024-01-31T16:28:52+00:00,traffic-triggers-output,,,,,0,0,trigger_outputs
0048,Training Data 1.zip,2024-01-31 11:28:04,2024-01-31T16:28:52+00:00,traffic-triggers-output,,,,,0,0,trigger_outputs
0048,Training Data 1.zip,2024-01-31 11:28:04,2024-01-31T16:28:52+00:00,traffic-triggers-output,,,,,0,0,trigger_outputs
0048,Training Data 1.zip,2024-01-31 11:28:04,2024-01-31T16:28:52+00:00,traffic-triggers-output,,,,,0,0,trigger_outputs
0048,Training Data 1.zip,2024-01-31 11:28:04,2024-01-31T16:28:52+00:00,traffic-triggers-output,,,,,0,0,trigger_outputs
0048,Training Data 1.zip,2024-01-31 11:28:04,2024-01-31T16:28:52+00:00,traffic-triggers-output,,,,,0,0,trigger_outputs
0048,Training Data 1.zip,2024-01-31 11:28:04,2024-01-31T16:28:52+00:00,traffic-triggers-output,,,,,0,0,trigger_outputs
0048,Training Data 1.zip,2024-01-31 11:28:05,2024-01-31T16:28:52+00:00,traffic-triggers-output,,,,,0,0,trigger_outputs
0048,Training Data 1.zip,2024-01-31 11:28:05,2024-01-31T16:28:52+00:00,traffic-triggers-output,,,,,0,0,trigger_outputs
0048,Training Data 1.zip,2024-01-31 11:28:05,2024-01-31T16:28:52+00:00,traffic-triggers-output,,,,,0,0,trigger_outputs
0048,Training Data 1.zip,2024-01-31 11:28:05,2024-01-31T16:28:52+00:00,traffic-triggers-output,,,,,0,0,trigger_outputs
0048,Training Data 1.zip,2024-01-31 11:28:05,2024-01-31T16:28:52+00:00,traffic-triggers-output,,,,,0,0,trigger_outputs
0048,Training Data 1.zip,2024-01-31 11:28:05,2024-01-31T16:28:52+00:00,traffic-triggers-output,,,,,0,0,trigger_outputs
0048,Training Data 1.zip,2024-01-31 11:28:05,2024-01-31T16:28:52+00:00,traffic-triggers-output,,,,,0,0,trigger_outputs
0048,Training Data 1.zip,2024-01-31 11:28:05,2024-01-31T16:28:52+00:00,traffic-triggers-output,,,,,0,0,trigger_outputs
0048,Training Data 1.zip,2024-01-31 11:28:05,2024-01-31T16:28:52+00:00,traffic-triggers-output,,,,,0,0,trigger_outputs
0048,Training Data 1.zip,2024-01-31 11:28:05,2024-01-31T16:28:52+00:00,traffic-triggers-output,,,,,0,0,trigger_outputs
0048,Training Data 1.zip,2024-01-31 11:28:05,2024-01-31T16:28:52+00:00,traffic-triggers-output,,,,,0,0,trigger_outputs
0048,Training Data 1.zip,2024-01-31 11:28:05,2024-01-31T16:28:52+00:00,traffic-triggers-output,,,,,0,0,trigger_outputs
0048,Training Data 1.zip,2024-01-31 11:28:05,2024-01-31T16:28:52+00:00,traffic-triggers-output,,,,,0,0,trigger_outputs
0048,Training Data 1.zip,2024-01-31 11:28:05,2024-01-31T16:28:52+00:00,traffic-triggers-output,,,,,0,0,trigger_outputs
0048,Training Data 1.zip,2024-01-31 11:28:05,2024-01-31T16:28:52+00:00,traffic-triggers-output,,,,,0,0,trigger_outputs
0048,Training Data 1.zip,2024-01-31 11:28:05,2024-01-31T16:28:52+00:00,traffic-triggers-output,,,,,0,0,trigger_outputs
0048,Training Data 1.zip,2024-01-31 11:28:05,2024-01-31T16:28:52+00:00,traffic-triggers-output,,,,,0,0,trigger_outputs
0048,Training Data 1.zip,2024-01-31 11:28:05,2024-01-31T16:28:52+00:00,traffic-triggers-output,,,,,0,0,trigger_outputs
0048,Training Data 1.zip,2024-01-31 11:28:05,2024-01-31T16:28:52+00:00,traffic-triggers-output,,,,,0,0,trigger_outputs
0048,Training Data 1.zip,2024-01-31 11:28:05,2024-01-31T16:28:52+00:00,traffic-triggers-output,,,,,0,0,trigger_outputs
0048,Training Data 1.zip,2024-01-31 11:28:05,2024-01-31T16:28:52+00:00,traffic-triggers-output,,,,,0,0,trigger_outputs
0048,Training Data 1.zip,2024-01-31 11:28:05,2024-01-31T16:28:52+00:00,traffic-triggers-output,,,,,0,0,trigger_outputs
0048,Training Data 1.zip,2024-01-31 11:28:05,2024-01-31T16:28:52+00:00,traffic-triggers-output,,,,,0,0,trigger_outputs
0048,Training Data 1.zip,2024-01-31 11:28:05,2024-01-31T16:28:52+00:00,traffic-triggers-output,,,,,0,0,trigger_outputs
0048,Training Data 1.zip,2024-01-31 11:28:05,2024-01-31T16:28:52+00:00,traffic-triggers-output,,,,,0,0,trigger_outputs
0048,Training Data 1.zip,2024-01-31 11:28:05,2024-01-31T16:28:52+00:00,traffic-triggers-output,,,,,0,0,trigger_outputs
0048,Training Data 1.zip,2024-01-31 11:28:05,2024-01-31T16:28:52+00:00,traffic-triggers-output,,,,,0,0,trigger_outputs
0048,Training Data 1.zip,2024-01-31 11:28:05,2024-01-31T16:28:52+00:00,traffic-triggers-output,,,,,0,0,trigger_outputs
0048,Training Data 1.zip,2024-01-31 11:28:05,2024-01-31T16:28:52+00:00,traffic-triggers-output,,,,,0,0,trigger_outputs
0048,Training Data 1.zip,2024-01-31 11:28:05,2024-01-31T16:28:52+00:00,traffic-triggers-output,,,,,0,0,trigger_outputs
0048,Training Data 1.zip,2024-01-31 11:28:05,2024-01-31T16:28:52+00:00,traffic-triggers-output,,,,,0,0,trigger_outputs
0048,Training Data 1.zip,2024-01-31 11:28:05,2024-01-31T16:28:53+00:00,traffic-triggers-output,,,,,0,0,trigger_outputs
0048,Training Data 1.zip,2024-01-31 11:28:05,2024-01-31T16:28:53+00:00,traffic-triggers-output,,,,,0,0,trigger_outputs
0048,Training Data 1.zip,2024-01-31 11:28:05,2024-01-31T16:28:53+00:00,traffic-triggers-output,,,,,0,0,trigger_outputs
0048,Training Data 1.zip,2024-01-31 11:28:05,2024-01-31T16:28:53+00:00,traffic-triggers-output,,,,,0,0,trigger_outputs
0048,Training Data 1.zip,2024-01-31 11:28:05,2024-01-31T16:28:53+00:00,traffic-triggers-output,,,,,0,0,trigger_outputs
0048,Training Data 1.zip,2024-01-31 11:28:05,2024-01-31T16:28:53+00:00,traffic-triggers-output,,,,,0,0,trigger_outputs
0048,Training Data 1.zip,2024-01-31 11:28:05,2024-01-31T16:28:53+00:00,traffic-triggers-output,,,,,0,0,trigger_outputs
0048,Training Data 1.zip,2024-01-31 11:28:05,2024-01-31T16:28:53+00:00,traffic-triggers-output,,,,,0,0,trigger_outputs
0048,Training Data 1.zip,2024-01-31 11:28:05,2024-01-31T16:28:53+00:00,traffic-triggers-output,,,,,0,0,trigger_outputs
0048,Training Data 1.zip,2024-01-31 11:28:06,2024-01-31T16:28:53+00:00,traffic-triggers-output,,,,,0,0,trigger_outputs
0048,Training Data 1.zip,2024-01-31 11:28:06,2024-01-31T16:28:53+00:00,traffic-triggers-output,,,,,0,0,trigger_outputs
0048,Training Data 1.zip,2024-01-31 11:28:06,2024-01-31T16:28:53+00:00,traffic-triggers-output,,,,,0,0,trigger_outputs
0048,Training Data 1.zip,2024-01-31 11:28:06,2024-01-31T16:28:53+00:00,traffic-triggers-output,,,,,0,0,trigger_outputs
0048,Training Data 1.zip,2024-01-31 11:28:06,2024-01-31T16:28:53+00:00,traffic-triggers-output,,,,,0,0,trigger_outputs
0048,Training Data 1.zip,2024-01-31 11:28:06,2024-01-31T16:28:53+00:00,traffic-triggers-output,,,,,0,0,trigger_outputs
0048,Training Data 1.zip,2024-01-31 11:28:06,2024-01-31T16:28:53+00:00,traffic-triggers-output,,,,,0,0,trigger_outputs
0048,Training Data 1.zip,2024-01-31 11:28:06,2024-01-31T16:28:53+00:00,traffic-triggers-output,,,,,0,0,trigger_outputs
0048,Training Data 1.zip,2024-01-31 11:28:06,2024-01-31T16:28:53+00:00,traffic-triggers-output,,,,,0,0,trigger_outputs
0048,Training Data 1.zip,2024-01-31 11:28:06,2024-01-31T16:28:53+00:00,traffic-triggers-output,,,,,0,0,trigger_outputs
0048,Training Data 1.zip,2024-01-31 11:28:06,2024-01-31T16:28:53+00:00,traffic-triggers-output,,,,,0,0,trigger_outputs
0048,Training Data 1.zip,2024-01-31 11:28:06,2024-01-31T16:28:53+00:00,traffic-triggers-output,,,,,0,0,trigger_outputs
0048,Training Data 1.zip,2024-01-31 11:28:06,2024-01-31T16:28:53+00:00,traffic-triggers-output,,,,,0,0,trigger_outputs
0048,Training Data 1.zip,2024-01-31 11:28:06,2024-01-31T16:28:53+00:00,traffic-triggers-output,,,,,0,0,trigger_outputs
0048,Training Data 1.zip,2024-01-31 11:28:06,2024-01-31T16:28:53+00:00,traffic-triggers-output,,,,,0,0,trigger_outputs
0048,Training Data 1.zip,2024-01-31 11:28:06,2024-01-31T16:28:53+00:00,traffic-triggers-output,,,,,0,0,trigger_outputs
0048,Training Data 1.zip,2024-01-31 11:28:06,2024-01-31T16:28:53+00:00,traffic-triggers-output,,,,,0,0,trigger_outputs
0048,Training Data 1.zip,2024-01-31 11:28:06,2024-01-31T16:28:53+00:00,traffic-triggers-output,,,,,0,0,trigger_outputs
0048,Training Data 1.zip,2024-01-31 11:28:06,2024-01-31T16:28:53+00:00,traffic-triggers-output,,,,,0,0,trigger_outputs
0048,Training Data 1.zip,2024-01-31 11:28:06,2024-01-31T16:28:53+00:00,traffic-triggers-output,,,,,0,0,trigger_outputs
0048,Training Data 1.zip,2024-01-31 11:28:06,2024-01-31T16:28:53+00:00,traffic-triggers-output,,,,,0,0,trigger_outputs
0048,Training Data 1.zip,2024-01-31 11:28:06,2024-01-31T16:28:53+00:00,traffic-triggers-output,,,,,0,0,trigger_outputs
0048,Training Data 1.zip,2024-01-31 11:28:06,2024-01-31T16:28:53+00:00,traffic-triggers-output,,,,,0,0,trigger_outputs
0048,Training Data 1.zip,2024-01-31 11:28:06,2024-01-31T16:28:53+00:00,traffic-triggers-output,,,,,0,0,trigger_outputs
0048,Training Data 1.zip,2024-01-31 11:28:06,2024-01-31T16:28:53+00:00,traffic-triggers-output,,,,,0,0,trigger_outputs
0048,Training Data 1.zip,2024-01-31 11:28:06,2024-01-31T16:28:53+00:00,traffic-triggers-output,,,,,0,0,trigger_outputs
0048,Training Data 1.zip,2024-01-31 11:28:06,2024-01-31T16:28:53+00:00,traffic-triggers-output,,,,,0,0,trigger_outputs
0048,Training Data 1.zip,2024-01-31 11:28:06,2024-01-31T16:28:53+00:00,traffic-triggers-output,,,,,0,0,trigger_outputs
0048,Training Data 1.zip,2024-01-31 11:28:06,2024-01-31T16:28:53+00:00,traffic-triggers-output,,,,,0,0,trigger_outputs
0048,Training Data 1.zip,2024-01-31 11:28:06,2024-01-31T16:28:53+00:00,traffic-triggers-output,,,,,0,0,trigger_outputs
0048,Training Data 1.zip,2024-01-31 11:28:06,2024-01-31T16:28:53+00:00,traffic-triggers-output,,,,,0,0,trigger_outputs
0048,Training Data 1.zip,2024-01-31 11:28:06,2024-01-31T16:28:54+00:00,traffic-triggers-output,,,,,0,0,trigger_outputs
0048,Training Data 1.zip,2024-01-31 11:28:06,2024-01-31T16:28:54+00:00,traffic-triggers-output,,,,,0,0,trigger_outputs
0048,Training Data 1.zip,2024-01-31 11:28:06,2024-01-31T16:28:54+00:00,traffic-triggers-output,,,,,0,0,trigger_outputs
0048,Training Data 1.zip,2024-01-31 11:28:06,2024-01-31T16:28:54+00:00,traffic-triggers-output,,,,,0,0,trigger_outputs
0048,Training Data 1.zip,2024-01-31 11:28:06,2024-01-31T16:28:54+00:00,traffic-triggers-output,,,,,0,0,trigger_outputs
0048,Training Data 1.zip,2024-01-31 11:28:06,2024-01-31T16:28:54+00:00,traffic-triggers-output,,,,,0,0,trigger_outputs
0048,Training Data 1.zip,2024-01-31 11:28:06,2024-01-31T16:28:54+00:00,traffic-triggers-output,,,,,0,0,trigger_outputs
0048,Training Data 1.zip,2024-01-31 11:28:06,2024-01-31T16:28:54+00:00,traffic-triggers-output,,,,,0,0,trigger_outputs
0048,Training Data 1.zip,2024-01-31 11:28:06,2024-01-31T16:28:54+00:00,traffic-triggers-output,,,,,0,0,trigger_outputs
0048,Training Data 1.zip,2024-01-31 11:28:07,2024-01-31T16:28:54+00:00,traffic-triggers-output,,,,,0,0,trigger_outputs
0048,Training Data 1.zip,2024-01-31 11:28:07,2024-01-31T16:28:54+00:00,traffic-triggers-output,,,,,0,0,trigger_outputs
0048,Training Data 1.zip,2024-01-31 11:28:07,2024-01-31T16:28:54+00:00,traffic-triggers-output,,,,,0,0,trigger_outputs
0048,Training Data 1.zip,2024-01-31 11:28:07,2024-01-31T16:28:54+00:00,traffic-triggers-output,,,,,0,0,trigger_outputs
0048,Training Data 1.zip,2024-01-31 11:28:07,2024-01-31T16:28:54+00:00,traffic-triggers-output,,,,,0,0,trigger_outputs
0048,Training Data 1.zip,2024-01-31 11:28:07,2024-01-31T16:28:54+00:00,traffic-triggers-output,,,,,0,0,trigger_outputs
0048,Training Data 1.zip,2024-01-31 11:28:07,2024-01-31T16:28:54+00:00,traffic-triggers-output,,,,,0,0,trigger_outputs
0048,Training Data 1.zip,2024-01-31 11:28:07,2024-01-31T16:28:54+00:00,traffic-triggers-output,,,,,0,0,trigger_outputs
0048,Training Data 1.zip,2024-01-31 11:28:07,2024-01-31T16:28:54+00:00,traffic-triggers-output,,,,,0,0,trigger_outputs
0048,Training Data 1.zip,2024-01-31 11:28:07,2024-01-31T16:28:54+00:00,traffic-triggers-output,,,,,0,0,trigger_outputs
0048,Training Data 1.zip,2024-01-31 11:28:07,2024-01-31T16:28:54+00:00,traffic-triggers-output,,,,,0,0,trigger_outputs
0048,Training Data 1.zip,2024-01-31 11:28:07,2024-01-31T16:28:54+00:00,traffic-triggers-output,,,,,0,0,trigger_outputs
0048,Training Data 1.zip,2024-01-31 11:28:07,2024-01-31T16:28:54+00:00,traffic-triggers-output,,,,,0,0,trigger_outputs
0048,Training Data 1.zip,2024-01-31 11:28:07,2024-01-31T16:28:54+00:00,traffic-triggers-output,,,,,0,0,trigger_outputs
0048,Training Data 1.zip,2024-01-31 11:28:07,2024-01-31T16:28:54+00:00,traffic-triggers-output,,,,,0,0,trigger_outputs
0048,Training Data 1.zip,2024-01-31 11:28:07,2024-01-31T16:28:54+00:00,traffic-triggers-output,,,,,0,0,trigger_outputs
0048,Training Data 1.zip,2024-01-31 11:28:07,2024-01-31T16:28:54+00:00,traffic-triggers-output,,,,,0,0,trigger_outputs
0048,Training Data 1.zip,2024-01-31 11:28:07,2024-01-31T16:28:54+00:00,traffic-triggers-output,,,,,0,0,trigger_outputs
0048,Training Data 1.zip,2024-01-31 11:28:07,2024-01-31T16:28:54+00:00,traffic-triggers-output,,,,,0,0,trigger_outputs
0048,Training Data 1.zip,2024-01-31 11:28:07,2024-01-31T16:28:54+00:00,traffic-triggers-output,,,,,0,0,trigger_outputs
0048,Training Data 1.zip,2024-01-31 11:28:07,2024-01-31T16:28:54+00:00,traffic-triggers-output,,,,,0,0,trigger_outputs
0048,Training Data 1.zip,2024-01-31 11:28:07,2024-01-31T16:28:54+00:00,traffic-triggers-output,,,,,0,0,trigger_outputs
0048,Training Data 1.zip,2024-01-31 11:28:07,2024-01-31T16:28:54+00:00,traffic-triggers-output,,,,,0,0,trigger_outputs
0048,Training Data 1.zip,2024-01-31 11:28:07,2024-01-31T16:28:54+00:00,traffic-triggers-output,,,,,0,0,trigger_outputs
0048,Training Data 1.zip,2024-01-31 11:28:07,2024-01-31T16:28:54+00:00,traffic-triggers-output,,,,,0,0,trigger_outputs
0048,Training Data 1.zip,2024-01-31 11:28:07,2024-01-31T16:28:54+00:00,traffic-triggers-output,,,,,0,0,trigger_outputs
0048,Training Data 1.zip,2024-01-31 11:28:07,2024-01-31T16:28:54+00:00,traffic-triggers-output,,,,,0,0,trigger_outputs
0048,Training Data 1.zip,2024-01-31 11:28:07,2024-01-31T16:28:54+00:00,traffic-triggers-output,,,,,0,0,trigger_outputs
0048,Training Data 1.zip,2024-01-31 11:28:07,2024-01-31T16:28:54+00:00,traffic-triggers-output,,,,,0,0,trigger_outputs
0048,Training Data 1.zip,2024-01-31 11:28:07,2024-01-31T16:28:54+00:00,traffic-triggers-output,,,,,0,0,trigger_outputs
0048,Training Data 1.zip,2024-01-31 11:28:07,2024-01-31T16:28:54+00:00,traffic-triggers-output,,,,,0,0,trigger_outputs
0048,Training Data 1.zip,2024-01-31 11:28:07,2024-01-31T16:28:55+00:00,traffic-triggers-output,,,,,0,0,trigger_outputs
0048,Training Data 1.zip,2024-01-31 11:28:07,2024-01-31T16:28:55+00:00,traffic-triggers-output,,,,,0,0,trigger_outputs
0048,Training Data 1.zip,2024-01-31 11:28:07,2024-01-31T16:28:55+00:00,traffic-triggers-output,,,,,0,0,trigger_outputs
0048,Training Data 1.zip,2024-01-31 11:28:07,2024-01-31T16:28:55+00:00,traffic-triggers-output,,,,,0,0,trigger_outputs
0048,Training Data 1.zip,2024-01-31 11:28:07,2024-01-31T16:28:55+00:00,traffic-triggers-output,,,,,0,0,trigger_outputs
0048,Training Data 1.zip,2024-01-31 11:28:07,2024-01-31T16:28:55+00:00,traffic-triggers-output,,,,,0,0,trigger_outputs
0048,Training Data 1.zip,2024-01-31 11:28:07,2024-01-31T16:28:55+00:00,traffic-triggers-output,,,,,0,0,trigger_outputs
0048,Training Data 1.zip,2024-01-31 11:28:07,2024-01-31T16:28:55+00:00,traffic-triggers-output,,,,,0,0,trigger_outputs
0048,Training Data 1.zip,2024-01-31 11:28:07,2024-01-31T16:28:55+00:00,traffic-triggers-output,,,,,0,0,trigger_outputs
0048,Training Data 1.zip,2024-01-31 11:28:08,2024-01-31T16:28:55+00:00,traffic-triggers-output,,,,,0,0,trigger_outputs
0048,Training Data 1.zip,2024-01-31 11:28:08,2024-01-31T16:28:55+00:00,traffic-triggers-output,,,,,0,0,trigger_outputs
0048,Training Data 1.zip,2024-01-31 11:28:08,2024-01-31T16:28:55+00:00,traffic-triggers-output,,,,,0,0,trigger_outputs
0048,Training Data 1.zip,2024-01-31 11:28:08,2024-01-31T16:28:55+00:00,traffic-triggers-output,,,,,0,0,trigger_outputs
0048,Training Data 1.zip,2024-01-31 11:28:08,2024-01-31T16:28:55+00:00,traffic-triggers-output,,,,,0,0,trigger_outputs
0048,Training Data 1.zip,2024-01-31 11:28:08,2024-01-31T16:28:55+00:00,traffic-triggers-output,,,,,0,0,trigger_outputs
0048,Training Data 1.zip,2024-01-31 11:28:08,2024-01-31T16:28:55+00:00,traffic-triggers-output,,,,,0,0,trigger_outputs
0048,Training Data 1.zip,2024-01-31 11:28:08,2024-01-31T16:28:55+00:00,traffic-triggers-output,,,,,0,0,trigger_outputs
0048,Training Data 1.zip,2024-01-31 11:28:08,2024-01-31T16:28:55+00:00,traffic-triggers-output,,,,,0,0,trigger_outputs
0048,Training Data 1.zip,2024-01-31 11:28:08,2024-01-31T16:28:55+00:00,traffic-triggers-output,,,,,0,0,trigger_outputs
0048,Training Data 1.zip,2024-01-31 11:28:08,2024-01-31T16:28:55+00:00,traffic-triggers-output,,,,,0,0,trigger_outputs
0048,Training Data 1.zip,2024-01-31 11:28:08,2024-01-31T16:28:55+00:00,traffic-triggers-output,,,,,0,0,trigger_outputs
0048,Training Data 1.zip,2024-01-31 11:28:08,2024-01-31T16:28:55+00:00,traffic-triggers-output,,,,,0,0,trigger_outputs
0048,Training Data 1.zip,2024-01-31 11:28:08,2024-01-31T16:28:55+00:00,traffic-triggers-output,,,,,0,0,trigger_outputs
0048,Training Data 1.zip,2024-01-31 11:28:08,2024-01-31T16:28:55+00:00,traffic-triggers-output,,,,,0,0,trigger_outputs
0048,Training Data 1.zip,2024-01-31 11:28:08,2024-01-31T16:28:55+00:00,traffic-triggers-output,,,,,0,0,trigger_outputs
0048,Training Data 1.zip,2024-01-31 11:28:08,2024-01-31T16:28:55+00:00,traffic-triggers-output,,,,,0,0,trigger_outputs
0048,Training Data 1.zip,2024-01-31 11:28:08,2024-01-31T16:28:55+00:00,traffic-triggers-output,,,,,0,0,trigger_outputs
0048,Training Data 1.zip,2024-01-31 11:28:08,2024-01-31T16:28:55+00:00,traffic-triggers-output,,,,,0,0,trigger_outputs
0048,Training Data 1.zip,2024-01-31 11:28:08,2024-01-31T16:28:55+00:00,traffic-triggers-output,,,,,0,0,trigger_outputs
0048,Training Data 1.zip,2024-01-31 11:28:08,2024-01-31T16:28:55+00:00,traffic-triggers-output,,,,,0,0,trigger_outputs
0048,Training Data 1.zip,2024-01-31 11:28:08,2024-01-31T16:28:55+00:00,traffic-triggers-output,,,,,0,0,trigger_outputs
0048,Training Data 1.zip,2024-01-31 11:28:08,2024-01-31T16:28:55+00:00,traffic-triggers-output,,,,,0,0,trigger_outputs
0048,Training Data 1.zip,2024-01-31 11:28:08,2024-01-31T16:28:55+00:00,traffic-triggers-output,,,,,0,0,trigger_outputs
0048,Training Data 1.zip,2024-01-31 11:28:08,2024-01-31T16:28:55+00:00,traffic-triggers-output,,,,,0,0,trigger_outputs
0048,Training Data 1.zip,2024-01-31 11:28:08,2024-01-31T16:28:55+00:00,traffic-triggers-output,,,,,0,0,trigger_outputs
0048,Training Data 1.zip,2024-01-31 11:28:08,2024-01-31T16:28:55+00:00,traffic-triggers-output,,,,,0,0,trigger_outputs
0048,Training Data 1.zip,2024-01-31 11:28:08,2024-01-31T16:28:55+00:00,traffic-triggers-output,,,,,0,0,trigger_outputs
0048,Training Data 1.zip,2024-01-31 11:28:08,2024-01-31T16:28:55+00:00,traffic-triggers-output,,,,,0,0,trigger_outputs
0048,Training Data 1.zip,2024-01-31 11:28:08,2024-01-31T16:28:55+00:00,traffic-triggers-output,,,,,0,0,trigger_outputs
0048,Training Data 1.zip,2024-01-31 11:28:08,2024-01-31T16:28:55+00:00,traffic-triggers-output,,,,,0,0,trigger_outputs
0048,Training Data 1.zip,2024-01-31 11:28:08,2024-01-31T16:28:56+00:00,traffic-triggers-output,,,,,0,0,trigger_outputs
0048,Training Data 1.zip,2024-01-31 11:28:08,2024-01-31T16:28:56+00:00,traffic-triggers-output,,,,,0,0,trigger_outputs
0048,Training Data 1.zip,2024-01-31 11:28:08,2024-01-31T16:28:56+00:00,traffic-triggers-output,,,,,0,0,trigger_outputs
0048,Training Data 1.zip,2024-01-31 11:28:08,2024-01-31T16:28:56+00:00,traffic-triggers-output,,,,,0,0,trigger_outputs
0048,Training Data 1.zip,2024-01-31 11:28:08,2024-01-31T16:28:56+00:00,traffic-triggers-output,,,,,0,0,trigger_outputs
0048,Training Data 1.zip,2024-01-31 11:28:08,2024-01-31T16:28:56+00:00,traffic-triggers-output,,,,,0,0,trigger_outputs
0048,Training Data 1.zip,2024-01-31 11:28:08,2024-01-31T16:28:56+00:00,traffic-triggers-output,,,,,0,0,trigger_outputs
0048,Training Data 1.zip,2024-01-31 11:28:08,2024-01-31T16:28:56+00:00,traffic-triggers-output,,,,,0,0,trigger_outputs
0048,Training Data 1.zip,2024-01-31 11:28:08,2024-01-31T16:28:56+00:00,traffic-triggers-output,,,,,0,0,trigger_outputs
0048,Training Data 1.zip,2024-01-31 11:28:09,2024-01-31T16:28:56+00:00,traffic-triggers-output,,,,,0,0,trigger_outputs
0048,Training Data 1.zip,2024-01-31 11:28:09,2024-01-31T16:28:56+00:00,traffic-triggers-output,,,,,0,0,trigger_outputs
0048,Training Data 1.zip,2024-01-31 11:28:09,2024-01-31T16:28:56+00:00,traffic-triggers-output,,,,,0,0,trigger_outputs
0048,Training Data 1.zip,2024-01-31 11:28:09,2024-01-31T16:28:56+00:00,traffic-triggers-output,,,,,0,0,trigger_outputs
0048,Training Data 1.zip,2024-01-31 11:28:09,2024-01-31T16:28:56+00:00,traffic-triggers-output,,,,,0,0,trigger_outputs
0048,Training Data 1.zip,2024-01-31 11:28:09,2024-01-31T16:28:56+00:00,traffic-triggers-output,,,,,0,0,trigger_outputs
0048,Training Data 1.zip,2024-01-31 11:28:09,2024-01-31T16:28:56+00:00,traffic-triggers-output,,,,,0,0,trigger_outputs
0048,Training Data 1.zip,2024-01-31 11:28:09,2024-01-31T16:28:56+00:00,traffic-triggers-output,,,,,0,0,trigger_outputs
0048,Training Data 1.zip,2024-01-31 11:28:09,2024-01-31T16:28:56+00:00,traffic-triggers-output,,,,,0,0,trigger_outputs
0048,Training Data 1.zip,2024-01-31 11:28:09,2024-01-31T16:28:56+00:00,traffic-triggers-output,,,,,0,0,trigger_outputs
0048,Training Data 1.zip,2024-01-31 11:28:09,2024-01-31T16:28:56+00:00,traffic-triggers-output,,,,,0,0,trigger_outputs
0048,Training Data 1.zip,2024-01-31 11:28:09,2024-01-31T16:28:56+00:00,traffic-triggers-output,,,,,0,0,trigger_outputs
0048,Training Data 1.zip,2024-01-31 11:28:09,2024-01-31T16:28:56+00:00,traffic-triggers-output,,,,,0,0,trigger_outputs
0048,Training Data 1.zip,2024-01-31 11:28:09,2024-01-31T16:28:56+00:00,traffic-triggers-output,,,,,0,0,trigger_outputs
0048,Training Data 1.zip,2024-01-31 11:28:09,2024-01-31T16:28:56+00:00,traffic-triggers-output,,,,,0,0,trigger_outputs
0048,Training Data 1.zip,2024-01-31 11:28:09,2024-01-31T16:28:56+00:00,traffic-triggers-output,,,,,0,0,trigger_outputs
0048,Training Data 1.zip,2024-01-31 11:28:09,2024-01-31T16:28:56+00:00,traffic-triggers-output,,,,,0,0,trigger_outputs
0048,Training Data 1.zip,2024-01-31 11:28:09,2024-01-31T16:28:56+00:00,traffic-triggers-output,,,,,0,0,trigger_outputs
0048,Training Data 1.zip,2024-01-31 11:28:09,2024-01-31T16:28:56+00:00,traffic-triggers-output,,,,,0,0,trigger_outputs
0048,Training Data 1.zip,2024-01-31 11:28:09,2024-01-31T16:28:56+00:00,traffic-triggers-output,,,,,0,0,trigger_outputs
0048,Training Data 1.zip,2024-01-31 11:28:09,2024-01-31T16:28:56+00:00,traffic-triggers-output,,,,,0,0,trigger_outputs
0048,Training Data 1.zip,2024-01-31 11:28:09,2024-01-31T16:28:56+00:00,traffic-triggers-output,,,,,0,0,trigger_outputs
0048,Training Data 1.zip,2024-01-31 11:28:09,2024-01-31T16:28:56+00:00,traffic-triggers-output,,,,,0,0,trigger_outputs
0048,Training Data 1.zip,2024-01-31 11:28:09,2024-01-31T16:28:56+00:00,traffic-triggers-output,,,,,0,0,trigger_outputs
0048,Training Data 1.zip,2024-01-31 11:28:09,2024-01-31T16:28:56+00:00,traffic-triggers-output,,,,,0,0,trigger_outputs
0048,Training Data 1.zip,2024-01-31 11:28:09,2024-01-31T16:28:56+00:00,traffic-triggers-output,,,,,0,0,trigger_outputs
0048,Training Data 1.zip,2024-01-31 11:28:09,2024-01-31T16:28:56+00:00,traffic-triggers-output,,,,,0,0,trigger_outputs
0048,Training Data 1.zip,2024-01-31 11:28:09,2024-01-31T16:28:56+00:00,traffic-triggers-output,,,,,0,0,trigger_outputs
0048,Training Data 1.zip,2024-01-31 11:28:09,2024-01-31T16:28:56+00:00,traffic-triggers-output,,,,,0,0,trigger_outputs
0048,Training Data 1.zip,2024-01-31 11:28:09,2024-01-31T16:28:56+00:00,traffic-triggers-output,,,,,0,0,trigger_outputs
0048,Training Data 1.zip,2024-01-31 11:28:09,2024-01-31T16:28:56+00:00,traffic-triggers-output,,,,,0,0,trigger_outputs
0048,Training Data 1.zip,2024-01-31 11:28:09,2024-01-31T16:28:57+00:00,traffic-triggers-output,,,,,0,0,trigger_outputs
0048,Training Data 1.zip,2024-01-31 11:28:09,2024-01-31T16:28:57+00:00,traffic-triggers-output,,,,,0,0,trigger_outputs
0048,Training Data 1.zip,2024-01-31 11:28:09,2024-01-31T16:28:57+00:00,traffic-triggers-output,,,,,0,0,trigger_outputs
0048,Training Data 1.zip,2024-01-31 11:28:09,2024-01-31T16:28:57+00:00,traffic-triggers-output,,,,,0,0,trigger_outputs
0048,Training Data 1.zip,2024-01-31 11:28:09,2024-01-31T16:28:57+00:00,traffic-triggers-output,,,,,0,0,trigger_outputs
0048,Training Data 1.zip,2024-01-31 11:28:09,2024-01-31T16:28:57+00:00,traffic-triggers-output,,,,,0,0,trigger_outputs
0048,Training Data 1.zip,2024-01-31 11:28:09,2024-01-31T16:28:57+00:00,traffic-triggers-output,,,,,0,0,trigger_outputs
0048,Training Data 1.zip,2024-01-31 11:28:09,2024-01-31T16:28:57+00:00,traffic-triggers-output,,,,,0,0,trigger_outputs
0048,Training Data 1.zip,2024-01-31 11:28:10,2024-01-31T16:28:57+00:00,traffic-triggers-output,,,,,0,0,trigger_outputs
0048,Training Data 1.zip,2024-01-31 11:28:10,2024-01-31T16:28:57+00:00,traffic-triggers-output,,,,,0,0,trigger_outputs
0048,Training Data 1.zip,2024-01-31 11:28:10,2024-01-31T16:28:57+00:00,traffic-triggers-output,,,,,0,0,trigger_outputs
0048,Training Data 1.zip,2024-01-31 11:28:10,2024-01-31T16:28:57+00:00,traffic-triggers-output,,,,,0,0,trigger_outputs
0048,Training Data 1.zip,2024-01-31 11:28:10,2024-01-31T16:28:57+00:00,traffic-triggers-output,,,,,0,0,trigger_outputs
0048,Training Data 1.zip,2024-01-31 11:28:10,2024-01-31T16:28:57+00:00,traffic-triggers-output,,,,,0,0,trigger_outputs
0048,Training Data 1.zip,2024-01-31 11:28:10,2024-01-31T16:28:57+00:00,traffic-triggers-output,,,,,0,0,trigger_outputs
0048,Training Data 1.zip,2024-01-31 11:28:10,2024-01-31T16:28:57+00:00,traffic-triggers-output,,,,,0,0,trigger_outputs
0048,Training Data 1.zip,2024-01-31 11:28:10,2024-01-31T16:28:57+00:00,traffic-triggers-output,,,,,0,0,trigger_outputs
0048,Training Data 1.zip,2024-01-31 11:28:10,2024-01-31T16:28:57+00:00,traffic-triggers-output,,,,,0,0,trigger_outputs
0048,Training Data 1.zip,2024-01-31 11:28:10,2024-01-31T16:28:57+00:00,traffic-triggers-output,,,,,0,0,trigger_outputs
0048,Training Data 1.zip,2024-01-31 11:28:10,2024-01-31T16:28:57+00:00,traffic-triggers-output,,,,,0,0,trigger_outputs
0048,Training Data 1.zip,2024-01-31 11:28:10,2024-01-31T16:28:57+00:00,traffic-triggers-output,,,,,0,0,trigger_outputs
0048,Training Data 1.zip,2024-01-31 11:28:10,2024-01-31T16:28:57+00:00,traffic-triggers-output,,,,,0,0,trigger_outputs
0048,Training Data 1.zip,2024-01-31 11:28:10,2024-01-31T16:28:57+00:00,traffic-triggers-output,,,,,0,0,trigger_outputs
0048,Training Data 1.zip,2024-01-31 11:28:10,2024-01-31T16:28:57+00:00,traffic-triggers-output,,,,,0,0,trigger_outputs
0048,Training Data 1.zip,2024-01-31 11:28:10,2024-01-31T16:28:57+00:00,traffic-triggers-output,,,,,0,0,trigger_outputs
0048,Training Data 1.zip,2024-01-31 11:28:10,2024-01-31T16:28:57+00:00,traffic-triggers-output,,,,,0,0,trigger_outputs
0048,Training Data 1.zip,2024-01-31 11:28:10,2024-01-31T16:28:57+00:00,traffic-triggers-output,,,,,0,0,trigger_outputs
0048,Training Data 1.zip,2024-01-31 11:28:10,2024-01-31T16:28:57+00:00,traffic-triggers-output,,,,,0,0,trigger_outputs
0048,Training Data 1.zip,2024-01-31 11:28:10,2024-01-31T16:28:57+00:00,traffic-triggers-output,,,,,0,0,trigger_outputs
0048,Training Data 1.zip,2024-01-31 11:28:10,2024-01-31T16:28:57+00:00,traffic-triggers-output,,,,,0,0,trigger_outputs
0048,Training Data 1.zip,2024-01-31 11:28:10,2024-01-31T16:28:57+00:00,traffic-triggers-output,,,,,0,0,trigger_outputs
0048,Training Data 1.zip,2024-01-31 11:28:10,2024-01-31T16:28:57+00:00,traffic-triggers-output,,,,,0,0,trigger_outputs
0048,Training Data 1.zip,2024-01-31 11:28:10,2024-01-31T16:28:57+00:00,traffic-triggers-output,,,,,0,0,trigger_outputs
0048,Training Data 1.zip,2024-01-31 11:28:10,2024-01-31T16:28:57+00:00,traffic-triggers-output,,,,,0,0,trigger_outputs
0048,Training Data 1.zip,2024-01-31 11:28:10,2024-01-31T16:28:57+00:00,traffic-triggers-output,,,,,0,0,trigger_outputs
0048,Training Data 1.zip,2024-01-31 11:28:10,2024-01-31T16:28:57+00:00,traffic-triggers-output,,,,,0,0,trigger_outputs
0048,Training Data 1.zip,2024-01-31 11:28:10,2024-01-31T16:28:57+00:00,traffic-triggers-output,,,,,0,0,trigger_outputs
0048,Training Data 1.zip,2024-01-31 11:28:10,2024-01-31T16:28:57+00:00,traffic-triggers-output,,,,,0,0,trigger_outputs
0048,Training Data 1.zip,2024-01-31 11:28:10,2024-01-31T16:28:57+00:00,traffic-triggers-output,,,,,0,0,trigger_outputs
0048,Training Data 1.zip,2024-01-31 11:28:10,2024-01-31T16:28:57+00:00,traffic-triggers-output,,,,,0,0,trigger_outputs
0048,Training Data 1.zip,2024-01-31 11:28:10,2024-01-31T16:28:58+00:00,traffic-triggers-output,,,,,0,0,trigger_outputs
0048,Training Data 1.zip,2024-01-31 11:28:10,2024-01-31T16:28:58+00:00,traffic-triggers-output,,,,,0,0,trigger_outputs
0048,Training Data 1.zip,2024-01-31 11:28:10,2024-01-31T16:28:58+00:00,traffic-triggers-output,,,,,0,0,trigger_outputs
0048,Training Data 1.zip,2024-01-31 11:28:10,2024-01-31T16:28:58+00:00,traffic-triggers-output,,,,,0,0,trigger_outputs
0048,Training Data 1.zip,2024-01-31 11:28:10,2024-01-31T16:28:58+00:00,traffic-triggers-output,,,,,0,0,trigger_outputs
0048,Training Data 1.zip,2024-01-31 11:28:10,2024-01-31T16:28:58+00:00,traffic-triggers-output,,,,,0,0,trigger_outputs
0048,Training Data 1.zip,2024-01-31 11:28:10,2024-01-31T16:28:58+00:00,traffic-triggers-output,,,,,0,0,trigger_outputs
0048,Training Data 1.zip,2024-01-31 11:28:10,2024-01-31T16:28:58+00:00,traffic-triggers-output,,,,,0,0,trigger_outputs
0048,Training Data 1.zip,2024-01-31 11:28:11,2024-01-31T16:28:58+00:00,traffic-triggers-output,,,,,0,0,trigger_outputs
0048,Training Data 1.zip,2024-01-31 11:28:11,2024-01-31T16:28:58+00:00,traffic-triggers-output,,,,,0,0,trigger_outputs
0048,Training Data 1.zip,2024-01-31 11:28:11,2024-01-31T16:28:58+00:00,traffic-triggers-output,,,,,0,0,trigger_outputs
0048,Training Data 1.zip,2024-01-31 11:28:11,2024-01-31T16:28:58+00:00,traffic-triggers-output,,,,,0,0,trigger_outputs
0048,Training Data 1.zip,2024-01-31 11:28:11,2024-01-31T16:28:58+00:00,traffic-triggers-output,,,,,0,0,trigger_outputs
0048,Training Data 1.zip,2024-01-31 11:28:11,2024-01-31T16:28:58+00:00,traffic-triggers-output,,,,,0,0,trigger_outputs
0048,Training Data 1.zip,2024-01-31 11:28:11,2024-01-31T16:28:58+00:00,traffic-triggers-output,,,,,0,0,trigger_outputs
0048,Training Data 1.zip,2024-01-31 11:28:11,2024-01-31T16:28:58+00:00,traffic-triggers-output,,,,,0,0,trigger_outputs
0048,Training Data 1.zip,2024-01-31 11:28:11,2024-01-31T16:28:58+00:00,traffic-triggers-output,,,,,0,0,trigger_outputs
0048,Training Data 1.zip,2024-01-31 11:28:11,2024-01-31T16:28:58+00:00,traffic-triggers-output,,,,,0,0,trigger_outputs
0048,Training Data 1.zip,2024-01-31 11:28:11,2024-01-31T16:28:58+00:00,traffic-triggers-output,,,,,0,0,trigger_outputs
0048,Training Data 1.zip,2024-01-31 11:28:11,2024-01-31T16:28:58+00:00,traffic-triggers-output,,,,,0,0,trigger_outputs
0048,Training Data 1.zip,2024-01-31 11:28:11,2024-01-31T16:28:58+00:00,traffic-triggers-output,,,,,0,0,trigger_outputs
0048,Training Data 1.zip,2024-01-31 11:28:11,2024-01-31T16:28:58+00:00,traffic-triggers-output,,,,,0,0,trigger_outputs
0048,Training Data 1.zip,2024-01-31 11:28:11,2024-01-31T16:28:58+00:00,traffic-triggers-output,,,,,0,0,trigger_outputs
0048,Training Data 1.zip,2024-01-31 11:28:11,2024-01-31T16:28:58+00:00,traffic-triggers-output,,,,,0,0,trigger_outputs
0048,Training Data 1.zip,2024-01-31 11:28:11,2024-01-31T16:28:58+00:00,traffic-triggers-output,,,,,0,0,trigger_outputs
0048,Training Data 1.zip,2024-01-31 11:28:11,2024-01-31T16:28:58+00:00,traffic-triggers-output,,,,,0,0,trigger_outputs
0048,Training Data 1.zip,2024-01-31 11:28:11,2024-01-31T16:28:58+00:00,traffic-triggers-output,,,,,0,0,trigger_outputs
0048,Training Data 1.zip,2024-01-31 11:28:11,2024-01-31T16:28:58+00:00,traffic-triggers-output,,,,,0,0,trigger_outputs
0048,Training Data 1.zip,2024-01-31 11:28:11,2024-01-31T16:28:58+00:00,traffic-triggers-output,,,,,0,0,trigger_outputs
0048,Training Data 1.zip,2024-01-31 11:28:11,2024-01-31T16:28:58+00:00,traffic-triggers-output,,,,,0,0,trigger_outputs
0048,Training Data 1.zip,2024-01-31 11:28:11,2024-01-31T16:28:58+00:00,traffic-triggers-output,,,,,0,0,trigger_outputs
0048,Training Data 1.zip,2024-01-31 11:28:11,2024-01-31T16:28:58+00:00,traffic-triggers-output,,,,,0,0,trigger_outputs
0048,Training Data 1.zip,2024-01-31 11:28:11,2024-01-31T16:28:58+00:00,traffic-triggers-output,,,,,0,0,trigger_outputs
0048,Training Data 1.zip,2024-01-31 11:28:11,2024-01-31T16:28:58+00:00,traffic-triggers-output,,,,,0,0,trigger_outputs
0048,Training Data 1.zip,2024-01-31 11:28:11,2024-01-31T16:28:58+00:00,traffic-triggers-output,,,,,0,0,trigger_outputs
0048,Training Data 1.zip,2024-01-31 11:28:11,2024-01-31T16:28:58+00:00,traffic-triggers-output,,,,,0,0,trigger_outputs
0048,Training Data 1.zip,2024-01-31 11:28:11,2024-01-31T16:28:58+00:00,traffic-triggers-output,,,,,0,0,trigger_outputs
0048,Training Data 1.zip,2024-01-31 11:28:11,2024-01-31T16:28:58+00:00,traffic-triggers-output,,,,,0,0,trigger_outputs
0048,Training Data 1.zip,2024-01-31 11:28:11,2024-01-31T16:28:58+00:00,traffic-triggers-output,,,,,0,0,trigger_outputs
0048,Training Data 1.zip,2024-01-31 11:28:11,2024-01-31T16:28:58+00:00,traffic-triggers-output,,,,,0,0,trigger_outputs
0048,Training Data 1.zip,2024-01-31 11:28:11,2024-01-31T16:28:59+00:00,traffic-triggers-output,,,,,0,0,trigger_outputs
0048,Training Data 1.zip,2024-01-31 11:28:11,2024-01-31T16:28:59+00:00,traffic-triggers-output,,,,,0,0,trigger_outputs
0048,Training Data 1.zip,2024-01-31 11:28:11,2024-01-31T16:28:59+00:00,traffic-triggers-output,,,,,0,0,trigger_outputs
0048,Training Data 1.zip,2024-01-31 11:28:11,2024-01-31T16:28:59+00:00,traffic-triggers-output,,,,,0,0,trigger_outputs
0048,Training Data 1.zip,2024-01-31 11:28:11,2024-01-31T16:28:59+00:00,traffic-triggers-output,,,,,0,0,trigger_outputs
0048,Training Data 1.zip,2024-01-31 11:28:11,2024-01-31T16:28:59+00:00,traffic-triggers-output,,,,,0,0,trigger_outputs
0048,Training Data 1.zip,2024-01-31 11:28:11,2024-01-31T16:28:59+00:00,traffic-triggers-output,,,,,0,0,trigger_outputs
0048,Training Data 1.zip,2024-01-31 11:28:11,2024-01-31T16:28:59+00:00,traffic-triggers-output,,,,,0,0,trigger_outputs
0048,Training Data 1.zip,2024-01-31 11:28:11,2024-01-31T16:28:59+00:00,traffic-triggers-output,,,,,0,0,trigger_outputs
0048,Training Data 1.zip,2024-01-31 11:28:12,2024-01-31T16:28:59+00:00,traffic-triggers-output,,,,,0,0,trigger_outputs
0048,Training Data 1.zip,2024-01-31 11:28:12,2024-01-31T16:28:59+00:00,traffic-triggers-output,,,,,0,0,trigger_outputs
0048,Training Data 1.zip,2024-01-31 11:28:12,2024-01-31T16:28:59+00:00,traffic-triggers-output,,,,,0,0,trigger_outputs
0048,Training Data 1.zip,2024-01-31 11:28:12,2024-01-31T16:28:59+00:00,traffic-triggers-output,,,,,0,0,trigger_outputs
0048,Training Data 1.zip,2024-01-31 11:28:12,2024-01-31T16:28:59+00:00,traffic-triggers-output,,,,,0,0,trigger_outputs
0048,Training Data 1.zip,2024-01-31 11:28:12,2024-01-31T16:28:59+00:00,traffic-triggers-output,,,,,0,0,trigger_outputs
0048,Training Data 1.zip,2024-01-31 11:28:12,2024-01-31T16:28:59+00:00,traffic-triggers-output,,,,,0,0,trigger_outputs
0048,Training Data 1.zip,2024-01-31 11:28:12,2024-01-31T16:28:59+00:00,traffic-triggers-output,,,,,0,0,trigger_outputs
0048,Training Data 1.zip,2024-01-31 11:28:12,2024-01-31T16:28:59+00:00,traffic-triggers-output,,,,,0,0,trigger_outputs
0048,Training Data 1.zip,2024-01-31 11:28:12,2024-01-31T16:28:59+00:00,traffic-triggers-output,,,,,0,0,trigger_outputs
0048,Training Data 1.zip,2024-01-31 11:28:12,2024-01-31T16:28:59+00:00,traffic-triggers-output,,,,,0,0,trigger_outputs
0048,Training Data 1.zip,2024-01-31 11:28:12,2024-01-31T16:28:59+00:00,traffic-triggers-output,,,,,0,0,trigger_outputs
0048,Training Data 1.zip,2024-01-31 11:28:12,2024-01-31T16:28:59+00:00,traffic-triggers-output,,,,,0,0,trigger_outputs
0048,Training Data 1.zip,2024-01-31 11:28:12,2024-01-31T16:28:59+00:00,traffic-triggers-output,,,,,0,0,trigger_outputs
0048,Training Data 1.zip,2024-01-31 11:28:12,2024-01-31T16:28:59+00:00,traffic-triggers-output,,,,,0,0,trigger_outputs
0048,Training Data 1.zip,2024-01-31 11:28:12,2024-01-31T16:28:59+00:00,traffic-triggers-output,,,,,0,0,trigger_outputs
0048,Training Data 1.zip,2024-01-31 11:28:12,2024-01-31T16:28:59+00:00,traffic-triggers-output,,,,,0,0,trigger_outputs
0048,Training Data 1.zip,2024-01-31 11:28:12,2024-01-31T16:28:59+00:00,traffic-triggers-output,,,,,0,0,trigger_outputs
0048,Training Data 1.zip,2024-01-31 11:28:12,2024-01-31T16:28:59+00:00,traffic-triggers-output,,,,,0,0,trigger_outputs
0048,Training Data 1.zip,2024-01-31 11:28:12,2024-01-31T16:28:59+00:00,traffic-triggers-output,,,,,0,0,trigger_outputs
0048,Training Data 1.zip,2024-01-31 11:28:12,2024-01-31T16:28:59+00:00,traffic-triggers-output,,,,,0,0,trigger_outputs
0048,Training Data 1.zip,2024-01-31 11:28:12,2024-01-31T16:28:59+00:00,traffic-triggers-output,,,,,0,0,trigger_outputs
0048,Training Data 1.zip,2024-01-31 11:28:12,2024-01-31T16:28:59+00:00,traffic-triggers-output,,,,,0,0,trigger_outputs
0048,Training Data 1.zip,2024-01-31 11:28:12,2024-01-31T16:28:59+00:00,traffic-triggers-output,,,,,0,0,trigger_outputs
0048,Training Data 1.zip,2024-01-31 11:28:12,2024-01-31T16:28:59+00:00,traffic-triggers-output,,,,,0,0,trigger_outputs
0048,Training Data 1.zip,2024-01-31 11:28:12,2024-01-31T16:28:59+00:00,traffic-triggers-output,,,,,0,0,trigger_outputs
0048,Training Data 1.zip,2024-01-31 11:28:12,2024-01-31T16:28:59+00:00,traffic-triggers-output,,,,,0,0,trigger_outputs
0048,Training Data 1.zip,2024-01-31 11:28:12,2024-01-31T16:28:59+00:00,traffic-triggers-output,,,,,0,0,trigger_outputs
0048,Training Data 1.zip,2024-01-31 11:28:12,2024-01-31T16:28:59+00:00,traffic-triggers-output,,,,,0,0,trigger_outputs
0048,Training Data 1.zip,2024-01-31 11:28:12,2024-01-31T16:28:59+00:00,traffic-triggers-output,,,,,0,0,trigger_outputs
0048,Training Data 1.zip,2024-01-31 11:28:12,2024-01-31T16:29:00+00:00,traffic-triggers-output,,,,,0,0,trigger_outputs
0048,Training Data 1.zip,2024-01-31 11:28:12,2024-01-31T16:29:00+00:00,traffic-triggers-output,,,,,0,0,trigger_outputs
0048,Training Data 1.zip,2024-01-31 11:28:12,2024-01-31T16:29:00+00:00,traffic-triggers-output,,,,,0,0,trigger_outputs
0048,Training Data 1.zip,2024-01-31 11:28:12,2024-01-31T16:29:00+00:00,traffic-triggers-output,,,,,0,0,trigger_outputs
0048,Training Data 1.zip,2024-01-31 11:28:12,2024-01-31T16:29:00+00:00,traffic-triggers-output,,,,,0,0,trigger_outputs
0048,Training Data 1.zip,2024-01-31 11:28:12,2024-01-31T16:29:00+00:00,traffic-triggers-output,,,,,0,0,trigger_outputs
0048,Training Data 1.zip,2024-01-31 11:28:12,2024-01-31T16:29:00+00:00,traffic-triggers-output,,,,,0,0,trigger_outputs
0048,Training Data 1.zip,2024-01-31 11:28:12,2024-01-31T16:29:00+00:00,traffic-triggers-output,,,,,0,0,trigger_outputs
0048,Training Data 1.zip,2024-01-31 11:28:12,2024-01-31T16:29:00+00:00,traffic-triggers-output,,,,,0,0,trigger_outputs
0048,Training Data 1.zip,2024-01-31 11:28:12,2024-01-31T16:29:00+00:00,traffic-triggers-output,,,,,0,0,trigger_outputs
0048,Training Data 1.zip,2024-01-31 11:28:13,2024-01-31T16:29:00+00:00,traffic-triggers-output,,,,,0,0,trigger_outputs
0048,Training Data 1.zip,2024-01-31 11:28:13,2024-01-31T16:29:00+00:00,traffic-triggers-output,,,,,0,0,trigger_outputs
0048,Training Data 1.zip,2024-01-31 11:28:13,2024-01-31T16:29:00+00:00,traffic-triggers-output,,,,,0,0,trigger_outputs
0048,Training Data 1.zip,2024-01-31 11:28:13,2024-01-31T16:29:00+00:00,traffic-triggers-output,,,,,0,0,trigger_outputs
0048,Training Data 1.zip,2024-01-31 11:28:13,2024-01-31T16:29:00+00:00,traffic-triggers-output,,,,,0,0,trigger_outputs
0048,Training Data 1.zip,2024-01-31 11:28:13,2024-01-31T16:29:00+00:00,traffic-triggers-output,,,,,0,0,trigger_outputs
0048,Training Data 1.zip,2024-01-31 11:28:13,2024-01-31T16:29:00+00:00,traffic-triggers-output,,,,,0,0,trigger_outputs
0048,Training Data 1.zip,2024-01-31 11:28:13,2024-01-31T16:29:00+00:00,traffic-triggers-output,,,,,0,0,trigger_outputs
0048,Training Data 1.zip,2024-01-31 11:28:13,2024-01-31T16:29:00+00:00,traffic-triggers-output,,,,,0,0,trigger_outputs
0048,Training Data 1.zip,2024-01-31 11:28:13,2024-01-31T16:29:00+00:00,traffic-triggers-output,,,,,0,0,trigger_outputs
0048,Training Data 1.zip,2024-01-31 11:28:13,2024-01-31T16:29:00+00:00,traffic-triggers-output,,,,,0,0,trigger_outputs
0048,Training Data 1.zip,2024-01-31 11:28:13,2024-01-31T16:29:00+00:00,traffic-triggers-output,,,,,0,0,trigger_outputs
0048,Training Data 1.zip,2024-01-31 11:28:13,2024-01-31T16:29:00+00:00,traffic-triggers-output,,,,,0,0,trigger_outputs
0048,Training Data 1.zip,2024-01-31 11:28:13,2024-01-31T16:29:00+00:00,traffic-triggers-output,,,,,0,0,trigger_outputs
0048,Training Data 1.zip,2024-01-31 11:28:13,2024-01-31T16:29:00+00:00,traffic-triggers-output,,,,,0,0,trigger_outputs
0048,Training Data 1.zip,2024-01-31 11:28:13,2024-01-31T16:29:00+00:00,traffic-triggers-output,,,,,0,0,trigger_outputs
0048,Training Data 1.zip,2024-01-31 11:28:13,2024-01-31T16:29:00+00:00,traffic-triggers-output,,,,,0,0,trigger_outputs
0048,Training Data 1.zip,2024-01-31 11:28:13,2024-01-31T16:29:00+00:00,traffic-triggers-output,,,,,0,0,trigger_outputs
0048,Training Data 1.zip,2024-01-31 11:28:13,2024-01-31T16:29:00+00:00,traffic-triggers-output,,,,,0,0,trigger_outputs
0048,Training Data 1.zip,2024-01-31 11:28:13,2024-01-31T16:29:00+00:00,traffic-triggers-output,,,,,0,0,trigger_outputs
0048,Training Data 1.zip,2024-01-31 11:28:13,2024-01-31T16:29:00+00:00,traffic-triggers-output,,,,,0,0,trigger_outputs
0048,Training Data 1.zip,2024-01-31 11:28:13,2024-01-31T16:29:00+00:00,traffic-triggers-output,,,,,0,0,trigger_outputs
0048,Training Data 1.zip,2024-01-31 11:28:13,2024-01-31T16:29:00+00:00,traffic-triggers-output,,,,,0,0,trigger_outputs
0048,Training Data 1.zip,2024-01-31 11:28:13,2024-01-31T16:29:00+00:00,traffic-triggers-output,,,,,0,0,trigger_outputs
0048,Training Data 1.zip,2024-01-31 11:28:13,2024-01-31T16:29:00+00:00,traffic-triggers-output,,,,,0,0,trigger_outputs
0048,Training Data 1.zip,2024-01-31 11:28:13,2024-01-31T16:29:00+00:00,traffic-triggers-output,,,,,0,0,trigger_outputs
0048,Training Data 1.zip,2024-01-31 11:28:13,2024-01-31T16:29:00+00:00,traffic-triggers-output,,,,,0,0,trigger_outputs
0048,Training Data 1.zip,2024-01-31 11:28:13,2024-01-31T16:29:00+00:00,traffic-triggers-output,,,,,0,0,trigger_outputs
0048,Training Data 1.zip,2024-01-31 11:28:13,2024-01-31T16:29:00+00:00,traffic-triggers-output,,,,,0,0,trigger_outputs
0048,Training Data 1.zip,2024-01-31 11:28:13,2024-01-31T16:29:00+00:00,traffic-triggers-output,,,,,0,0,trigger_outputs
0048,Training Data 1.zip,2024-01-31 11:28:13,2024-01-31T16:29:00+00:00,traffic-triggers-output,,,,,0,0,trigger_outputs
0048,Training Data 1.zip,2024-01-31 11:28:13,2024-01-31T16:29:01+00:00,traffic-triggers-output,,,,,0,0,trigger_outputs
0048,Training Data 1.zip,2024-01-31 11:28:13,2024-01-31T16:29:01+00:00,traffic-triggers-output,,,,,0,0,trigger_outputs
0048,Training Data 1.zip,2024-01-31 11:28:13,2024-01-31T16:29:01+00:00,traffic-triggers-output,,,,,0,0,trigger_outputs
0048,Training Data 1.zip,2024-01-31 11:28:13,2024-01-31T16:29:01+00:00,traffic-triggers-output,,,,,0,0,trigger_outputs
0048,Training Data 1.zip,2024-01-31 11:28:13,2024-01-31T16:29:01+00:00,traffic-triggers-output,,,,,0,0,trigger_outputs
0048,Training Data 1.zip,2024-01-31 11:28:13,2024-01-31T16:29:01+00:00,traffic-triggers-output,,,,,0,0,trigger_outputs
0048,Training Data 1.zip,2024-01-31 11:28:13,2024-01-31T16:29:01+00:00,traffic-triggers-output,,,,,0,0,trigger_outputs
0048,Training Data 1.zip,2024-01-31 11:28:13,2024-01-31T16:29:01+00:00,traffic-triggers-output,,,,,0,0,trigger_outputs
0048,Training Data 1.zip,2024-01-31 11:28:13,2024-01-31T16:29:01+00:00,traffic-triggers-output,,,,,0,0,trigger_outputs
0048,Training Data 1.zip,2024-01-31 11:28:14,2024-01-31T16:29:01+00:00,traffic-triggers-output,,,,,0,0,trigger_outputs
0048,Training Data 1.zip,2024-01-31 11:28:14,2024-01-31T16:29:01+00:00,traffic-triggers-output,,,,,0,0,trigger_outputs
0048,Training Data 1.zip,2024-01-31 11:28:14,2024-01-31T16:29:01+00:00,traffic-triggers-output,,,,,0,0,trigger_outputs
0048,Training Data 1.zip,2024-01-31 11:28:14,2024-01-31T16:29:01+00:00,traffic-triggers-output,,,,,0,0,trigger_outputs
0048,Training Data 1.zip,2024-01-31 11:28:14,2024-01-31T16:29:01+00:00,traffic-triggers-output,,,,,0,0,trigger_outputs
0048,Training Data 1.zip,2024-01-31 11:28:14,2024-01-31T16:29:01+00:00,traffic-triggers-output,,,,,0,0,trigger_outputs
0048,Training Data 1.zip,2024-01-31 11:28:14,2024-01-31T16:29:01+00:00,traffic-triggers-output,,,,,0,0,trigger_outputs
0048,Training Data 1.zip,2024-01-31 11:28:14,2024-01-31T16:29:01+00:00,traffic-triggers-output,,,,,0,0,trigger_outputs
0048,Training Data 1.zip,2024-01-31 11:28:14,2024-01-31T16:29:01+00:00,traffic-triggers-output,,,,,0,0,trigger_outputs
0048,Training Data 1.zip,2024-01-31 11:28:14,2024-01-31T16:29:01+00:00,traffic-triggers-output,,,,,0,0,trigger_outputs
0048,Training Data 1.zip,2024-01-31 11:28:14,2024-01-31T16:29:01+00:00,traffic-triggers-output,,,,,0,0,trigger_outputs
0048,Training Data 1.zip,2024-01-31 11:28:14,2024-01-31T16:29:01+00:00,traffic-triggers-output,,,,,0,0,trigger_outputs
0048,Training Data 1.zip,2024-01-31 11:28:14,2024-01-31T16:29:01+00:00,traffic-triggers-output,,,,,0,0,trigger_outputs
0048,Training Data 1.zip,2024-01-31 11:28:14,2024-01-31T16:29:01+00:00,traffic-triggers-output,,,,,0,0,trigger_outputs
0048,Training Data 1.zip,2024-01-31 11:28:14,2024-01-31T16:29:01+00:00,traffic-triggers-output,,,,,0,0,trigger_outputs
0048,Training Data 1.zip,2024-01-31 11:28:14,2024-01-31T16:29:01+00:00,traffic-triggers-output,,,,,0,0,trigger_outputs
0048,Training Data 1.zip,2024-01-31 11:28:14,2024-01-31T16:29:01+00:00,traffic-triggers-output,,,,,0,0,trigger_outputs
0048,Training Data 1.zip,2024-01-31 11:28:14,2024-01-31T16:29:01+00:00,traffic-triggers-output,,,,,0,0,trigger_outputs
0048,Training Data 1.zip,2024-01-31 11:28:14,2024-01-31T16:29:01+00:00,traffic-triggers-output,,,,,0,0,trigger_outputs
0048,Training Data 1.zip,2024-01-31 11:28:14,2024-01-31T16:29:01+00:00,traffic-triggers-output,,,,,0,0,trigger_outputs
0048,Training Data 1.zip,2024-01-31 11:28:14,2024-01-31T16:29:01+00:00,traffic-triggers-output,,,,,0,0,trigger_outputs
0048,Training Data 1.zip,2024-01-31 11:28:14,2024-01-31T16:29:01+00:00,traffic-triggers-output,,,,,0,0,trigger_outputs
0048,Training Data 1.zip,2024-01-31 11:28:14,2024-01-31T16:29:01+00:00,traffic-triggers-output,,,,,0,0,trigger_outputs
0048,Training Data 1.zip,2024-01-31 11:28:14,2024-01-31T16:29:01+00:00,traffic-triggers-output,,,,,0,0,trigger_outputs
0048,Training Data 1.zip,2024-01-31 11:28:14,2024-01-31T16:29:01+00:00,traffic-triggers-output,,,,,0,0,trigger_outputs
0048,Training Data 1.zip,2024-01-31 11:28:14,2024-01-31T16:29:01+00:00,traffic-triggers-output,,,,,0,0,trigger_outputs
0048,Training Data 1.zip,2024-01-31 11:28:14,2024-01-31T16:29:01+00:00,traffic-triggers-output,,,,,0,0,trigger_outputs
0048,Training Data 1.zip,2024-01-31 11:28:14,2024-01-31T16:29:01+00:00,traffic-triggers-output,,,,,0,0,trigger_outputs
0048,Training Data 1.zip,2024-01-31 11:28:14,2024-01-31T16:29:01+00:00,traffic-triggers-output,,,,,0,0,trigger_outputs
0048,Training Data 1.zip,2024-01-31 11:28:14,2024-01-31T16:29:01+00:00,traffic-triggers-output,,,,,0,0,trigger_outputs
0048,Training Data 1.zip,2024-01-31 11:28:14,2024-01-31T16:29:02+00:00,traffic-triggers-output,,,,,0,0,trigger_outputs
0048,Training Data 1.zip,2024-01-31 11:28:14,2024-01-31T16:29:02+00:00,traffic-triggers-output,,,,,0,0,trigger_outputs
0048,Training Data 1.zip,2024-01-31 11:28:14,2024-01-31T16:29:02+00:00,traffic-triggers-output,,,,,0,0,trigger_outputs
0048,Training Data 1.zip,2024-01-31 11:28:14,2024-01-31T16:29:02+00:00,traffic-triggers-output,,,,,0,0,trigger_outputs
0048,Training Data 1.zip,2024-01-31 11:28:14,2024-01-31T16:29:02+00:00,traffic-triggers-output,,,,,0,0,trigger_outputs
0048,Training Data 1.zip,2024-01-31 11:28:14,2024-01-31T16:29:02+00:00,traffic-triggers-output,,,,,0,0,trigger_outputs
0048,Training Data 1.zip,2024-01-31 11:28:14,2024-01-31T16:29:02+00:00,traffic-triggers-output,,,,,0,0,trigger_outputs
0048,Training Data 1.zip,2024-01-31 11:28:14,2024-01-31T16:29:02+00:00,traffic-triggers-output,,,,,0,0,trigger_outputs
0048,Training Data 1.zip,2024-01-31 11:28:14,2024-01-31T16:29:02+00:00,traffic-triggers-output,,,,,0,0,trigger_outputs
0048,Training Data 1.zip,2024-01-31 11:28:14,2024-01-31T16:29:02+00:00,traffic-triggers-output,,,,,0,0,trigger_outputs
0048,Training Data 1.zip,2024-01-31 11:28:15,2024-01-31T16:29:02+00:00,traffic-triggers-output,,,,,0,0,trigger_outputs
0048,Training Data 1.zip,2024-01-31 11:28:15,2024-01-31T16:29:02+00:00,traffic-triggers-output,,,,,0,0,trigger_outputs
0048,Training Data 1.zip,2024-01-31 11:28:15,2024-01-31T16:29:02+00:00,traffic-triggers-output,,,,,0,0,trigger_outputs
0048,Training Data 1.zip,2024-01-31 11:28:15,2024-01-31T16:29:02+00:00,traffic-triggers-output,,,,,0,0,trigger_outputs
0048,Training Data 1.zip,2024-01-31 11:28:15,2024-01-31T16:29:02+00:00,traffic-triggers-output,,,,,0,0,trigger_outputs
0048,Training Data 1.zip,2024-01-31 11:28:15,2024-01-31T16:29:02+00:00,traffic-triggers-output,,,,,0,0,trigger_outputs
0048,Training Data 1.zip,2024-01-31 11:28:15,2024-01-31T16:29:02+00:00,traffic-triggers-output,,,,,0,0,trigger_outputs
0048,Training Data 1.zip,2024-01-31 11:28:15,2024-01-31T16:29:02+00:00,traffic-triggers-output,,,,,0,0,trigger_outputs
0048,Training Data 1.zip,2024-01-31 11:28:15,2024-01-31T16:29:02+00:00,traffic-triggers-output,,,,,0,0,trigger_outputs
0048,Training Data 1.zip,2024-01-31 11:28:15,2024-01-31T16:29:02+00:00,traffic-triggers-output,,,,,0,0,trigger_outputs
0048,Training Data 1.zip,2024-01-31 11:28:15,2024-01-31T16:29:02+00:00,traffic-triggers-output,,,,,0,0,trigger_outputs
0048,Training Data 1.zip,2024-01-31 11:28:15,2024-01-31T16:29:02+00:00,traffic-triggers-output,,,,,0,0,trigger_outputs
0048,Training Data 1.zip,2024-01-31 11:28:15,2024-01-31T16:29:02+00:00,traffic-triggers-output,,,,,0,0,trigger_outputs
0048,Training Data 1.zip,2024-01-31 11:28:15,2024-01-31T16:29:02+00:00,traffic-triggers-output,,,,,0,0,trigger_outputs
0048,Training Data 1.zip,2024-01-31 11:28:15,2024-01-31T16:29:02+00:00,traffic-triggers-output,,,,,0,0,trigger_outputs
0048,Training Data 1.zip,2024-01-31 11:28:15,2024-01-31T16:29:02+00:00,traffic-triggers-output,,,,,0,0,trigger_outputs
0048,Training Data 1.zip,2024-01-31 11:28:15,2024-01-31T16:29:02+00:00,traffic-triggers-output,,,,,0,0,trigger_outputs
0048,Training Data 1.zip,2024-01-31 11:28:15,2024-01-31T16:29:02+00:00,traffic-triggers-output,,,,,0,0,trigger_outputs
0048,Training Data 1.zip,2024-01-31 11:28:15,2024-01-31T16:29:02+00:00,traffic-triggers-output,,,,,0,0,trigger_outputs
0048,Training Data 1.zip,2024-01-31 11:28:15,2024-01-31T16:29:02+00:00,traffic-triggers-output,,,,,0,0,trigger_outputs
0048,Training Data 1.zip,2024-01-31 11:28:15,2024-01-31T16:29:02+00:00,traffic-triggers-output,,,,,0,0,trigger_outputs
0048,Training Data 1.zip,2024-01-31 11:28:15,2024-01-31T16:29:02+00:00,traffic-triggers-output,,,,,0,0,trigger_outputs
0048,Training Data 1.zip,2024-01-31 11:28:15,2024-01-31T16:29:02+00:00,traffic-triggers-output,,,,,0,0,trigger_outputs
0048,Training Data 1.zip,2024-01-31 11:28:15,2024-01-31T16:29:02+00:00,traffic-triggers-output,,,,,0,0,trigger_outputs
0048,Training Data 1.zip,2024-01-31 11:28:15,2024-01-31T16:29:02+00:00,traffic-triggers-output,,,,,0,0,trigger_outputs
0048,Training Data 1.zip,2024-01-31 11:28:15,2024-01-31T16:29:02+00:00,traffic-triggers-output,,,,,0,0,trigger_outputs
0048,Training Data 1.zip,2024-01-31 11:28:15,2024-01-31T16:29:02+00:00,traffic-triggers-output,,,,,0,0,trigger_outputs
0048,Training Data 1.zip,2024-01-31 11:28:15,2024-01-31T16:29:02+00:00,traffic-triggers-output,,,,,0,0,trigger_outputs
0048,Training Data 1.zip,2024-01-31 11:28:15,2024-01-31T16:29:02+00:00,traffic-triggers-output,,,,,0,0,trigger_outputs
0048,Training Data 1.zip,2024-01-31 11:28:15,2024-01-31T16:29:02+00:00,traffic-triggers-output,,,,,0,0,trigger_outputs
0048,Training Data 1.zip,2024-01-31 11:28:15,2024-01-31T16:29:03+00:00,traffic-triggers-output,,,,,0,0,trigger_outputs
0048,Training Data 1.zip,2024-01-31 11:28:15,2024-01-31T16:29:03+00:00,traffic-triggers-output,,,,,0,0,trigger_outputs
0048,Training Data 1.zip,2024-01-31 11:28:15,2024-01-31T16:29:03+00:00,traffic-triggers-output,,,,,0,0,trigger_outputs
0048,Training Data 1.zip,2024-01-31 11:28:15,2024-01-31T16:29:03+00:00,traffic-triggers-output,,,,,0,0,trigger_outputs
0048,Training Data 1.zip,2024-01-31 11:28:15,2024-01-31T16:29:03+00:00,traffic-triggers-output,,,,,0,0,trigger_outputs
0048,Training Data 1.zip,2024-01-31 11:28:15,2024-01-31T16:29:03+00:00,traffic-triggers-output,,,,,0,0,trigger_outputs
0048,Training Data 1.zip,2024-01-31 11:28:15,2024-01-31T16:29:03+00:00,traffic-triggers-output,,,,,0,0,trigger_outputs
0048,Training Data 1.zip,2024-01-31 11:28:15,2024-01-31T16:29:03+00:00,traffic-triggers-output,,,,,0,0,trigger_outputs
0048,Training Data 1.zip,2024-01-31 11:28:15,2024-01-31T16:29:03+00:00,traffic-triggers-output,,,,,0,0,trigger_outputs
0048,Training Data 1.zip,2024-01-31 11:28:15,2024-01-31T16:29:03+00:00,traffic-triggers-output,,,,,0,0,trigger_outputs
0048,Training Data 1.zip,2024-01-31 11:28:16,2024-01-31T16:29:03+00:00,traffic-triggers-output,,,,,0,0,trigger_outputs
0048,Training Data 1.zip,2024-01-31 11:28:16,2024-01-31T16:29:03+00:00,traffic-triggers-output,,,,,0,0,trigger_outputs
0048,Training Data 1.zip,2024-01-31 11:28:16,2024-01-31T16:29:03+00:00,traffic-triggers-output,,,,,0,0,trigger_outputs
0048,Training Data 1.zip,2024-01-31 11:28:16,2024-01-31T16:29:03+00:00,traffic-triggers-output,,,,,0,0,trigger_outputs
0048,Training Data 1.zip,2024-01-31 11:28:16,2024-01-31T16:29:03+00:00,traffic-triggers-output,,,,,0,0,trigger_outputs
0048,Training Data 1.zip,2024-01-31 11:28:16,2024-01-31T16:29:03+00:00,traffic-triggers-output,,,,,0,0,trigger_outputs
0048,Training Data 1.zip,2024-01-31 11:28:16,2024-01-31T16:29:03+00:00,traffic-triggers-output,,,,,0,0,trigger_outputs
0048,Training Data 1.zip,2024-01-31 11:28:16,2024-01-31T16:29:03+00:00,traffic-triggers-output,,,,,0,0,trigger_outputs
0048,Training Data 1.zip,2024-01-31 11:28:16,2024-01-31T16:29:03+00:00,traffic-triggers-output,,,,,0,0,trigger_outputs
0048,Training Data 1.zip,2024-01-31 11:28:16,2024-01-31T16:29:03+00:00,traffic-triggers-output,,,,,0,0,trigger_outputs
0048,Training Data 1.zip,2024-01-31 11:28:16,2024-01-31T16:29:03+00:00,traffic-triggers-output,,,,,0,0,trigger_outputs
0048,Training Data 1.zip,2024-01-31 11:28:16,2024-01-31T16:29:03+00:00,traffic-triggers-output,,,,,0,0,trigger_outputs
0048,Training Data 1.zip,2024-01-31 11:28:16,2024-01-31T16:29:03+00:00,traffic-triggers-output,,,,,0,0,trigger_outputs
0048,Training Data 1.zip,2024-01-31 11:28:16,2024-01-31T16:29:03+00:00,traffic-triggers-output,,,,,0,0,trigger_outputs
0048,Training Data 1.zip,2024-01-31 11:28:16,2024-01-31T16:29:03+00:00,traffic-triggers-output,,,,,0,0,trigger_outputs
0048,Training Data 1.zip,2024-01-31 11:28:16,2024-01-31T16:29:03+00:00,traffic-triggers-output,,,,,0,0,trigger_outputs
0048,Training Data 1.zip,2024-01-31 11:28:16,2024-01-31T16:29:03+00:00,traffic-triggers-output,,,,,0,0,trigger_outputs
0048,Training Data 1.zip,2024-01-31 11:28:16,2024-01-31T16:29:03+00:00,traffic-triggers-output,,,,,0,0,trigger_outputs
0048,Training Data 1.zip,2024-01-31 11:28:16,2024-01-31T16:29:03+00:00,traffic-triggers-output,,,,,0,0,trigger_outputs
0048,Training Data 1.zip,2024-01-31 11:28:16,2024-01-31T16:29:03+00:00,traffic-triggers-output,,,,,0,0,trigger_outputs
0048,Training Data 1.zip,2024-01-31 11:28:16,2024-01-31T16:29:03+00:00,traffic-triggers-output,,,,,0,0,trigger_outputs
0048,Training Data 1.zip,2024-01-31 11:28:16,2024-01-31T16:29:03+00:00,traffic-triggers-output,,,,,0,0,trigger_outputs
0048,Training Data 1.zip,2024-01-31 11:28:16,2024-01-31T16:29:03+00:00,traffic-triggers-output,,,,,0,0,trigger_outputs
0048,Training Data 1.zip,2024-01-31 11:28:16,2024-01-31T16:29:03+00:00,traffic-triggers-output,,,,,0,0,trigger_outputs
0048,Training Data 1.zip,2024-01-31 11:28:16,2024-01-31T16:29:03+00:00,traffic-triggers-output,,,,,0,0,trigger_outputs
0048,Training Data 1.zip,2024-01-31 11:28:16,2024-01-31T16:29:03+00:00,traffic-triggers-output,,,,,0,0,trigger_outputs
0048,Training Data 1.zip,2024-01-31 11:28:16,2024-01-31T16:29:03+00:00,traffic-triggers-output,,,,,0,0,trigger_outputs
0048,Training Data 1.zip,2024-01-31 11:28:16,2024-01-31T16:29:03+00:00,traffic-triggers-output,,,,,0,0,trigger_outputs
0048,Training Data 1.zip,2024-01-31 11:28:16,2024-01-31T16:29:03+00:00,traffic-triggers-output,,,,,0,0,trigger_outputs
0048,Training Data 1.zip,2024-01-31 11:28:16,2024-01-31T16:29:03+00:00,traffic-triggers-output,,,,,0,0,trigger_outputs
0048,Training Data 1.zip,2024-01-31 11:28:16,2024-01-31T16:29:04+00:00,traffic-triggers-output,,,,,0,0,trigger_outputs
0048,Training Data 1.zip,2024-01-31 11:28:16,2024-01-31T16:29:04+00:00,traffic-triggers-output,,,,,0,0,trigger_outputs
0048,Training Data 1.zip,2024-01-31 11:28:16,2024-01-31T16:29:04+00:00,traffic-triggers-output,,,,,0,0,trigger_outputs
0048,Training Data 1.zip,2024-01-31 11:28:16,2024-01-31T16:29:04+00:00,traffic-triggers-output,,,,,0,0,trigger_outputs
0048,Training Data 1.zip,2024-01-31 11:28:16,2024-01-31T16:29:04+00:00,traffic-triggers-output,,,,,0,0,trigger_outputs
0048,Training Data 1.zip,2024-01-31 11:28:16,2024-01-31T16:29:04+00:00,traffic-triggers-output,,,,,0,0,trigger_outputs
0048,Training Data 1.zip,2024-01-31 11:28:16,2024-01-31T16:29:04+00:00,traffic-triggers-output,,,,,0,0,trigger_outputs
0048,Training Data 1.zip,2024-01-31 11:28:16,2024-01-31T16:29:04+00:00,traffic-triggers-output,,,,,0,0,trigger_outputs
0048,Training Data 1.zip,2024-01-31 11:28:16,2024-01-31T16:29:04+00:00,traffic-triggers-output,,,,,0,0,trigger_outputs
0048,Training Data 1.zip,2024-01-31 11:28:16,2024-01-31T16:29:04+00:00,traffic-triggers-output,,,,,0,0,trigger_outputs
0048,Training Data 1.zip,2024-01-31 11:28:17,2024-01-31T16:29:04+00:00,traffic-triggers-output,,,,,0,0,trigger_outputs
0048,Training Data 1.zip,2024-01-31 11:28:17,2024-01-31T16:29:04+00:00,traffic-triggers-output,,,,,0,0,trigger_outputs
0048,Training Data 1.zip,2024-01-31 11:28:17,2024-01-31T16:29:04+00:00,traffic-triggers-output,,,,,0,0,trigger_outputs
0048,Training Data 1.zip,2024-01-31 11:28:17,2024-01-31T16:29:04+00:00,traffic-triggers-output,,,,,0,0,trigger_outputs
0048,Training Data 1.zip,2024-01-31 11:28:17,2024-01-31T16:29:04+00:00,traffic-triggers-output,,,,,0,0,trigger_outputs
0048,Training Data 1.zip,2024-01-31 11:28:17,2024-01-31T16:29:04+00:00,traffic-triggers-output,,,,,0,0,trigger_outputs
0048,Training Data 1.zip,2024-01-31 11:28:17,2024-01-31T16:29:04+00:00,traffic-triggers-output,,,,,0,0,trigger_outputs
0048,Training Data 1.zip,2024-01-31 11:28:17,2024-01-31T16:29:04+00:00,traffic-triggers-output,,,,,0,0,trigger_outputs
0048,Training Data 1.zip,2024-01-31 11:28:17,2024-01-31T16:29:04+00:00,traffic-triggers-output,,,,,0,0,trigger_outputs
0048,Training Data 1.zip,2024-01-31 11:28:17,2024-01-31T16:29:04+00:00,traffic-triggers-output,,,,,0,0,trigger_outputs
0048,Training Data 1.zip,2024-01-31 11:28:17,2024-01-31T16:29:04+00:00,traffic-triggers-output,,,,,0,0,trigger_outputs
0048,Training Data 1.zip,2024-01-31 11:28:17,2024-01-31T16:29:04+00:00,traffic-triggers-output,,,,,0,0,trigger_outputs
0048,Training Data 1.zip,2024-01-31 11:28:17,2024-01-31T16:29:04+00:00,traffic-triggers-output,,,,,0,0,trigger_outputs
0048,Training Data 1.zip,2024-01-31 11:28:17,2024-01-31T16:29:04+00:00,traffic-triggers-output,,,,,0,0,trigger_outputs
0048,Training Data 1.zip,2024-01-31 11:28:17,2024-01-31T16:29:04+00:00,traffic-triggers-output,,,,,0,0,trigger_outputs
0048,Training Data 1.zip,2024-01-31 11:28:17,2024-01-31T16:29:04+00:00,traffic-triggers-output,,,,,0,0,trigger_outputs
0048,Training Data 1.zip,2024-01-31 11:28:17,2024-01-31T16:29:04+00:00,traffic-triggers-output,,,,,0,0,trigger_outputs
0048,Training Data 1.zip,2024-01-31 11:28:17,2024-01-31T16:29:04+00:00,traffic-triggers-output,,,,,0,0,trigger_outputs
0048,Training Data 1.zip,2024-01-31 11:28:17,2024-01-31T16:29:04+00:00,traffic-triggers-output,,,,,0,0,trigger_outputs
0048,Training Data 1.zip,2024-01-31 11:28:17,2024-01-31T16:29:04+00:00,traffic-triggers-output,,,,,0,0,trigger_outputs
0048,Training Data 1.zip,2024-01-31 11:28:17,2024-01-31T16:29:04+00:00,traffic-triggers-output,,,,,0,0,trigger_outputs
0048,Training Data 1.zip,2024-01-31 11:28:17,2024-01-31T16:29:04+00:00,traffic-triggers-output,,,,,0,0,trigger_outputs
0048,Training Data 1.zip,2024-01-31 11:28:17,2024-01-31T16:29:04+00:00,traffic-triggers-output,,,,,0,0,trigger_outputs
0048,Training Data 1.zip,2024-01-31 11:28:17,2024-01-31T16:29:04+00:00,traffic-triggers-output,,,,,0,0,trigger_outputs
0048,Training Data 1.zip,2024-01-31 11:28:17,2024-01-31T16:29:04+00:00,traffic-triggers-output,,,,,0,0,trigger_outputs
0048,Training Data 1.zip,2024-01-31 11:28:17,2024-01-31T16:29:04+00:00,traffic-triggers-output,,,,,0,0,trigger_outputs
0048,Training Data 1.zip,2024-01-31 11:28:17,2024-01-31T16:29:04+00:00,traffic-triggers-output,,,,,0,0,trigger_outputs
0048,Training Data 1.zip,2024-01-31 11:28:17,2024-01-31T16:29:04+00:00,traffic-triggers-output,,,,,0,0,trigger_outputs
0048,Training Data 1.zip,2024-01-31 11:28:17,2024-01-31T16:29:04+00:00,traffic-triggers-output,,,,,0,0,trigger_outputs
0048,Training Data 1.zip,2024-01-31 11:28:17,2024-01-31T16:29:04+00:00,traffic-triggers-output,,,,,0,0,trigger_outputs
0048,Training Data 1.zip,2024-01-31 11:28:17,2024-01-31T16:29:05+00:00,traffic-triggers-output,,,,,0,0,trigger_outputs
0048,Training Data 1.zip,2024-01-31 11:28:17,2024-01-31T16:29:05+00:00,traffic-triggers-output,,,,,0,0,trigger_outputs
0048,Training Data 1.zip,2024-01-31 11:28:17,2024-01-31T16:29:05+00:00,traffic-triggers-output,,,,,0,0,trigger_outputs
0048,Training Data 1.zip,2024-01-31 11:28:17,2024-01-31T16:29:05+00:00,traffic-triggers-output,,,,,0,0,trigger_outputs
0048,Training Data 1.zip,2024-01-31 11:28:17,2024-01-31T16:29:05+00:00,traffic-triggers-output,,,,,0,0,trigger_outputs
0048,Training Data 1.zip,2024-01-31 11:28:17,2024-01-31T16:29:05+00:00,traffic-triggers-output,,,,,0,0,trigger_outputs
0048,Training Data 1.zip,2024-01-31 11:28:17,2024-01-31T16:29:05+00:00,traffic-triggers-output,,,,,0,0,trigger_outputs
0048,Training Data 1.zip,2024-01-31 11:28:17,2024-01-31T16:29:05+00:00,traffic-triggers-output,,,,,0,0,trigger_outputs
0048,Training Data 1.zip,2024-01-31 11:28:17,2024-01-31T16:29:05+00:00,traffic-triggers-output,,,,,0,0,trigger_outputs
0048,Training Data 1.zip,2024-01-31 11:28:17,2024-01-31T16:29:05+00:00,traffic-triggers-output,,,,,0,0,trigger_outputs
0048,Training Data 1.zip,2024-01-31 11:28:18,2024-01-31T16:29:05+00:00,traffic-triggers-output,,,,,0,0,trigger_outputs
0048,Training Data 1.zip,2024-01-31 11:28:18,2024-01-31T16:29:05+00:00,traffic-triggers-output,,,,,0,0,trigger_outputs
0048,Training Data 1.zip,2024-01-31 11:28:18,2024-01-31T16:29:05+00:00,traffic-triggers-output,,,,,0,0,trigger_outputs
0048,Training Data 1.zip,2024-01-31 11:28:18,2024-01-31T16:29:05+00:00,traffic-triggers-output,,,,,0,0,trigger_outputs
0048,Training Data 1.zip,2024-01-31 11:28:18,2024-01-31T16:29:05+00:00,traffic-triggers-output,,,,,0,0,trigger_outputs
0048,Training Data 1.zip,2024-01-31 11:28:18,2024-01-31T16:29:05+00:00,traffic-triggers-output,,,,,0,0,trigger_outputs
0048,Training Data 1.zip,2024-01-31 11:28:18,2024-01-31T16:29:05+00:00,traffic-triggers-output,,,,,0,0,trigger_outputs
0048,Training Data 1.zip,2024-01-31 11:28:18,2024-01-31T16:29:05+00:00,traffic-triggers-output,,,,,0,0,trigger_outputs
0048,Training Data 1.zip,2024-01-31 11:28:18,2024-01-31T16:29:05+00:00,traffic-triggers-output,,,,,0,0,trigger_outputs
0048,Training Data 1.zip,2024-01-31 11:28:18,2024-01-31T16:29:05+00:00,traffic-triggers-output,,,,,0,0,trigger_outputs
0048,Training Data 1.zip,2024-01-31 11:28:18,2024-01-31T16:29:05+00:00,traffic-triggers-output,,,,,0,0,trigger_outputs
0048,Training Data 1.zip,2024-01-31 11:28:18,2024-01-31T16:29:05+00:00,traffic-triggers-output,,,,,0,0,trigger_outputs
0048,Training Data 1.zip,2024-01-31 11:28:18,2024-01-31T16:29:05+00:00,traffic-triggers-output,,,,,0,0,trigger_outputs
0048,Training Data 1.zip,2024-01-31 11:28:18,2024-01-31T16:29:05+00:00,traffic-triggers-output,,,,,0,0,trigger_outputs
0048,Training Data 1.zip,2024-01-31 11:28:18,2024-01-31T16:29:05+00:00,traffic-triggers-output,,,,,0,0,trigger_outputs
0048,Training Data 1.zip,2024-01-31 11:28:18,2024-01-31T16:29:05+00:00,traffic-triggers-output,,,,,0,0,trigger_outputs
0048,Training Data 1.zip,2024-01-31 11:28:18,2024-01-31T16:29:05+00:00,traffic-triggers-output,,,,,0,0,trigger_outputs
0048,Training Data 1.zip,2024-01-31 11:28:18,2024-01-31T16:29:05+00:00,traffic-triggers-output,,,,,0,0,trigger_outputs
0048,Training Data 1.zip,2024-01-31 11:28:18,2024-01-31T16:29:05+00:00,traffic-triggers-output,,,,,0,0,trigger_outputs
0048,Training Data 1.zip,2024-01-31 11:28:18,2024-01-31T16:29:05+00:00,traffic-triggers-output,,,,,0,0,trigger_outputs
0048,Training Data 1.zip,2024-01-31 11:28:18,2024-01-31T16:29:05+00:00,traffic-triggers-output,,,,,0,0,trigger_outputs
0048,Training Data 1.zip,2024-01-31 11:28:18,2024-01-31T16:29:05+00:00,traffic-triggers-output,,,,,0,0,trigger_outputs
0048,Training Data 1.zip,2024-01-31 11:28:18,2024-01-31T16:29:05+00:00,traffic-triggers-output,,,,,0,0,trigger_outputs
0048,Training Data 1.zip,2024-01-31 11:28:18,2024-01-31T16:29:05+00:00,traffic-triggers-output,,,,,0,0,trigger_outputs
0048,Training Data 1.zip,2024-01-31 11:28:18,2024-01-31T16:29:05+00:00,traffic-triggers-output,,,,,0,0,trigger_outputs
0048,Training Data 1.zip,2024-01-31 11:28:18,2024-01-31T16:29:05+00:00,traffic-triggers-output,,,,,0,0,trigger_outputs
0048,Training Data 1.zip,2024-01-31 11:28:18,2024-01-31T16:29:05+00:00,traffic-triggers-output,,,,,0,0,trigger_outputs
0048,Training Data 1.zip,2024-01-31 11:28:18,2024-01-31T16:29:05+00:00,traffic-triggers-output,,,,,0,0,trigger_outputs
0048,Training Data 1.zip,2024-01-31 11:28:18,2024-01-31T16:29:05+00:00,traffic-triggers-output,,,,,0,0,trigger_outputs
0048,Training Data 1.zip,2024-01-31 11:28:18,2024-01-31T16:29:05+00:00,traffic-triggers-output,,,,,0,0,trigger_outputs
0048,Training Data 1.zip,2024-01-31 11:28:18,2024-01-31T16:29:06+00:00,traffic-triggers-output,,,,,0,0,trigger_outputs
0048,Training Data 1.zip,2024-01-31 11:28:18,2024-01-31T16:29:06+00:00,traffic-triggers-output,,,,,0,0,trigger_outputs
0048,Training Data 1.zip,2024-01-31 11:28:18,2024-01-31T16:29:06+00:00,traffic-triggers-output,,,,,0,0,trigger_outputs
0048,Training Data 1.zip,2024-01-31 11:28:18,2024-01-31T16:29:06+00:00,traffic-triggers-output,,,,,0,0,trigger_outputs
0048,Training Data 1.zip,2024-01-31 11:28:18,2024-01-31T16:29:06+00:00,traffic-triggers-output,,,,,0,0,trigger_outputs
0048,Training Data 1.zip,2024-01-31 11:28:18,2024-01-31T16:29:06+00:00,traffic-triggers-output,,,,,0,0,trigger_outputs
0048,Training Data 1.zip,2024-01-31 11:28:18,2024-01-31T16:29:06+00:00,traffic-triggers-output,,,,,0,0,trigger_outputs
0048,Training Data 1.zip,2024-01-31 11:28:18,2024-01-31T16:29:06+00:00,traffic-triggers-output,,,,,0,0,trigger_outputs
0048,Training Data 1.zip,2024-01-31 11:28:18,2024-01-31T16:29:06+00:00,traffic-triggers-output,,,,,0,0,trigger_outputs
0048,Training Data 1.zip,2024-01-31 11:28:18,2024-01-31T16:29:06+00:00,traffic-triggers-output,,,,,0,0,trigger_outputs
0048,Training Data 1.zip,2024-01-31 11:28:19,2024-01-31T16:29:06+00:00,traffic-triggers-output,,,,,0,0,trigger_outputs
0048,Training Data 1.zip,2024-01-31 11:28:19,2024-01-31T16:29:06+00:00,traffic-triggers-output,,,,,0,0,trigger_outputs
0048,Training Data 1.zip,2024-01-31 11:28:19,2024-01-31T16:29:06+00:00,traffic-triggers-output,,,,,0,0,trigger_outputs
0048,Training Data 1.zip,2024-01-31 11:28:19,2024-01-31T16:29:06+00:00,traffic-triggers-output,,,,,0,0,trigger_outputs
0048,Training Data 1.zip,2024-01-31 11:28:19,2024-01-31T16:29:06+00:00,traffic-triggers-output,,,,,0,0,trigger_outputs
0048,Training Data 1.zip,2024-01-31 11:28:19,2024-01-31T16:29:06+00:00,traffic-triggers-output,,,,,0,0,trigger_outputs
0048,Training Data 1.zip,2024-01-31 11:28:19,2024-01-31T16:29:06+00:00,traffic-triggers-output,,,,,0,0,trigger_outputs
0048,Training Data 1.zip,2024-01-31 11:28:19,2024-01-31T16:29:06+00:00,traffic-triggers-output,,,,,0,0,trigger_outputs
0048,Training Data 1.zip,2024-01-31 11:28:19,2024-01-31T16:29:06+00:00,traffic-triggers-output,,,,,0,0,trigger_outputs
0048,Training Data 1.zip,2024-01-31 11:28:19,2024-01-31T16:29:06+00:00,traffic-triggers-output,,,,,0,0,trigger_outputs
0048,Training Data 1.zip,2024-01-31 11:28:19,2024-01-31T16:29:06+00:00,traffic-triggers-output,,,,,0,0,trigger_outputs
0048,Training Data 1.zip,2024-01-31 11:28:19,2024-01-31T16:29:06+00:00,traffic-triggers-output,,,,,0,0,trigger_outputs
0048,Training Data 1.zip,2024-01-31 11:28:19,2024-01-31T16:29:06+00:00,traffic-triggers-output,,,,,0,0,trigger_outputs
0048,Training Data 1.zip,2024-01-31 11:28:19,2024-01-31T16:29:06+00:00,traffic-triggers-output,,,,,0,0,trigger_outputs
0048,Training Data 1.zip,2024-01-31 11:28:19,2024-01-31T16:29:06+00:00,traffic-triggers-output,,,,,0,0,trigger_outputs
0048,Training Data 1.zip,2024-01-31 11:28:19,2024-01-31T16:29:06+00:00,traffic-triggers-output,,,,,0,0,trigger_outputs
0048,Training Data 1.zip,2024-01-31 11:28:19,2024-01-31T16:29:06+00:00,traffic-triggers-output,,,,,0,0,trigger_outputs
0048,Training Data 1.zip,2024-01-31 11:28:19,2024-01-31T16:29:06+00:00,traffic-triggers-output,,,,,0,0,trigger_outputs
0048,Training Data 1.zip,2024-01-31 11:28:19,2024-01-31T16:29:06+00:00,traffic-triggers-output,,,,,0,0,trigger_outputs
0048,Training Data 1.zip,2024-01-31 11:28:19,2024-01-31T16:29:06+00:00,traffic-triggers-output,,,,,0,0,trigger_outputs
0048,Training Data 1.zip,2024-01-31 11:28:19,2024-01-31T16:29:06+00:00,traffic-triggers-output,,,,,0,0,trigger_outputs
0048,Training Data 1.zip,2024-01-31 11:28:19,2024-01-31T16:29:06+00:00,traffic-triggers-output,,,,,0,0,trigger_outputs
0048,Training Data 1.zip,2024-01-31 11:28:19,2024-01-31T16:29:06+00:00,traffic-triggers-output,,,,,0,0,trigger_outputs
0048,Training Data 1.zip,2024-01-31 11:28:19,2024-01-31T16:29:06+00:00,traffic-triggers-output,,,,,0,0,trigger_outputs
0048,Training Data 1.zip,2024-01-31 11:28:19,2024-01-31T16:29:06+00:00,traffic-triggers-output,,,,,0,0,trigger_outputs
0048,Training Data 1.zip,2024-01-31 11:28:19,2024-01-31T16:29:06+00:00,traffic-triggers-output,,,,,0,0,trigger_outputs
0048,Training Data 1.zip,2024-01-31 11:28:19,2024-01-31T16:29:06+00:00,traffic-triggers-output,,,,,0,0,trigger_outputs
0048,Training Data 1.zip,2024-01-31 11:28:19,2024-01-31T16:29:06+00:00,traffic-triggers-output,,,,,0,0,trigger_outputs
0048,Training Data 1.zip,2024-01-31 11:28:19,2024-01-31T16:29:06+00:00,traffic-triggers-output,,,,,0,0,trigger_outputs
0048,Training Data 1.zip,2024-01-31 11:28:19,2024-01-31T16:29:06+00:00,traffic-triggers-output,,,,,0,0,trigger_outputs
0048,Training Data 1.zip,2024-01-31 11:28:19,2024-01-31T16:29:06+00:00,traffic-triggers-output,,,,,0,0,trigger_outputs
0048,Training Data 1.zip,2024-01-31 11:28:19,2024-01-31T16:29:07+00:00,traffic-triggers-output,,,,,0,0,trigger_outputs
0048,Training Data 1.zip,2024-01-31 11:28:19,2024-01-31T16:29:07+00:00,traffic-triggers-output,,,,,0,0,trigger_outputs
0048,Training Data 1.zip,2024-01-31 11:28:19,2024-01-31T16:29:07+00:00,traffic-triggers-output,,,,,0,0,trigger_outputs
0048,Training Data 1.zip,2024-01-31 11:28:19,2024-01-31T16:29:07+00:00,traffic-triggers-output,,,,,0,0,trigger_outputs
0048,Training Data 1.zip,2024-01-31 11:28:19,2024-01-31T16:29:07+00:00,traffic-triggers-output,,,,,0,0,trigger_outputs
0048,Training Data 1.zip,2024-01-31 11:28:19,2024-01-31T16:29:07+00:00,traffic-triggers-output,,,,,0,0,trigger_outputs
0048,Training Data 1.zip,2024-01-31 11:28:19,2024-01-31T16:29:07+00:00,traffic-triggers-output,,,,,0,0,trigger_outputs
0048,Training Data 1.zip,2024-01-31 11:28:19,2024-01-31T16:29:07+00:00,traffic-triggers-output,,,,,0,0,trigger_outputs
0048,Training Data 1.zip,2024-01-31 11:28:20,2024-01-31T16:29:07+00:00,traffic-triggers-output,,,,,0,0,trigger_outputs
0048,Training Data 1.zip,2024-01-31 11:28:20,2024-01-31T16:29:07+00:00,traffic-triggers-output,,,,,0,0,trigger_outputs
0048,Training Data 1.zip,2024-01-31 11:28:20,2024-01-31T16:29:07+00:00,traffic-triggers-output,,,,,0,0,trigger_outputs
0048,Training Data 1.zip,2024-01-31 11:28:20,2024-01-31T16:29:07+00:00,traffic-triggers-output,,,,,0,0,trigger_outputs
0048,Training Data 1.zip,2024-01-31 11:28:20,2024-01-31T16:29:07+00:00,traffic-triggers-output,,,,,0,0,trigger_outputs
0048,Training Data 1.zip,2024-01-31 11:28:20,2024-01-31T16:29:07+00:00,traffic-triggers-output,,,,,0,0,trigger_outputs
0048,Training Data 1.zip,2024-01-31 11:28:20,2024-01-31T16:29:07+00:00,traffic-triggers-output,,,,,0,0,trigger_outputs
0048,Training Data 1.zip,2024-01-31 11:28:20,2024-01-31T16:29:07+00:00,traffic-triggers-output,,,,,0,0,trigger_outputs
0048,Training Data 1.zip,2024-01-31 11:28:20,2024-01-31T16:29:07+00:00,traffic-triggers-output,,,,,0,0,trigger_outputs
0048,Training Data 1.zip,2024-01-31 11:28:20,2024-01-31T16:29:07+00:00,traffic-triggers-output,,,,,0,0,trigger_outputs
0048,Training Data 1.zip,2024-01-31 11:28:20,2024-01-31T16:29:07+00:00,traffic-triggers-output,,,,,0,0,trigger_outputs
0048,Training Data 1.zip,2024-01-31 11:28:20,2024-01-31T16:29:07+00:00,traffic-triggers-output,,,,,0,0,trigger_outputs
0048,Training Data 1.zip,2024-01-31 11:28:20,2024-01-31T16:29:07+00:00,traffic-triggers-output,,,,,0,0,trigger_outputs
0048,Training Data 1.zip,2024-01-31 11:28:20,2024-01-31T16:29:07+00:00,traffic-triggers-output,,,,,0,0,trigger_outputs
0048,Training Data 1.zip,2024-01-31 11:28:20,2024-01-31T16:29:07+00:00,traffic-triggers-output,,,,,0,0,trigger_outputs
0048,Training Data 1.zip,2024-01-31 11:28:20,2024-01-31T16:29:07+00:00,traffic-triggers-output,,,,,0,0,trigger_outputs
0048,Training Data 1.zip,2024-01-31 11:28:20,2024-01-31T16:29:07+00:00,traffic-triggers-output,,,,,0,0,trigger_outputs
0048,Training Data 1.zip,2024-01-31 11:28:20,2024-01-31T16:29:07+00:00,traffic-triggers-output,,,,,0,0,trigger_outputs
0048,Training Data 1.zip,2024-01-31 11:28:20,2024-01-31T16:29:07+00:00,traffic-triggers-output,,,,,0,0,trigger_outputs
0048,Training Data 1.zip,2024-01-31 11:28:20,2024-01-31T16:29:07+00:00,traffic-triggers-output,,,,,0,0,trigger_outputs
0048,Training Data 1.zip,2024-01-31 11:28:20,2024-01-31T16:29:07+00:00,traffic-triggers-output,,,,,0,0,trigger_outputs
0048,Training Data 1.zip,2024-01-31 11:28:20,2024-01-31T16:29:07+00:00,traffic-triggers-output,,,,,0,0,trigger_outputs
0048,Training Data 1.zip,2024-01-31 11:28:20,2024-01-31T16:29:07+00:00,traffic-triggers-output,,,,,0,0,trigger_outputs
0048,Training Data 1.zip,2024-01-31 11:28:20,2024-01-31T16:29:07+00:00,traffic-triggers-output,,,,,0,0,trigger_outputs
0048,Training Data 1.zip,2024-01-31 11:28:20,2024-01-31T16:29:07+00:00,traffic-triggers-output,,,,,0,0,trigger_outputs
0048,Training Data 1.zip,2024-01-31 11:28:20,2024-01-31T16:29:07+00:00,traffic-triggers-output,,,,,0,0,trigger_outputs
0048,Training Data 1.zip,2024-01-31 11:28:20,2024-01-31T16:29:07+00:00,traffic-triggers-output,,,,,0,0,trigger_outputs
0048,Training Data 1.zip,2024-01-31 11:28:20,2024-01-31T16:29:07+00:00,traffic-triggers-output,,,,,0,0,trigger_outputs
0048,Training Data 1.zip,2024-01-31 11:28:20,2024-01-31T16:29:07+00:00,traffic-triggers-output,,,,,0,0,trigger_outputs
0048,Training Data 1.zip,2024-01-31 11:28:20,2024-01-31T16:29:07+00:00,traffic-triggers-output,,,,,0,0,trigger_outputs
0048,Training Data 1.zip,2024-01-31 11:28:20,2024-01-31T16:29:07+00:00,traffic-triggers-output,,,,,0,0,trigger_outputs
0048,Training Data 1.zip,2024-01-31 11:28:20,2024-01-31T16:29:07+00:00,traffic-triggers-output,,,,,0,0,trigger_outputs
0048,Training Data 1.zip,2024-01-31 11:28:20,2024-01-31T16:29:08+00:00,traffic-triggers-output,,,,,0,0,trigger_outputs
0048,Training Data 1.zip,2024-01-31 11:28:20,2024-01-31T16:29:08+00:00,traffic-triggers-output,,,,,0,0,trigger_outputs
0048,Training Data 1.zip,2024-01-31 11:28:20,2024-01-31T16:29:08+00:00,traffic-triggers-output,,,,,0,0,trigger_outputs
0048,Training Data 1.zip,2024-01-31 11:28:20,2024-01-31T16:29:08+00:00,traffic-triggers-output,,,,,0,0,trigger_outputs
0048,Training Data 1.zip,2024-01-31 11:28:20,2024-01-31T16:29:08+00:00,traffic-triggers-output,,,,,0,0,trigger_outputs
0048,Training Data 1.zip,2024-01-31 11:28:20,2024-01-31T16:29:08+00:00,traffic-triggers-output,,,,,0,0,trigger_outputs
0048,Training Data 1.zip,2024-01-31 11:28:20,2024-01-31T16:29:08+00:00,traffic-triggers-output,,,,,0,0,trigger_outputs
0048,Training Data 1.zip,2024-01-31 11:28:20,2024-01-31T16:29:08+00:00,traffic-triggers-output,,,,,0,0,trigger_outputs
0048,Training Data 1.zip,2024-01-31 11:28:20,2024-01-31T16:29:08+00:00,traffic-triggers-output,,,,,0,0,trigger_outputs
0048,Training Data 1.zip,2024-01-31 11:28:21,2024-01-31T16:29:08+00:00,traffic-triggers-output,,,,,0,0,trigger_outputs
0048,Training Data 1.zip,2024-01-31 11:28:21,2024-01-31T16:29:08+00:00,traffic-triggers-output,,,,,0,0,trigger_outputs
0048,Training Data 1.zip,2024-01-31 11:28:21,2024-01-31T16:29:08+00:00,traffic-triggers-output,,,,,0,0,trigger_outputs
0048,Training Data 1.zip,2024-01-31 11:28:21,2024-01-31T16:29:08+00:00,traffic-triggers-output,,,,,0,0,trigger_outputs
0048,Training Data 1.zip,2024-01-31 11:28:21,2024-01-31T16:29:08+00:00,traffic-triggers-output,,,,,0,0,trigger_outputs
0048,Training Data 1.zip,2024-01-31 11:28:21,2024-01-31T16:29:08+00:00,traffic-triggers-output,,,,,0,0,trigger_outputs
0048,Training Data 1.zip,2024-01-31 11:28:21,2024-01-31T16:29:08+00:00,traffic-triggers-output,,,,,0,0,trigger_outputs
0048,Training Data 1.zip,2024-01-31 11:28:21,2024-01-31T16:29:08+00:00,traffic-triggers-output,,,,,0,0,trigger_outputs
0048,Training Data 1.zip,2024-01-31 11:28:21,2024-01-31T16:29:08+00:00,traffic-triggers-output,,,,,0,0,trigger_outputs
0048,Training Data 1.zip,2024-01-31 11:28:21,2024-01-31T16:29:08+00:00,traffic-triggers-output,,,,,0,0,trigger_outputs
0048,Training Data 1.zip,2024-01-31 11:28:21,2024-01-31T16:29:08+00:00,traffic-triggers-output,,,,,0,0,trigger_outputs
0048,Training Data 1.zip,2024-01-31 11:28:21,2024-01-31T16:29:08+00:00,traffic-triggers-output,,,,,0,0,trigger_outputs
0048,Training Data 1.zip,2024-01-31 11:28:21,2024-01-31T16:29:08+00:00,traffic-triggers-output,,,,,0,0,trigger_outputs
0048,Training Data 1.zip,2024-01-31 11:28:21,2024-01-31T16:29:08+00:00,traffic-triggers-output,,,,,0,0,trigger_outputs
0048,Training Data 1.zip,2024-01-31 11:28:21,2024-01-31T16:29:08+00:00,traffic-triggers-output,,,,,0,0,trigger_outputs
0048,Training Data 1.zip,2024-01-31 11:28:21,2024-01-31T16:29:08+00:00,traffic-triggers-output,,,,,0,0,trigger_outputs
0048,Training Data 1.zip,2024-01-31 11:28:21,2024-01-31T16:29:08+00:00,traffic-triggers-output,,,,,0,0,trigger_outputs
0048,Training Data 1.zip,2024-01-31 11:28:21,2024-01-31T16:29:08+00:00,traffic-triggers-output,,,,,0,0,trigger_outputs
0048,Training Data 1.zip,2024-01-31 11:28:21,2024-01-31T16:29:08+00:00,traffic-triggers-output,,,,,0,0,trigger_outputs
0048,Training Data 1.zip,2024-01-31 11:28:21,2024-01-31T16:29:08+00:00,traffic-triggers-output,,,,,0,0,trigger_outputs
0048,Training Data 1.zip,2024-01-31 11:28:21,2024-01-31T16:29:08+00:00,traffic-triggers-output,,,,,0,0,trigger_outputs
0048,Training Data 1.zip,2024-01-31 11:28:21,2024-01-31T16:29:08+00:00,traffic-triggers-output,,,,,0,0,trigger_outputs
0048,Training Data 1.zip,2024-01-31 11:28:21,2024-01-31T16:29:08+00:00,traffic-triggers-output,,,,,0,0,trigger_outputs
0048,Training Data 1.zip,2024-01-31 11:28:21,2024-01-31T16:29:08+00:00,traffic-triggers-output,,,,,0,0,trigger_outputs
0048,Training Data 1.zip,2024-01-31 11:28:21,2024-01-31T16:29:08+00:00,traffic-triggers-output,,,,,0,0,trigger_outputs
0048,Training Data 1.zip,2024-01-31 11:28:21,2024-01-31T16:29:08+00:00,traffic-triggers-output,,,,,0,0,trigger_outputs
0048,Training Data 1.zip,2024-01-31 11:28:21,2024-01-31T16:29:08+00:00,traffic-triggers-output,,,,,0,0,trigger_outputs
0048,Training Data 1.zip,2024-01-31 11:28:21,2024-01-31T16:29:08+00:00,traffic-triggers-output,,,,,0,0,trigger_outputs
0048,Training Data 1.zip,2024-01-31 11:28:21,2024-01-31T16:29:08+00:00,traffic-triggers-output,,,,,0,0,trigger_outputs
0048,Training Data 1.zip,2024-01-31 11:28:21,2024-01-31T16:29:08+00:00,traffic-triggers-output,,,,,0,0,trigger_outputs
0048,Training Data 1.zip,2024-01-31 11:28:21,2024-01-31T16:29:09+00:00,traffic-triggers-output,,,,,0,0,trigger_outputs
0048,Training Data 1.zip,2024-01-31 11:28:21,2024-01-31T16:29:09+00:00,traffic-triggers-output,,,,,0,0,trigger_outputs
0048,Training Data 1.zip,2024-01-31 11:28:21,2024-01-31T16:29:09+00:00,traffic-triggers-output,,,,,0,0,trigger_outputs
0048,Training Data 1.zip,2024-01-31 11:28:21,2024-01-31T16:29:09+00:00,traffic-triggers-output,,,,,0,0,trigger_outputs
0048,Training Data 1.zip,2024-01-31 11:28:21,2024-01-31T16:29:09+00:00,traffic-triggers-output,,,,,0,0,trigger_outputs
0048,Training Data 1.zip,2024-01-31 11:28:21,2024-01-31T16:29:09+00:00,traffic-triggers-output,,,,,0,0,trigger_outputs
0048,Training Data 1.zip,2024-01-31 11:28:21,2024-01-31T16:29:09+00:00,traffic-triggers-output,,,,,0,0,trigger_outputs
0048,Training Data 1.zip,2024-01-31 11:28:21,2024-01-31T16:29:09+00:00,traffic-triggers-output,,,,,0,0,trigger_outputs
0048,Training Data 1.zip,2024-01-31 11:28:21,2024-01-31T16:29:09+00:00,traffic-triggers-output,,,,,0,0,trigger_outputs
0048,Training Data 1.zip,2024-01-31 11:28:21,2024-01-31T16:29:09+00:00,traffic-triggers-output,,,,,0,0,trigger_outputs
0048,Training Data 1.zip,2024-01-31 11:28:22,2024-01-31T16:29:09+00:00,traffic-triggers-output,,,,,0,0,trigger_outputs
0048,Training Data 1.zip,2024-01-31 11:28:22,2024-01-31T16:29:09+00:00,traffic-triggers-output,,,,,0,0,trigger_outputs
0048,Training Data 1.zip,2024-01-31 11:28:22,2024-01-31T16:29:09+00:00,traffic-triggers-output,,,,,0,0,trigger_outputs
0048,Training Data 1.zip,2024-01-31 11:28:22,2024-01-31T16:29:09+00:00,traffic-triggers-output,,,,,0,0,trigger_outputs
0048,Training Data 1.zip,2024-01-31 11:28:22,2024-01-31T16:29:09+00:00,traffic-triggers-output,,,,,0,0,trigger_outputs
0048,Training Data 1.zip,2024-01-31 11:28:22,2024-01-31T16:29:09+00:00,traffic-triggers-output,,,,,0,0,trigger_outputs
0048,Training Data 1.zip,2024-01-31 11:28:22,2024-01-31T16:29:09+00:00,traffic-triggers-output,,,,,0,0,trigger_outputs
0048,Training Data 1.zip,2024-01-31 11:28:22,2024-01-31T16:29:09+00:00,traffic-triggers-output,,,,,0,0,trigger_outputs
0048,Training Data 1.zip,2024-01-31 11:28:22,2024-01-31T16:29:09+00:00,traffic-triggers-output,,,,,0,0,trigger_outputs
0048,Training Data 1.zip,2024-01-31 11:28:22,2024-01-31T16:29:09+00:00,traffic-triggers-output,,,,,0,0,trigger_outputs
0048,Training Data 1.zip,2024-01-31 11:28:22,2024-01-31T16:29:09+00:00,traffic-triggers-output,,,,,0,0,trigger_outputs
0048,Training Data 1.zip,2024-01-31 11:28:22,2024-01-31T16:29:09+00:00,traffic-triggers-output,,,,,0,0,trigger_outputs
0048,Training Data 1.zip,2024-01-31 11:28:22,2024-01-31T16:29:09+00:00,traffic-triggers-output,,,,,0,0,trigger_outputs
0048,Training Data 1.zip,2024-01-31 11:28:22,2024-01-31T16:29:09+00:00,traffic-triggers-output,,,,,0,0,trigger_outputs
0048,Training Data 1.zip,2024-01-31 11:28:22,2024-01-31T16:29:09+00:00,traffic-triggers-output,,,,,0,0,trigger_outputs
0048,Training Data 1.zip,2024-01-31 11:28:22,2024-01-31T16:29:09+00:00,traffic-triggers-output,,,,,0,0,trigger_outputs
0048,Training Data 1.zip,2024-01-31 11:28:22,2024-01-31T16:29:09+00:00,traffic-triggers-output,,,,,0,0,trigger_outputs
0048,Training Data 1.zip,2024-01-31 11:28:22,2024-01-31T16:29:09+00:00,traffic-triggers-output,,,,,0,0,trigger_outputs
0048,Training Data 1.zip,2024-01-31 11:28:22,2024-01-31T16:29:09+00:00,traffic-triggers-output,,,,,0,0,trigger_outputs
0048,Training Data 1.zip,2024-01-31 11:28:22,2024-01-31T16:29:09+00:00,traffic-triggers-output,,,,,0,0,trigger_outputs
0048,Training Data 1.zip,2024-01-31 11:28:22,2024-01-31T16:29:09+00:00,traffic-triggers-output,,,,,0,0,trigger_outputs
0048,Training Data 1.zip,2024-01-31 11:28:22,2024-01-31T16:29:09+00:00,traffic-triggers-output,,,,,0,0,trigger_outputs
0048,Training Data 1.zip,2024-01-31 11:28:22,2024-01-31T16:29:09+00:00,traffic-triggers-output,,,,,0,0,trigger_outputs
0048,Training Data 1.zip,2024-01-31 11:28:22,2024-01-31T16:29:09+00:00,traffic-triggers-output,,,,,0,0,trigger_outputs
0048,Training Data 1.zip,2024-01-31 11:28:22,2024-01-31T16:29:09+00:00,traffic-triggers-output,,,,,0,0,trigger_outputs
0048,Training Data 1.zip,2024-01-31 11:28:22,2024-01-31T16:29:09+00:00,traffic-triggers-output,,,,,0,0,trigger_outputs
0048,Training Data 1.zip,2024-01-31 11:28:22,2024-01-31T16:29:09+00:00,traffic-triggers-output,,,,,0,0,trigger_outputs
0048,Training Data 1.zip,2024-01-31 11:28:22,2024-01-31T16:29:09+00:00,traffic-triggers-output,,,,,0,0,trigger_outputs
0048,Training Data 1.zip,2024-01-31 11:28:22,2024-01-31T16:29:09+00:00,traffic-triggers-output,,,,,0,0,trigger_outputs
0048,Training Data 1.zip,2024-01-31 11:28:22,2024-01-31T16:29:10+00:00,traffic-triggers-output,,,,,0,0,trigger_outputs
0048,Training Data 1.zip,2024-01-31 11:28:22,2024-01-31T16:29:10+00:00,traffic-triggers-output,,,,,0,0,trigger_outputs
0048,Training Data 1.zip,2024-01-31 11:28:22,2024-01-31T16:29:10+00:00,traffic-triggers-output,,,,,0,0,trigger_outputs
0048,Training Data 1.zip,2024-01-31 11:28:22,2024-01-31T16:29:10+00:00,traffic-triggers-output,,,,,0,0,trigger_outputs
0048,Training Data 1.zip,2024-01-31 11:28:22,2024-01-31T16:29:10+00:00,traffic-triggers-output,,,,,0,0,trigger_outputs
0048,Training Data 1.zip,2024-01-31 11:28:22,2024-01-31T16:29:10+00:00,traffic-triggers-output,,,,,0,0,trigger_outputs
0048,Training Data 1.zip,2024-01-31 11:28:22,2024-01-31T16:29:10+00:00,traffic-triggers-output,,,,,0,0,trigger_outputs
0048,Training Data 1.zip,2024-01-31 11:28:22,2024-01-31T16:29:10+00:00,traffic-triggers-output,,,,,0,0,trigger_outputs
0048,Training Data 1.zip,2024-01-31 11:28:22,2024-01-31T16:29:10+00:00,traffic-triggers-output,,,,,0,0,trigger_outputs
0048,Training Data 1.zip,2024-01-31 11:28:22,2024-01-31T16:29:10+00:00,traffic-triggers-output,,,,,0,0,trigger_outputs
0048,Training Data 1.zip,2024-01-31 11:28:22,2024-01-31T16:29:10+00:00,traffic-triggers-output,,,,,0,0,trigger_outputs
0048,Training Data 1.zip,2024-01-31 11:28:23,2024-01-31T16:29:10+00:00,traffic-triggers-output,,,,,0,0,trigger_outputs
0048,Training Data 1.zip,2024-01-31 11:28:23,2024-01-31T16:29:10+00:00,traffic-triggers-output,,,,,0,0,trigger_outputs
0048,Training Data 1.zip,2024-01-31 11:28:23,2024-01-31T16:29:10+00:00,traffic-triggers-output,,,,,0,0,trigger_outputs
0048,Training Data 1.zip,2024-01-31 11:28:23,2024-01-31T16:29:10+00:00,traffic-triggers-output,,,,,0,0,trigger_outputs
0048,Training Data 1.zip,2024-01-31 11:28:23,2024-01-31T16:29:10+00:00,traffic-triggers-output,,,,,0,0,trigger_outputs
0048,Training Data 1.zip,2024-01-31 11:28:23,2024-01-31T16:29:10+00:00,traffic-triggers-output,,,,,0,0,trigger_outputs
0048,Training Data 1.zip,2024-01-31 11:28:23,2024-01-31T16:29:10+00:00,traffic-triggers-output,,,,,0,0,trigger_outputs
0048,Training Data 1.zip,2024-01-31 11:28:23,2024-01-31T16:29:10+00:00,traffic-triggers-output,,,,,0,0,trigger_outputs
0048,Training Data 1.zip,2024-01-31 11:28:23,2024-01-31T16:29:10+00:00,traffic-triggers-output,,,,,0,0,trigger_outputs
0048,Training Data 1.zip,2024-01-31 11:28:23,2024-01-31T16:29:10+00:00,traffic-triggers-output,,,,,0,0,trigger_outputs
0048,Training Data 1.zip,2024-01-31 11:28:23,2024-01-31T16:29:10+00:00,traffic-triggers-output,,,,,0,0,trigger_outputs
0048,Training Data 1.zip,2024-01-31 11:28:23,2024-01-31T16:29:10+00:00,traffic-triggers-output,,,,,0,0,trigger_outputs
0048,Training Data 1.zip,2024-01-31 11:28:23,2024-01-31T16:29:10+00:00,traffic-triggers-output,,,,,0,0,trigger_outputs
0048,Training Data 1.zip,2024-01-31 11:28:23,2024-01-31T16:29:10+00:00,traffic-triggers-output,,,,,0,0,trigger_outputs
0048,Training Data 1.zip,2024-01-31 11:28:23,2024-01-31T16:29:10+00:00,traffic-triggers-output,,,,,0,0,trigger_outputs
0048,Training Data 1.zip,2024-01-31 11:28:23,2024-01-31T16:29:10+00:00,traffic-triggers-output,,,,,0,0,trigger_outputs
0048,Training Data 1.zip,2024-01-31 11:28:23,2024-01-31T16:29:10+00:00,traffic-triggers-output,,,,,0,0,trigger_outputs
0048,Training Data 1.zip,2024-01-31 11:28:23,2024-01-31T16:29:10+00:00,traffic-triggers-output,,,,,0,0,trigger_outputs
0048,Training Data 1.zip,2024-01-31 11:28:23,2024-01-31T16:29:10+00:00,traffic-triggers-output,,,,,0,0,trigger_outputs
0048,Training Data 1.zip,2024-01-31 11:28:23,2024-01-31T16:29:10+00:00,traffic-triggers-output,,,,,0,0,trigger_outputs
0048,Training Data 1.zip,2024-01-31 11:28:23,2024-01-31T16:29:10+00:00,traffic-triggers-output,,,,,0,0,trigger_outputs
0048,Training Data 1.zip,2024-01-31 11:28:23,2024-01-31T16:29:10+00:00,traffic-triggers-output,,,,,0,0,trigger_outputs
0048,Training Data 1.zip,2024-01-31 11:28:23,2024-01-31T16:29:10+00:00,traffic-triggers-output,,,,,0,0,trigger_outputs
0048,Training Data 1.zip,2024-01-31 11:28:23,2024-01-31T16:29:10+00:00,traffic-triggers-output,,,,,0,0,trigger_outputs
0048,Training Data 1.zip,2024-01-31 11:28:23,2024-01-31T16:29:10+00:00,traffic-triggers-output,,,,,0,0,trigger_outputs
0048,Training Data 1.zip,2024-01-31 11:28:23,2024-01-31T16:29:10+00:00,traffic-triggers-output,,,,,0,0,trigger_outputs
0048,Training Data 1.zip,2024-01-31 11:28:23,2024-01-31T16:29:10+00:00,traffic-triggers-output,,,,,0,0,trigger_outputs
0048,Training Data 1.zip,2024-01-31 11:28:23,2024-01-31T16:29:10+00:00,traffic-triggers-output,,,,,0,0,trigger_outputs
0048,Training Data 1.zip,2024-01-31 11:28:23,2024-01-31T16:29:10+00:00,traffic-triggers-output,,,,,0,0,trigger_outputs
0048,Training Data 1.zip,2024-01-31 11:28:23,2024-01-31T16:29:11+00:00,traffic-triggers-output,,,,,0,0,trigger_outputs
0048,Training Data 1.zip,2024-01-31 11:28:23,2024-01-31T16:29:11+00:00,traffic-triggers-output,,,,,0,0,trigger_outputs
0048,Training Data 1.zip,2024-01-31 11:28:23,2024-01-31T16:29:11+00:00,traffic-triggers-output,,,,,0,0,trigger_outputs
0048,Training Data 1.zip,2024-01-31 11:28:23,2024-01-31T16:29:11+00:00,traffic-triggers-output,,,,,0,0,trigger_outputs
0048,Training Data 1.zip,2024-01-31 11:28:23,2024-01-31T16:29:11+00:00,traffic-triggers-output,,,,,0,0,trigger_outputs
0048,Training Data 1.zip,2024-01-31 11:28:23,2024-01-31T16:29:11+00:00,traffic-triggers-output,,,,,0,0,trigger_outputs
0048,Training Data 1.zip,2024-01-31 11:28:23,2024-01-31T16:29:11+00:00,traffic-triggers-output,,,,,0,0,trigger_outputs
0048,Training Data 1.zip,2024-01-31 11:28:23,2024-01-31T16:29:11+00:00,traffic-triggers-output,,,,,0,0,trigger_outputs
0048,Training Data 1.zip,2024-01-31 11:28:23,2024-01-31T16:29:11+00:00,traffic-triggers-output,,,,,0,0,trigger_outputs
0048,Training Data 1.zip,2024-01-31 11:28:28,2024-01-31T16:29:15+00:00,traffic-triggers-output,,,,,0,0,trigger_outputs
0048,Training Data 1.zip,2024-01-31 11:28:28,2024-01-31T16:29:15+00:00,traffic-triggers-output,,,,,0,0,trigger_outputs
0048,Training Data 1.zip,2024-01-31 11:28:28,2024-01-31T16:29:15+00:00,traffic-triggers-output,,,,,0,0,trigger_outputs
0048,Training Data 1.zip,2024-01-31 11:28:28,2024-01-31T16:29:15+00:00,traffic-triggers-output,,,,,0,0,trigger_outputs
0048,Training Data 1.zip,2024-01-31 11:28:28,2024-01-31T16:29:15+00:00,traffic-triggers-output,,,,,0,0,trigger_outputs
0048,Training Data 1.zip,2024-01-31 11:28:28,2024-01-31T16:29:15+00:00,traffic-triggers-output,,,,,0,0,trigger_outputs
0048,Training Data 1.zip,2024-01-31 11:28:28,2024-01-31T16:29:15+00:00,traffic-triggers-output,,,,,0,0,trigger_outputs
0048,Training Data 1.zip,2024-01-31 11:28:28,2024-01-31T16:29:15+00:00,traffic-triggers-output,,,,,0,0,trigger_outputs
0048,Training Data 1.zip,2024-01-31 11:28:28,2024-01-31T16:29:15+00:00,traffic-triggers-output,,,,,0,0,trigger_outputs
0048,Training Data 1.zip,2024-01-31 11:28:28,2024-01-31T16:29:15+00:00,traffic-triggers-output,,,,,0,0,trigger_outputs
0048,Training Data 1.zip,2024-01-31 11:28:28,2024-01-31T16:29:15+00:00,traffic-triggers-output,,,,,0,0,trigger_outputs
0048,Training Data 1.zip,2024-01-31 11:28:28,2024-01-31T16:29:15+00:00,traffic-triggers-output,,,,,0,0,trigger_outputs
0048,Training Data 1.zip,2024-01-31 11:28:28,2024-01-31T16:29:15+00:00,traffic-triggers-output,,,,,0,0,trigger_outputs
0048,Training Data 1.zip,2024-01-31 11:28:28,2024-01-31T16:29:15+00:00,traffic-triggers-output,,,,,0,0,trigger_outputs
0048,Training Data 1.zip,2024-01-31 11:28:28,2024-01-31T16:29:15+00:00,traffic-triggers-output,,,,,0,0,trigger_outputs
0048,Training Data 1.zip,2024-01-31 11:28:28,2024-01-31T16:29:15+00:00,traffic-triggers-output,,,,,0,0,trigger_outputs
0048,Training Data 1.zip,2024-01-31 11:28:28,2024-01-31T16:29:15+00:00,traffic-triggers-output,,,,,0,0,trigger_outputs
0048,Training Data 1.zip,2024-01-31 11:28:28,2024-01-31T16:29:15+00:00,traffic-triggers-output,,,,,0,0,trigger_outputs
0048,Training Data 1.zip,2024-01-31 11:28:28,2024-01-31T16:29:15+00:00,traffic-triggers-output,,,,,0,0,trigger_outputs
0048,Training Data 1.zip,2024-01-31 11:28:28,2024-01-31T16:29:15+00:00,traffic-triggers-output,,,,,0,0,trigger_outputs
0048,Training Data 1.zip,2024-01-31 11:28:28,2024-01-31T16:29:15+00:00,traffic-triggers-output,,,,,0,0,trigger_outputs
0048,Training Data 1.zip,2024-01-31 11:28:28,2024-01-31T16:29:15+00:00,traffic-triggers-output,,,,,0,0,trigger_outputs
0048,Training Data 1.zip,2024-01-31 11:28:28,2024-01-31T16:29:15+00:00,traffic-triggers-output,,,,,0,0,trigger_outputs
0048,Training Data 1.zip,2024-01-31 11:28:28,2024-01-31T16:29:15+00:00,traffic-triggers-output,,,,,0,0,trigger_outputs
0048,Training Data 1.zip,2024-01-31 11:28:28,2024-01-31T16:29:15+00:00,traffic-triggers-output,,,,,0,0,trigger_outputs
0048,Training Data 1.zip,2024-01-31 11:28:28,2024-01-31T16:29:15+00:00,traffic-triggers-output,,,,,0,0,trigger_outputs
0048,Training Data 1.zip,2024-01-31 11:28:28,2024-01-31T16:29:15+00:00,traffic-triggers-output,,,,,0,0,trigger_outputs
0048,Training Data 1.zip,2024-01-31 11:28:28,2024-01-31T16:29:16+00:00,traffic-triggers-output,,,,,0,0,trigger_outputs
0048,Training Data 1.zip,2024-01-31 11:28:28,2024-01-31T16:29:16+00:00,traffic-triggers-output,,,,,0,0,trigger_outputs
0048,Training Data 1.zip,2024-01-31 11:28:28,2024-01-31T16:29:16+00:00,traffic-triggers-output,,,,,0,0,trigger_outputs
0048,Training Data 1.zip,2024-01-31 11:28:28,2024-01-31T16:29:16+00:00,traffic-triggers-output,,,,,0,0,trigger_outputs
0048,Training Data 1.zip,2024-01-31 11:28:28,2024-01-31T16:29:16+00:00,traffic-triggers-output,,,,,0,0,trigger_outputs
0048,Training Data 1.zip,2024-01-31 11:28:28,2024-01-31T16:29:16+00:00,traffic-triggers-output,,,,,0,0,trigger_outputs
0048,Training Data 1.zip,2024-01-31 11:28:28,2024-01-31T16:29:16+00:00,traffic-triggers-output,,,,,0,0,trigger_outputs
0048,Training Data 1.zip,2024-01-31 11:28:28,2024-01-31T16:29:16+00:00,traffic-triggers-output,,,,,0,0,trigger_outputs
0048,Training Data 1.zip,2024-01-31 11:28:28,2024-01-31T16:29:16+00:00,traffic-triggers-output,,,,,0,0,trigger_outputs
0048,Training Data 1.zip,2024-01-31 11:28:29,2024-01-31T16:29:16+00:00,traffic-triggers-output,,,,,0,0,trigger_outputs
0048,Training Data 1.zip,2024-01-31 11:28:29,2024-01-31T16:29:16+00:00,traffic-triggers-output,,,,,0,0,trigger_outputs
0048,Training Data 1.zip,2024-01-31 11:28:29,2024-01-31T16:29:16+00:00,traffic-triggers-output,,,,,0,0,trigger_outputs
0048,Training Data 1.zip,2024-01-31 11:28:29,2024-01-31T16:29:16+00:00,traffic-triggers-output,,,,,0,0,trigger_outputs
0048,Training Data 1.zip,2024-01-31 11:28:29,2024-01-31T16:29:16+00:00,traffic-triggers-output,,,,,0,0,trigger_outputs
0048,Training Data 1.zip,2024-01-31 11:28:29,2024-01-31T16:29:16+00:00,traffic-triggers-output,,,,,0,0,trigger_outputs
0048,Training Data 1.zip,2024-01-31 11:28:29,2024-01-31T16:29:16+00:00,traffic-triggers-output,,,,,0,0,trigger_outputs
0048,Training Data 1.zip,2024-01-31 11:28:29,2024-01-31T16:29:16+00:00,traffic-triggers-output,,,,,0,0,trigger_outputs
0048,Training Data 1.zip,2024-01-31 11:28:29,2024-01-31T16:29:16+00:00,traffic-triggers-output,,,,,0,0,trigger_outputs
0048,Training Data 1.zip,2024-01-31 11:28:29,2024-01-31T16:29:16+00:00,traffic-triggers-output,,,,,0,0,trigger_outputs
0048,Training Data 1.zip,2024-01-31 11:28:29,2024-01-31T16:29:16+00:00,traffic-triggers-output,,,,,0,0,trigger_outputs
0048,Training Data 1.zip,2024-01-31 11:28:29,2024-01-31T16:29:16+00:00,traffic-triggers-output,,,,,0,0,trigger_outputs
0048,Training Data 1.zip,2024-01-31 11:28:29,2024-01-31T16:29:16+00:00,traffic-triggers-output,,,,,0,0,trigger_outputs
0048,Training Data 1.zip,2024-01-31 11:28:29,2024-01-31T16:29:16+00:00,traffic-triggers-output,,,,,0,0,trigger_outputs
0048,Training Data 1.zip,2024-01-31 11:28:29,2024-01-31T16:29:16+00:00,traffic-triggers-output,,,,,0,0,trigger_outputs
0048,Training Data 1.zip,2024-01-31 11:28:29,2024-01-31T16:29:16+00:00,traffic-triggers-output,,,,,0,0,trigger_outputs
0048,Training Data 1.zip,2024-01-31 11:28:29,2024-01-31T16:29:16+00:00,traffic-triggers-output,,,,,0,0,trigger_outputs
0048,Training Data 1.zip,2024-01-31 11:28:29,2024-01-31T16:29:16+00:00,traffic-triggers-output,,,,,0,0,trigger_outputs
0048,Training Data 1.zip,2024-01-31 11:28:29,2024-01-31T16:29:16+00:00,traffic-triggers-output,,,,,0,0,trigger_outputs
0048,Training Data 1.zip,2024-01-31 11:28:29,2024-01-31T16:29:16+00:00,traffic-triggers-output,,,,,0,0,trigger_outputs
0048,Training Data 1.zip,2024-01-31 11:28:29,2024-01-31T16:29:16+00:00,traffic-triggers-output,,,,,0,0,trigger_outputs
0048,Training Data 1.zip,2024-01-31 11:28:29,2024-01-31T16:29:16+00:00,traffic-triggers-output,,,,,0,0,trigger_outputs
0048,Training Data 1.zip,2024-01-31 11:28:29,2024-01-31T16:29:16+00:00,traffic-triggers-output,,,,,0,0,trigger_outputs
0048,Training Data 1.zip,2024-01-31 11:28:29,2024-01-31T16:29:16+00:00,traffic-triggers-output,,,,,0,0,trigger_outputs
0048,Training Data 1.zip,2024-01-31 11:28:29,2024-01-31T16:29:16+00:00,traffic-triggers-output,,,,,0,0,trigger_outputs
0048,Training Data 1.zip,2024-01-31 11:28:29,2024-01-31T16:29:16+00:00,traffic-triggers-output,,,,,0,0,trigger_outputs
0048,Training Data 1.zip,2024-01-31 11:28:29,2024-01-31T16:29:16+00:00,traffic-triggers-output,,,,,0,0,trigger_outputs
0048,Training Data 1.zip,2024-01-31 11:28:29,2024-01-31T16:29:16+00:00,traffic-triggers-output,,,,,0,0,trigger_outputs
0048,Training Data 1.zip,2024-01-31 11:28:29,2024-01-31T16:29:16+00:00,traffic-triggers-output,,,,,0,0,trigger_outputs
0048,Training Data 1.zip,2024-01-31 11:28:29,2024-01-31T16:29:16+00:00,traffic-triggers-output,,,,,0,0,trigger_outputs
0048,Training Data 1.zip,2024-01-31 11:28:29,2024-01-31T16:29:16+00:00,traffic-triggers-output,,,,,0,0,trigger_outputs
0048,Training Data 1.zip,2024-01-31 11:28:29,2024-01-31T16:29:17+00:00,traffic-triggers-output,,,,,0,0,trigger_outputs
0048,Training Data 1.zip,2024-01-31 11:28:29,2024-01-31T16:29:17+00:00,traffic-triggers-output,,,,,0,0,trigger_outputs
0048,Training Data 1.zip,2024-01-31 11:28:29,2024-01-31T16:29:17+00:00,traffic-triggers-output,,,,,0,0,trigger_outputs
0048,Training Data 1.zip,2024-01-31 11:28:29,2024-01-31T16:29:17+00:00,traffic-triggers-output,,,,,0,0,trigger_outputs
0048,Training Data 1.zip,2024-01-31 11:28:29,2024-01-31T16:29:17+00:00,traffic-triggers-output,,,,,0,0,trigger_outputs
0048,Training Data 1.zip,2024-01-31 11:28:29,2024-01-31T16:29:17+00:00,traffic-triggers-output,,,,,0,0,trigger_outputs
0048,Training Data 1.zip,2024-01-31 11:28:29,2024-01-31T16:29:17+00:00,traffic-triggers-output,,,,,0,0,trigger_outputs
0048,Training Data 1.zip,2024-01-31 11:28:29,2024-01-31T16:29:17+00:00,traffic-triggers-output,,,,,0,0,trigger_outputs
0048,Training Data 1.zip,2024-01-31 11:28:29,2024-01-31T16:29:17+00:00,traffic-triggers-output,,,,,0,0,trigger_outputs
0048,Training Data 1.zip,2024-01-31 11:28:29,2024-01-31T16:29:17+00:00,traffic-triggers-output,,,,,0,0,trigger_outputs
0048,Training Data 1.zip,2024-01-31 11:28:30,2024-01-31T16:29:17+00:00,traffic-triggers-output,,,,,0,0,trigger_outputs
0048,Training Data 1.zip,2024-01-31 11:28:30,2024-01-31T16:29:17+00:00,traffic-triggers-output,,,,,0,0,trigger_outputs
0048,Training Data 1.zip,2024-01-31 11:28:30,2024-01-31T16:29:17+00:00,traffic-triggers-output,,,,,0,0,trigger_outputs
0048,Training Data 1.zip,2024-01-31 11:28:30,2024-01-31T16:29:17+00:00,traffic-triggers-output,,,,,0,0,trigger_outputs
0048,Training Data 1.zip,2024-01-31 11:28:30,2024-01-31T16:29:17+00:00,traffic-triggers-output,,,,,0,0,trigger_outputs
0048,Training Data 1.zip,2024-01-31 11:28:30,2024-01-31T16:29:17+00:00,traffic-triggers-output,,,,,0,0,trigger_outputs
0048,Training Data 1.zip,2024-01-31 11:28:30,2024-01-31T16:29:17+00:00,traffic-triggers-output,,,,,0,0,trigger_outputs
0048,Training Data 1.zip,2024-01-31 11:28:30,2024-01-31T16:29:17+00:00,traffic-triggers-output,,,,,0,0,trigger_outputs
0048,Training Data 1.zip,2024-01-31 11:28:30,2024-01-31T16:29:17+00:00,traffic-triggers-output,,,,,0,0,trigger_outputs
0048,Training Data 1.zip,2024-01-31 11:28:30,2024-01-31T16:29:17+00:00,traffic-triggers-output,,,,,0,0,trigger_outputs
0048,Training Data 1.zip,2024-01-31 11:28:30,2024-01-31T16:29:17+00:00,traffic-triggers-output,,,,,0,0,trigger_outputs
0048,Training Data 1.zip,2024-01-31 11:28:30,2024-01-31T16:29:17+00:00,traffic-triggers-output,,,,,0,0,trigger_outputs
0048,Training Data 1.zip,2024-01-31 11:28:30,2024-01-31T16:29:17+00:00,traffic-triggers-output,,,,,0,0,trigger_outputs
0048,Training Data 1.zip,2024-01-31 11:28:30,2024-01-31T16:29:17+00:00,traffic-triggers-output,,,,,0,0,trigger_outputs
0048,Training Data 1.zip,2024-01-31 11:28:30,2024-01-31T16:29:17+00:00,traffic-triggers-output,,,,,0,0,trigger_outputs
0048,Training Data 1.zip,2024-01-31 11:28:30,2024-01-31T16:29:17+00:00,traffic-triggers-output,,,,,0,0,trigger_outputs
0048,Training Data 1.zip,2024-01-31 11:28:30,2024-01-31T16:29:17+00:00,traffic-triggers-output,,,,,0,0,trigger_outputs
0048,Training Data 1.zip,2024-01-31 11:28:30,2024-01-31T16:29:17+00:00,traffic-triggers-output,,,,,0,0,trigger_outputs
0048,Training Data 1.zip,2024-01-31 11:28:30,2024-01-31T16:29:17+00:00,traffic-triggers-output,,,,,0,0,trigger_outputs
0048,Training Data 1.zip,2024-01-31 11:28:30,2024-01-31T16:29:17+00:00,traffic-triggers-output,,,,,0,0,trigger_outputs
0048,Training Data 1.zip,2024-01-31 11:28:30,2024-01-31T16:29:17+00:00,traffic-triggers-output,,,,,0,0,trigger_outputs
0048,Training Data 1.zip,2024-01-31 11:28:30,2024-01-31T16:29:17+00:00,traffic-triggers-output,,,,,0,0,trigger_outputs
0048,Training Data 1.zip,2024-01-31 11:28:30,2024-01-31T16:29:17+00:00,traffic-triggers-output,,,,,0,0,trigger_outputs
0048,Training Data 1.zip,2024-01-31 11:28:30,2024-01-31T16:29:17+00:00,traffic-triggers-output,,,,,0,0,trigger_outputs
0048,Training Data 1.zip,2024-01-31 11:28:30,2024-01-31T16:29:17+00:00,traffic-triggers-output,,,,,0,0,trigger_outputs
0048,Training Data 1.zip,2024-01-31 11:28:30,2024-01-31T16:29:17+00:00,traffic-triggers-output,,,,,0,0,trigger_outputs
0048,Training Data 1.zip,2024-01-31 11:28:30,2024-01-31T16:29:17+00:00,traffic-triggers-output,,,,,0,0,trigger_outputs
0048,Training Data 1.zip,2024-01-31 11:28:30,2024-01-31T16:29:17+00:00,traffic-triggers-output,,,,,0,0,trigger_outputs
0048,Training Data 1.zip,2024-01-31 11:28:30,2024-01-31T16:29:17+00:00,traffic-triggers-output,,,,,0,0,trigger_outputs
0048,Training Data 1.zip,2024-01-31 11:28:30,2024-01-31T16:29:17+00:00,traffic-triggers-output,,,,,0,0,trigger_outputs
0048,Training Data 1.zip,2024-01-31 11:28:30,2024-01-31T16:29:18+00:00,traffic-triggers-output,,,,,0,0,trigger_outputs
0048,Training Data 1.zip,2024-01-31 11:28:30,2024-01-31T16:29:18+00:00,traffic-triggers-output,,,,,0,0,trigger_outputs
0048,Training Data 1.zip,2024-01-31 11:28:30,2024-01-31T16:29:18+00:00,traffic-triggers-output,,,,,0,0,trigger_outputs
0048,Training Data 1.zip,2024-01-31 11:28:30,2024-01-31T16:29:18+00:00,traffic-triggers-output,,,,,0,0,trigger_outputs
0048,Training Data 1.zip,2024-01-31 11:28:30,2024-01-31T16:29:18+00:00,traffic-triggers-output,,,,,0,0,trigger_outputs
0048,Training Data 1.zip,2024-01-31 11:28:30,2024-01-31T16:29:18+00:00,traffic-triggers-output,,,,,0,0,trigger_outputs
0048,Training Data 1.zip,2024-01-31 11:28:30,2024-01-31T16:29:18+00:00,traffic-triggers-output,,,,,0,0,trigger_outputs
0048,Training Data 1.zip,2024-01-31 11:28:30,2024-01-31T16:29:18+00:00,traffic-triggers-output,,,,,0,0,trigger_outputs
0048,Training Data 1.zip,2024-01-31 11:28:30,2024-01-31T16:29:18+00:00,traffic-triggers-output,,,,,0,0,trigger_outputs
0048,Training Data 1.zip,2024-01-31 11:28:30,2024-01-31T16:29:18+00:00,traffic-triggers-output,,,,,0,0,trigger_outputs
0048,Training Data 1.zip,2024-01-31 11:28:31,2024-01-31T16:29:18+00:00,traffic-triggers-output,,,,,0,0,trigger_outputs
0048,Training Data 1.zip,2024-01-31 11:28:31,2024-01-31T16:29:18+00:00,traffic-triggers-output,,,,,0,0,trigger_outputs
0048,Training Data 1.zip,2024-01-31 11:28:31,2024-01-31T16:29:18+00:00,traffic-triggers-output,,,,,0,0,trigger_outputs
0048,Training Data 1.zip,2024-01-31 11:28:31,2024-01-31T16:29:18+00:00,traffic-triggers-output,,,,,0,0,trigger_outputs
0048,Training Data 1.zip,2024-01-31 11:28:31,2024-01-31T16:29:18+00:00,traffic-triggers-output,,,,,0,0,trigger_outputs
0048,Training Data 1.zip,2024-01-31 11:28:31,2024-01-31T16:29:18+00:00,traffic-triggers-output,,,,,0,0,trigger_outputs
0048,Training Data 1.zip,2024-01-31 11:28:31,2024-01-31T16:29:18+00:00,traffic-triggers-output,,,,,0,0,trigger_outputs
0048,Training Data 1.zip,2024-01-31 11:28:31,2024-01-31T16:29:18+00:00,traffic-triggers-output,,,,,0,0,trigger_outputs
0048,Training Data 1.zip,2024-01-31 11:28:31,2024-01-31T16:29:18+00:00,traffic-triggers-output,,,,,0,0,trigger_outputs
0048,Training Data 1.zip,2024-01-31 11:28:31,2024-01-31T16:29:18+00:00,traffic-triggers-output,,,,,0,0,trigger_outputs
0048,Training Data 1.zip,2024-01-31 11:28:31,2024-01-31T16:29:18+00:00,traffic-triggers-output,,,,,0,0,trigger_outputs
0048,Training Data 1.zip,2024-01-31 11:28:31,2024-01-31T16:29:18+00:00,traffic-triggers-output,,,,,0,0,trigger_outputs
0048,Training Data 1.zip,2024-01-31 11:28:31,2024-01-31T16:29:18+00:00,traffic-triggers-output,,,,,0,0,trigger_outputs
0048,Training Data 1.zip,2024-01-31 11:28:31,2024-01-31T16:29:18+00:00,traffic-triggers-output,,,,,0,0,trigger_outputs
0048,Training Data 1.zip,2024-01-31 11:28:31,2024-01-31T16:29:18+00:00,traffic-triggers-output,,,,,0,0,trigger_outputs
0048,Training Data 1.zip,2024-01-31 11:28:31,2024-01-31T16:29:18+00:00,traffic-triggers-output,,,,,0,0,trigger_outputs
0048,Training Data 1.zip,2024-01-31 11:28:31,2024-01-31T16:29:18+00:00,traffic-triggers-output,,,,,0,0,trigger_outputs
0048,Training Data 1.zip,2024-01-31 11:28:31,2024-01-31T16:29:18+00:00,traffic-triggers-output,,,,,0,0,trigger_outputs
0048,Training Data 1.zip,2024-01-31 11:28:31,2024-01-31T16:29:18+00:00,traffic-triggers-output,,,,,0,0,trigger_outputs
0048,Training Data 1.zip,2024-01-31 11:28:31,2024-01-31T16:29:18+00:00,traffic-triggers-output,,,,,0,0,trigger_outputs
0048,Training Data 1.zip,2024-01-31 11:28:31,2024-01-31T16:29:18+00:00,traffic-triggers-output,,,,,0,0,trigger_outputs
0048,Training Data 1.zip,2024-01-31 11:28:31,2024-01-31T16:29:18+00:00,traffic-triggers-output,,,,,0,0,trigger_outputs
0048,Training Data 1.zip,2024-01-31 11:28:31,2024-01-31T16:29:18+00:00,traffic-triggers-output,,,,,0,0,trigger_outputs
0048,Training Data 1.zip,2024-01-31 11:28:31,2024-01-31T16:29:18+00:00,traffic-triggers-output,,,,,0,0,trigger_outputs
0048,Training Data 1.zip,2024-01-31 11:28:31,2024-01-31T16:29:18+00:00,traffic-triggers-output,,,,,0,0,trigger_outputs
0048,Training Data 1.zip,2024-01-31 11:28:31,2024-01-31T16:29:18+00:00,traffic-triggers-output,,,,,0,0,trigger_outputs
0048,Training Data 1.zip,2024-01-31 11:28:31,2024-01-31T16:29:18+00:00,traffic-triggers-output,,,,,0,0,trigger_outputs
0048,Training Data 1.zip,2024-01-31 11:28:31,2024-01-31T16:29:18+00:00,traffic-triggers-output,,,,,0,0,trigger_outputs
0048,Training Data 1.zip,2024-01-31 11:28:31,2024-01-31T16:29:18+00:00,traffic-triggers-output,,,,,0,0,trigger_outputs
0048,Training Data 1.zip,2024-01-31 11:28:31,2024-01-31T16:29:18+00:00,traffic-triggers-output,,,,,0,0,trigger_outputs
0048,Training Data 1.zip,2024-01-31 11:28:31,2024-01-31T16:29:19+00:00,traffic-triggers-output,,,,,0,0,trigger_outputs
0048,Training Data 1.zip,2024-01-31 11:28:31,2024-01-31T16:29:19+00:00,traffic-triggers-output,,,,,0,0,trigger_outputs
0048,Training Data 1.zip,2024-01-31 11:28:31,2024-01-31T16:29:19+00:00,traffic-triggers-output,,,,,0,0,trigger_outputs
0048,Training Data 1.zip,2024-01-31 11:28:31,2024-01-31T16:29:19+00:00,traffic-triggers-output,,,,,0,0,trigger_outputs
0048,Training Data 1.zip,2024-01-31 11:28:31,2024-01-31T16:29:19+00:00,traffic-triggers-output,,,,,0,0,trigger_outputs
0048,Training Data 1.zip,2024-01-31 11:28:31,2024-01-31T16:29:19+00:00,traffic-triggers-output,,,,,0,0,trigger_outputs
0048,Training Data 1.zip,2024-01-31 11:28:31,2024-01-31T16:29:19+00:00,traffic-triggers-output,,,,,0,0,trigger_outputs
0048,Training Data 1.zip,2024-01-31 11:28:31,2024-01-31T16:29:19+00:00,traffic-triggers-output,,,,,0,0,trigger_outputs
0048,Training Data 1.zip,2024-01-31 11:28:31,2024-01-31T16:29:19+00:00,traffic-triggers-output,,,,,0,0,trigger_outputs
0048,Training Data 1.zip,2024-01-31 11:28:31,2024-01-31T16:29:19+00:00,traffic-triggers-output,,,,,0,0,trigger_outputs
0048,Training Data 1.zip,2024-01-31 11:28:32,2024-01-31T16:29:19+00:00,traffic-triggers-output,,,,,0,0,trigger_outputs
0048,Training Data 1.zip,2024-01-31 11:28:32,2024-01-31T16:29:19+00:00,traffic-triggers-output,,,,,0,0,trigger_outputs
0048,Training Data 1.zip,2024-01-31 11:28:32,2024-01-31T16:29:19+00:00,traffic-triggers-output,,,,,0,0,trigger_outputs
0048,Training Data 1.zip,2024-01-31 11:28:32,2024-01-31T16:29:19+00:00,traffic-triggers-output,,,,,0,0,trigger_outputs
0048,Training Data 1.zip,2024-01-31 11:28:32,2024-01-31T16:29:19+00:00,traffic-triggers-output,,,,,0,0,trigger_outputs
0048,Training Data 1.zip,2024-01-31 11:28:32,2024-01-31T16:29:19+00:00,traffic-triggers-output,,,,,0,0,trigger_outputs
0048,Training Data 1.zip,2024-01-31 11:28:32,2024-01-31T16:29:19+00:00,traffic-triggers-output,,,,,0,0,trigger_outputs
0048,Training Data 1.zip,2024-01-31 11:28:32,2024-01-31T16:29:19+00:00,traffic-triggers-output,,,,,0,0,trigger_outputs
0048,Training Data 1.zip,2024-01-31 11:28:32,2024-01-31T16:29:19+00:00,traffic-triggers-output,,,,,0,0,trigger_outputs
0048,Training Data 1.zip,2024-01-31 11:28:32,2024-01-31T16:29:19+00:00,traffic-triggers-output,,,,,0,0,trigger_outputs
0048,Training Data 1.zip,2024-01-31 11:28:32,2024-01-31T16:29:19+00:00,traffic-triggers-output,,,,,0,0,trigger_outputs
0048,Training Data 1.zip,2024-01-31 11:28:32,2024-01-31T16:29:19+00:00,traffic-triggers-output,,,,,0,0,trigger_outputs
0048,Training Data 1.zip,2024-01-31 11:28:32,2024-01-31T16:29:19+00:00,traffic-triggers-output,,,,,0,0,trigger_outputs
0048,Training Data 1.zip,2024-01-31 11:28:32,2024-01-31T16:29:19+00:00,traffic-triggers-output,,,,,0,0,trigger_outputs
0048,Training Data 1.zip,2024-01-31 11:28:32,2024-01-31T16:29:19+00:00,traffic-triggers-output,,,,,0,0,trigger_outputs
0048,Training Data 1.zip,2024-01-31 11:28:32,2024-01-31T16:29:19+00:00,traffic-triggers-output,,,,,0,0,trigger_outputs
0048,Training Data 1.zip,2024-01-31 11:28:32,2024-01-31T16:29:19+00:00,traffic-triggers-output,,,,,0,0,trigger_outputs
0048,Training Data 1.zip,2024-01-31 11:28:32,2024-01-31T16:29:19+00:00,traffic-triggers-output,,,,,0,0,trigger_outputs
0048,Training Data 1.zip,2024-01-31 11:28:32,2024-01-31T16:29:19+00:00,traffic-triggers-output,,,,,0,0,trigger_outputs
0048,Training Data 1.zip,2024-01-31 11:28:32,2024-01-31T16:29:19+00:00,traffic-triggers-output,,,,,0,0,trigger_outputs
0048,Training Data 1.zip,2024-01-31 11:28:32,2024-01-31T16:29:19+00:00,traffic-triggers-output,,,,,0,0,trigger_outputs
0048,Training Data 1.zip,2024-01-31 11:28:32,2024-01-31T16:29:19+00:00,traffic-triggers-output,,,,,0,0,trigger_outputs
0048,Training Data 1.zip,2024-01-31 11:28:32,2024-01-31T16:29:19+00:00,traffic-triggers-output,,,,,0,0,trigger_outputs
0048,Training Data 1.zip,2024-01-31 11:28:32,2024-01-31T16:29:19+00:00,traffic-triggers-output,,,,,0,0,trigger_outputs
0048,Training Data 1.zip,2024-01-31 11:28:32,2024-01-31T16:29:19+00:00,traffic-triggers-output,,,,,0,0,trigger_outputs
0048,Training Data 1.zip,2024-01-31 11:28:32,2024-01-31T16:29:19+00:00,traffic-triggers-output,,,,,0,0,trigger_outputs
0048,Training Data 1.zip,2024-01-31 11:28:32,2024-01-31T16:29:19+00:00,traffic-triggers-output,,,,,0,0,trigger_outputs
0048,Training Data 1.zip,2024-01-31 11:28:32,2024-01-31T16:29:19+00:00,traffic-triggers-output,,,,,0,0,trigger_outputs
0048,Training Data 1.zip,2024-01-31 11:28:32,2024-01-31T16:29:19+00:00,traffic-triggers-output,,,,,0,0,trigger_outputs
0048,Training Data 1.zip,2024-01-31 11:28:32,2024-01-31T16:29:19+00:00,traffic-triggers-output,,,,,0,0,trigger_outputs
0048,Training Data 1.zip,2024-01-31 11:28:32,2024-01-31T16:29:20+00:00,traffic-triggers-output,,,,,0,0,trigger_outputs
0048,Training Data 1.zip,2024-01-31 11:28:32,2024-01-31T16:29:20+00:00,traffic-triggers-output,,,,,0,0,trigger_outputs
0048,Training Data 1.zip,2024-01-31 11:28:32,2024-01-31T16:29:20+00:00,traffic-triggers-output,,,,,0,0,trigger_outputs
0048,Training Data 1.zip,2024-01-31 11:28:32,2024-01-31T16:29:20+00:00,traffic-triggers-output,,,,,0,0,trigger_outputs
0048,Training Data 1.zip,2024-01-31 11:28:32,2024-01-31T16:29:20+00:00,traffic-triggers-output,,,,,0,0,trigger_outputs
0048,Training Data 1.zip,2024-01-31 11:28:32,2024-01-31T16:29:20+00:00,traffic-triggers-output,,,,,0,0,trigger_outputs
0048,Training Data 1.zip,2024-01-31 11:28:32,2024-01-31T16:29:20+00:00,traffic-triggers-output,,,,,0,0,trigger_outputs
0048,Training Data 1.zip,2024-01-31 11:28:32,2024-01-31T16:29:20+00:00,traffic-triggers-output,,,,,0,0,trigger_outputs
0048,Training Data 1.zip,2024-01-31 11:28:32,2024-01-31T16:29:20+00:00,traffic-triggers-output,,,,,0,0,trigger_outputs
0048,Training Data 1.zip,2024-01-31 11:28:32,2024-01-31T16:29:20+00:00,traffic-triggers-output,,,,,0,0,trigger_outputs
0048,Training Data 1.zip,2024-01-31 11:28:33,2024-01-31T16:29:20+00:00,traffic-triggers-output,,,,,0,0,trigger_outputs
0048,Training Data 1.zip,2024-01-31 11:28:33,2024-01-31T16:29:20+00:00,traffic-triggers-output,,,,,0,0,trigger_outputs
0048,Training Data 1.zip,2024-01-31 11:28:33,2024-01-31T16:29:20+00:00,traffic-triggers-output,,,,,0,0,trigger_outputs
0048,Training Data 1.zip,2024-01-31 11:28:33,2024-01-31T16:29:20+00:00,traffic-triggers-output,,,,,0,0,trigger_outputs
0048,Training Data 1.zip,2024-01-31 11:28:33,2024-01-31T16:29:20+00:00,traffic-triggers-output,,,,,0,0,trigger_outputs
0048,Training Data 1.zip,2024-01-31 11:28:33,2024-01-31T16:29:20+00:00,traffic-triggers-output,,,,,0,0,trigger_outputs
0048,Training Data 1.zip,2024-01-31 11:28:33,2024-01-31T16:29:20+00:00,traffic-triggers-output,,,,,0,0,trigger_outputs
0048,Training Data 1.zip,2024-01-31 11:28:33,2024-01-31T16:29:20+00:00,traffic-triggers-output,,,,,0,0,trigger_outputs
0048,Training Data 1.zip,2024-01-31 11:28:33,2024-01-31T16:29:20+00:00,traffic-triggers-output,,,,,0,0,trigger_outputs
0048,Training Data 1.zip,2024-01-31 11:28:33,2024-01-31T16:29:20+00:00,traffic-triggers-output,,,,,0,0,trigger_outputs
0048,Training Data 1.zip,2024-01-31 11:28:33,2024-01-31T16:29:20+00:00,traffic-triggers-output,,,,,0,0,trigger_outputs
0048,Training Data 1.zip,2024-01-31 11:28:33,2024-01-31T16:29:20+00:00,traffic-triggers-output,,,,,0,0,trigger_outputs
0048,Training Data 1.zip,2024-01-31 11:28:33,2024-01-31T16:29:20+00:00,traffic-triggers-output,,,,,0,0,trigger_outputs
0048,Training Data 1.zip,2024-01-31 11:28:33,2024-01-31T16:29:20+00:00,traffic-triggers-output,,,,,0,0,trigger_outputs
0048,Training Data 1.zip,2024-01-31 11:28:33,2024-01-31T16:29:20+00:00,traffic-triggers-output,,,,,0,0,trigger_outputs
0048,Training Data 1.zip,2024-01-31 11:28:33,2024-01-31T16:29:20+00:00,traffic-triggers-output,,,,,0,0,trigger_outputs
0048,Training Data 1.zip,2024-01-31 11:28:33,2024-01-31T16:29:20+00:00,traffic-triggers-output,,,,,0,0,trigger_outputs
0048,Training Data 1.zip,2024-01-31 11:28:33,2024-01-31T16:29:20+00:00,traffic-triggers-output,,,,,0,0,trigger_outputs
0048,Training Data 1.zip,2024-01-31 11:28:33,2024-01-31T16:29:20+00:00,traffic-triggers-output,,,,,0,0,trigger_outputs
0048,Training Data 1.zip,2024-01-31 11:28:33,2024-01-31T16:29:20+00:00,traffic-triggers-output,,,,,0,0,trigger_outputs
0048,Training Data 1.zip,2024-01-31 11:28:33,2024-01-31T16:29:20+00:00,traffic-triggers-output,,,,,0,0,trigger_outputs
0048,Training Data 1.zip,2024-01-31 11:28:33,2024-01-31T16:29:20+00:00,traffic-triggers-output,,,,,0,0,trigger_outputs
0048,Training Data 1.zip,2024-01-31 11:28:33,2024-01-31T16:29:20+00:00,traffic-triggers-output,,,,,0,0,trigger_outputs
0048,Training Data 1.zip,2024-01-31 11:28:33,2024-01-31T16:29:20+00:00,traffic-triggers-output,,,,,0,0,trigger_outputs
0048,Training Data 1.zip,2024-01-31 11:28:33,2024-01-31T16:29:20+00:00,traffic-triggers-output,,,,,0,0,trigger_outputs
0048,Training Data 1.zip,2024-01-31 11:28:33,2024-01-31T16:29:20+00:00,traffic-triggers-output,,,,,0,0,trigger_outputs
0048,Training Data 1.zip,2024-01-31 11:28:33,2024-01-31T16:29:20+00:00,traffic-triggers-output,,,,,0,0,trigger_outputs
0048,Training Data 1.zip,2024-01-31 11:28:33,2024-01-31T16:29:20+00:00,traffic-triggers-output,,,,,0,0,trigger_outputs
0048,Training Data 1.zip,2024-01-31 11:28:33,2024-01-31T16:29:20+00:00,traffic-triggers-output,,,,,0,0,trigger_outputs
0048,Training Data 1.zip,2024-01-31 11:28:33,2024-01-31T16:29:20+00:00,traffic-triggers-output,,,,,0,0,trigger_outputs
0048,Training Data 1.zip,2024-01-31 11:28:33,2024-01-31T16:29:21+00:00,traffic-triggers-output,,,,,0,0,trigger_outputs
0048,Training Data 1.zip,2024-01-31 11:28:33,2024-01-31T16:29:21+00:00,traffic-triggers-output,,,,,0,0,trigger_outputs
0048,Training Data 1.zip,2024-01-31 11:28:33,2024-01-31T16:29:21+00:00,traffic-triggers-output,,,,,0,0,trigger_outputs
0048,Training Data 1.zip,2024-01-31 11:28:33,2024-01-31T16:29:21+00:00,traffic-triggers-output,,,,,0,0,trigger_outputs
0048,Training Data 1.zip,2024-01-31 11:28:33,2024-01-31T16:29:21+00:00,traffic-triggers-output,,,,,0,0,trigger_outputs
0048,Training Data 1.zip,2024-01-31 11:28:33,2024-01-31T16:29:21+00:00,traffic-triggers-output,,,,,0,0,trigger_outputs
0048,Training Data 1.zip,2024-01-31 11:28:33,2024-01-31T16:29:21+00:00,traffic-triggers-output,,,,,0,0,trigger_outputs
0048,Training Data 1.zip,2024-01-31 11:28:33,2024-01-31T16:29:21+00:00,traffic-triggers-output,,,,,0,0,trigger_outputs
0048,Training Data 1.zip,2024-01-31 11:28:33,2024-01-31T16:29:21+00:00,traffic-triggers-output,,,,,0,0,trigger_outputs
0048,Training Data 1.zip,2024-01-31 11:28:33,2024-01-31T16:29:21+00:00,traffic-triggers-output,,,,,0,0,trigger_outputs
0048,Training Data 1.zip,2024-01-31 11:28:34,2024-01-31T16:29:21+00:00,traffic-triggers-output,,,,,0,0,trigger_outputs
0048,Training Data 1.zip,2024-01-31 11:28:34,2024-01-31T16:29:21+00:00,traffic-triggers-output,,,,,0,0,trigger_outputs
0048,Training Data 1.zip,2024-01-31 11:28:34,2024-01-31T16:29:21+00:00,traffic-triggers-output,,,,,0,0,trigger_outputs
0048,Training Data 1.zip,2024-01-31 11:28:34,2024-01-31T16:29:21+00:00,traffic-triggers-output,,,,,0,0,trigger_outputs
0048,Training Data 1.zip,2024-01-31 11:28:34,2024-01-31T16:29:21+00:00,traffic-triggers-output,,,,,0,0,trigger_outputs
0048,Training Data 1.zip,2024-01-31 11:28:34,2024-01-31T16:29:21+00:00,traffic-triggers-output,,,,,0,0,trigger_outputs
0048,Training Data 1.zip,2024-01-31 11:28:34,2024-01-31T16:29:21+00:00,traffic-triggers-output,,,,,0,0,trigger_outputs
0048,Training Data 1.zip,2024-01-31 11:28:34,2024-01-31T16:29:21+00:00,traffic-triggers-output,,,,,0,0,trigger_outputs
0048,Training Data 1.zip,2024-01-31 11:28:34,2024-01-31T16:29:21+00:00,traffic-triggers-output,,,,,0,0,trigger_outputs
0048,Training Data 1.zip,2024-01-31 11:28:34,2024-01-31T16:29:21+00:00,traffic-triggers-output,,,,,0,0,trigger_outputs
0048,Training Data 1.zip,2024-01-31 11:28:34,2024-01-31T16:29:21+00:00,traffic-triggers-output,,,,,0,0,trigger_outputs
0048,Training Data 1.zip,2024-01-31 11:28:34,2024-01-31T16:29:21+00:00,traffic-triggers-output,,,,,0,0,trigger_outputs
0048,Training Data 1.zip,2024-01-31 11:28:34,2024-01-31T16:29:21+00:00,traffic-triggers-output,,,,,0,0,trigger_outputs
0048,Training Data 1.zip,2024-01-31 11:28:34,2024-01-31T16:29:21+00:00,traffic-triggers-output,,,,,0,0,trigger_outputs
0048,Training Data 1.zip,2024-01-31 11:28:34,2024-01-31T16:29:21+00:00,traffic-triggers-output,,,,,0,0,trigger_outputs
0048,Training Data 1.zip,2024-01-31 11:28:34,2024-01-31T16:29:21+00:00,traffic-triggers-output,,,,,0,0,trigger_outputs
0048,Training Data 1.zip,2024-01-31 11:28:34,2024-01-31T16:29:21+00:00,traffic-triggers-output,,,,,0,0,trigger_outputs
0048,Training Data 1.zip,2024-01-31 11:28:34,2024-01-31T16:29:21+00:00,traffic-triggers-output,,,,,0,0,trigger_outputs
0048,Training Data 1.zip,2024-01-31 11:28:34,2024-01-31T16:29:21+00:00,traffic-triggers-output,,,,,0,0,trigger_outputs
0048,Training Data 1.zip,2024-01-31 11:28:34,2024-01-31T16:29:21+00:00,traffic-triggers-output,,,,,0,0,trigger_outputs
0048,Training Data 1.zip,2024-01-31 11:28:34,2024-01-31T16:29:21+00:00,traffic-triggers-output,,,,,0,0,trigger_outputs
0048,Training Data 1.zip,2024-01-31 11:28:34,2024-01-31T16:29:21+00:00,traffic-triggers-output,,,,,0,0,trigger_outputs
0048,Training Data 1.zip,2024-01-31 11:28:34,2024-01-31T16:29:21+00:00,traffic-triggers-output,,,,,0,0,trigger_outputs
0048,Training Data 1.zip,2024-01-31 11:28:34,2024-01-31T16:29:21+00:00,traffic-triggers-output,,,,,0,0,trigger_outputs
0048,Training Data 1.zip,2024-01-31 11:28:34,2024-01-31T16:29:21+00:00,traffic-triggers-output,,,,,0,0,trigger_outputs
0048,Training Data 1.zip,2024-01-31 11:28:34,2024-01-31T16:29:21+00:00,traffic-triggers-output,,,,,0,0,trigger_outputs
0048,Training Data 1.zip,2024-01-31 11:28:34,2024-01-31T16:29:21+00:00,traffic-triggers-output,,,,,0,0,trigger_outputs
0048,Training Data 1.zip,2024-01-31 11:28:34,2024-01-31T16:29:21+00:00,traffic-triggers-output,,,,,0,0,trigger_outputs
0048,Training Data 1.zip,2024-01-31 11:28:34,2024-01-31T16:29:21+00:00,traffic-triggers-output,,,,,0,0,trigger_outputs
0048,Training Data 1.zip,2024-01-31 11:28:34,2024-01-31T16:29:21+00:00,traffic-triggers-output,,,,,0,0,trigger_outputs
0048,Training Data 1.zip,2024-01-31 11:28:34,2024-01-31T16:29:22+00:00,traffic-triggers-output,,,,,0,0,trigger_outputs
0048,Training Data 1.zip,2024-01-31 11:28:34,2024-01-31T16:29:22+00:00,traffic-triggers-output,,,,,0,0,trigger_outputs
0048,Training Data 1.zip,2024-01-31 11:28:34,2024-01-31T16:29:22+00:00,traffic-triggers-output,,,,,0,0,trigger_outputs
0048,Training Data 1.zip,2024-01-31 11:28:34,2024-01-31T16:29:22+00:00,traffic-triggers-output,,,,,0,0,trigger_outputs
0048,Training Data 1.zip,2024-01-31 11:28:34,2024-01-31T16:29:22+00:00,traffic-triggers-output,,,,,0,0,trigger_outputs
0048,Training Data 1.zip,2024-01-31 11:28:34,2024-01-31T16:29:22+00:00,traffic-triggers-output,,,,,0,0,trigger_outputs
0048,Training Data 1.zip,2024-01-31 11:28:34,2024-01-31T16:29:22+00:00,traffic-triggers-output,,,,,0,0,trigger_outputs
0048,Training Data 1.zip,2024-01-31 11:28:34,2024-01-31T16:29:22+00:00,traffic-triggers-output,,,,,0,0,trigger_outputs
0048,Training Data 1.zip,2024-01-31 11:28:34,2024-01-31T16:29:22+00:00,traffic-triggers-output,,,,,0,0,trigger_outputs
0048,Training Data 1.zip,2024-01-31 11:28:34,2024-01-31T16:29:22+00:00,traffic-triggers-output,,,,,0,0,trigger_outputs
0048,Training Data 1.zip,2024-01-31 11:28:35,2024-01-31T16:29:22+00:00,traffic-triggers-output,,,,,0,0,trigger_outputs
0048,Training Data 1.zip,2024-01-31 11:28:35,2024-01-31T16:29:22+00:00,traffic-triggers-output,,,,,0,0,trigger_outputs
0048,Training Data 1.zip,2024-01-31 11:28:35,2024-01-31T16:29:22+00:00,traffic-triggers-output,,,,,0,0,trigger_outputs
0048,Training Data 1.zip,2024-01-31 11:28:35,2024-01-31T16:29:22+00:00,traffic-triggers-output,,,,,0,0,trigger_outputs
0048,Training Data 1.zip,2024-01-31 11:28:35,2024-01-31T16:29:22+00:00,traffic-triggers-output,,,,,0,0,trigger_outputs
0048,Training Data 1.zip,2024-01-31 11:28:35,2024-01-31T16:29:22+00:00,traffic-triggers-output,,,,,0,0,trigger_outputs
0048,Training Data 1.zip,2024-01-31 11:28:35,2024-01-31T16:29:22+00:00,traffic-triggers-output,,,,,0,0,trigger_outputs
0048,Training Data 1.zip,2024-01-31 11:28:35,2024-01-31T16:29:22+00:00,traffic-triggers-output,,,,,0,0,trigger_outputs
0048,Training Data 1.zip,2024-01-31 11:28:35,2024-01-31T16:29:22+00:00,traffic-triggers-output,,,,,0,0,trigger_outputs
0048,Training Data 1.zip,2024-01-31 11:28:35,2024-01-31T16:29:22+00:00,traffic-triggers-output,,,,,0,0,trigger_outputs
0048,Training Data 1.zip,2024-01-31 11:28:35,2024-01-31T16:29:22+00:00,traffic-triggers-output,,,,,0,0,trigger_outputs
0048,Training Data 1.zip,2024-01-31 11:28:35,2024-01-31T16:29:22+00:00,traffic-triggers-output,,,,,0,0,trigger_outputs
0048,Training Data 1.zip,2024-01-31 11:28:35,2024-01-31T16:29:22+00:00,traffic-triggers-output,,,,,0,0,trigger_outputs
0048,Training Data 1.zip,2024-01-31 11:28:35,2024-01-31T16:29:22+00:00,traffic-triggers-output,,,,,0,0,trigger_outputs
0048,Training Data 1.zip,2024-01-31 11:28:35,2024-01-31T16:29:22+00:00,traffic-triggers-output,,,,,0,0,trigger_outputs
0048,Training Data 1.zip,2024-01-31 11:28:35,2024-01-31T16:29:22+00:00,traffic-triggers-output,,,,,0,0,trigger_outputs
0048,Training Data 1.zip,2024-01-31 11:28:35,2024-01-31T16:29:22+00:00,traffic-triggers-output,,,,,0,0,trigger_outputs
0048,Training Data 1.zip,2024-01-31 11:28:35,2024-01-31T16:29:22+00:00,traffic-triggers-output,,,,,0,0,trigger_outputs
0048,Training Data 1.zip,2024-01-31 11:28:35,2024-01-31T16:29:22+00:00,traffic-triggers-output,,,,,0,0,trigger_outputs
0048,Training Data 1.zip,2024-01-31 11:28:35,2024-01-31T16:29:22+00:00,traffic-triggers-output,,,,,0,0,trigger_outputs
0048,Training Data 1.zip,2024-01-31 11:28:35,2024-01-31T16:29:22+00:00,traffic-triggers-output,,,,,0,0,trigger_outputs
0048,Training Data 1.zip,2024-01-31 11:28:35,2024-01-31T16:29:22+00:00,traffic-triggers-output,,,,,0,0,trigger_outputs
0048,Training Data 1.zip,2024-01-31 11:28:35,2024-01-31T16:29:22+00:00,traffic-triggers-output,,,,,0,0,trigger_outputs
0048,Training Data 1.zip,2024-01-31 11:28:35,2024-01-31T16:29:22+00:00,traffic-triggers-output,,,,,0,0,trigger_outputs
0048,Training Data 1.zip,2024-01-31 11:28:35,2024-01-31T16:29:22+00:00,traffic-triggers-output,,,,,0,0,trigger_outputs
0048,Training Data 1.zip,2024-01-31 11:28:35,2024-01-31T16:29:22+00:00,traffic-triggers-output,,,,,0,0,trigger_outputs
0048,Training Data 1.zip,2024-01-31 11:28:35,2024-01-31T16:29:22+00:00,traffic-triggers-output,,,,,0,0,trigger_outputs
0048,Training Data 1.zip,2024-01-31 11:28:35,2024-01-31T16:29:22+00:00,traffic-triggers-output,,,,,0,0,trigger_outputs
0048,Training Data 1.zip,2024-01-31 11:28:35,2024-01-31T16:29:22+00:00,traffic-triggers-output,,,,,0,0,trigger_outputs
0048,Training Data 1.zip,2024-01-31 11:28:35,2024-01-31T16:29:22+00:00,traffic-triggers-output,,,,,0,0,trigger_outputs
0048,Training Data 1.zip,2024-01-31 11:28:35,2024-01-31T16:29:23+00:00,traffic-triggers-output,,,,,0,0,trigger_outputs
0048,Training Data 1.zip,2024-01-31 11:28:35,2024-01-31T16:29:23+00:00,traffic-triggers-output,,,,,0,0,trigger_outputs
0048,Training Data 1.zip,2024-01-31 11:28:35,2024-01-31T16:29:23+00:00,traffic-triggers-output,,,,,0,0,trigger_outputs
0048,Training Data 1.zip,2024-01-31 11:28:35,2024-01-31T16:29:23+00:00,traffic-triggers-output,,,,,0,0,trigger_outputs
0048,Training Data 1.zip,2024-01-31 11:28:35,2024-01-31T16:29:23+00:00,traffic-triggers-output,,,,,0,0,trigger_outputs
0048,Training Data 1.zip,2024-01-31 11:28:35,2024-01-31T16:29:23+00:00,traffic-triggers-output,,,,,0,0,trigger_outputs
0048,Training Data 1.zip,2024-01-31 11:28:35,2024-01-31T16:29:23+00:00,traffic-triggers-output,,,,,0,0,trigger_outputs
0048,Training Data 1.zip,2024-01-31 11:28:35,2024-01-31T16:29:23+00:00,traffic-triggers-output,,,,,0,0,trigger_outputs
0048,Training Data 1.zip,2024-01-31 11:28:35,2024-01-31T16:29:23+00:00,traffic-triggers-output,,,,,0,0,trigger_outputs
0048,Training Data 1.zip,2024-01-31 11:28:35,2024-01-31T16:29:23+00:00,traffic-triggers-output,,,,,0,0,trigger_outputs
0048,Training Data 1.zip,2024-01-31 11:28:36,2024-01-31T16:29:23+00:00,traffic-triggers-output,,,,,0,0,trigger_outputs
0048,Training Data 1.zip,2024-01-31 11:28:36,2024-01-31T16:29:23+00:00,traffic-triggers-output,,,,,0,0,trigger_outputs
0048,Training Data 1.zip,2024-01-31 11:28:36,2024-01-31T16:29:23+00:00,traffic-triggers-output,,,,,0,0,trigger_outputs
0048,Training Data 1.zip,2024-01-31 11:28:36,2024-01-31T16:29:23+00:00,traffic-triggers-output,,,,,0,0,trigger_outputs
0048,Training Data 1.zip,2024-01-31 11:28:36,2024-01-31T16:29:23+00:00,traffic-triggers-output,,,,,0,0,trigger_outputs
0048,Training Data 1.zip,2024-01-31 11:28:36,2024-01-31T16:29:23+00:00,traffic-triggers-output,,,,,0,0,trigger_outputs
0048,Training Data 1.zip,2024-01-31 11:28:36,2024-01-31T16:29:23+00:00,traffic-triggers-output,,,,,0,0,trigger_outputs
0048,Training Data 1.zip,2024-01-31 11:28:36,2024-01-31T16:29:23+00:00,traffic-triggers-output,,,,,0,0,trigger_outputs
0048,Training Data 1.zip,2024-01-31 11:28:36,2024-01-31T16:29:23+00:00,traffic-triggers-output,,,,,0,0,trigger_outputs
0048,Training Data 1.zip,2024-01-31 11:28:36,2024-01-31T16:29:23+00:00,traffic-triggers-output,,,,,0,0,trigger_outputs
0048,Training Data 1.zip,2024-01-31 11:28:36,2024-01-31T16:29:23+00:00,traffic-triggers-output,,,,,0,0,trigger_outputs
0048,Training Data 1.zip,2024-01-31 11:28:36,2024-01-31T16:29:23+00:00,traffic-triggers-output,,,,,0,0,trigger_outputs
0048,Training Data 1.zip,2024-01-31 11:28:36,2024-01-31T16:29:23+00:00,traffic-triggers-output,,,,,0,0,trigger_outputs
0048,Training Data 1.zip,2024-01-31 11:28:36,2024-01-31T16:29:23+00:00,traffic-triggers-output,,,,,0,0,trigger_outputs
0048,Training Data 1.zip,2024-01-31 11:28:36,2024-01-31T16:29:23+00:00,traffic-triggers-output,,,,,0,0,trigger_outputs
0048,Training Data 1.zip,2024-01-31 11:28:36,2024-01-31T16:29:23+00:00,traffic-triggers-output,,,,,0,0,trigger_outputs
0048,Training Data 1.zip,2024-01-31 11:28:36,2024-01-31T16:29:23+00:00,traffic-triggers-output,,,,,0,0,trigger_outputs
0048,Training Data 1.zip,2024-01-31 11:28:36,2024-01-31T16:29:23+00:00,traffic-triggers-output,,,,,0,0,trigger_outputs
0048,Training Data 1.zip,2024-01-31 11:28:36,2024-01-31T16:29:23+00:00,traffic-triggers-output,,,,,0,0,trigger_outputs
0048,Training Data 1.zip,2024-01-31 11:28:36,2024-01-31T16:29:23+00:00,traffic-triggers-output,,,,,0,0,trigger_outputs
0048,Training Data 1.zip,2024-01-31 11:28:36,2024-01-31T16:29:23+00:00,traffic-triggers-output,,,,,0,0,trigger_outputs
0048,Training Data 1.zip,2024-01-31 11:28:36,2024-01-31T16:29:23+00:00,traffic-triggers-output,,,,,0,0,trigger_outputs
0048,Training Data 1.zip,2024-01-31 11:28:36,2024-01-31T16:29:23+00:00,traffic-triggers-output,,,,,0,0,trigger_outputs
0048,Training Data 1.zip,2024-01-31 11:28:36,2024-01-31T16:29:23+00:00,traffic-triggers-output,,,,,0,0,trigger_outputs
0048,Training Data 1.zip,2024-01-31 11:28:36,2024-01-31T16:29:23+00:00,traffic-triggers-output,,,,,0,0,trigger_outputs
0048,Training Data 1.zip,2024-01-31 11:28:36,2024-01-31T16:29:23+00:00,traffic-triggers-output,,,,,0,0,trigger_outputs
0048,Training Data 1.zip,2024-01-31 11:28:36,2024-01-31T16:29:23+00:00,traffic-triggers-output,,,,,0,0,trigger_outputs
0048,Training Data 1.zip,2024-01-31 11:28:36,2024-01-31T16:29:23+00:00,traffic-triggers-output,,,,,0,0,trigger_outputs
0048,Training Data 1.zip,2024-01-31 11:28:36,2024-01-31T16:29:23+00:00,traffic-triggers-output,,,,,0,0,trigger_outputs
0048,Training Data 1.zip,2024-01-31 11:28:36,2024-01-31T16:29:23+00:00,traffic-triggers-output,,,,,0,0,trigger_outputs
0048,Training Data 1.zip,2024-01-31 11:28:36,2024-01-31T16:29:24+00:00,traffic-triggers-output,,,,,0,0,trigger_outputs
0048,Training Data 1.zip,2024-01-31 11:28:36,2024-01-31T16:29:24+00:00,traffic-triggers-output,,,,,0,0,trigger_outputs
0048,Training Data 1.zip,2024-01-31 11:28:36,2024-01-31T16:29:24+00:00,traffic-triggers-output,,,,,0,0,trigger_outputs
0048,Training Data 1.zip,2024-01-31 11:28:36,2024-01-31T16:29:24+00:00,traffic-triggers-output,,,,,0,0,trigger_outputs
0048,Training Data 1.zip,2024-01-31 11:28:36,2024-01-31T16:29:24+00:00,traffic-triggers-output,,,,,0,0,trigger_outputs
0048,Training Data 1.zip,2024-01-31 11:28:36,2024-01-31T16:29:24+00:00,traffic-triggers-output,,,,,0,0,trigger_outputs
0048,Training Data 1.zip,2024-01-31 11:28:36,2024-01-31T16:29:24+00:00,traffic-triggers-output,,,,,0,0,trigger_outputs
0048,Training Data 1.zip,2024-01-31 11:28:36,2024-01-31T16:29:24+00:00,traffic-triggers-output,,,,,0,0,trigger_outputs
0048,Training Data 1.zip,2024-01-31 11:28:36,2024-01-31T16:29:24+00:00,traffic-triggers-output,,,,,0,0,trigger_outputs
0048,Training Data 1.zip,2024-01-31 11:28:36,2024-01-31T16:29:24+00:00,traffic-triggers-output,,,,,0,0,trigger_outputs
0048,Training Data 1.zip,2024-01-31 11:28:37,2024-01-31T16:29:24+00:00,traffic-triggers-output,,,,,0,0,trigger_outputs
0048,Training Data 1.zip,2024-01-31 11:28:37,2024-01-31T16:29:24+00:00,traffic-triggers-output,,,,,0,0,trigger_outputs
0048,Training Data 1.zip,2024-01-31 11:28:37,2024-01-31T16:29:24+00:00,traffic-triggers-output,,,,,0,0,trigger_outputs
0048,Training Data 1.zip,2024-01-31 11:28:37,2024-01-31T16:29:24+00:00,traffic-triggers-output,,,,,0,0,trigger_outputs
0048,Training Data 1.zip,2024-01-31 11:28:37,2024-01-31T16:29:24+00:00,traffic-triggers-output,,,,,0,0,trigger_outputs
0048,Training Data 1.zip,2024-01-31 11:28:37,2024-01-31T16:29:24+00:00,traffic-triggers-output,,,,,0,0,trigger_outputs
0048,Training Data 1.zip,2024-01-31 11:28:37,2024-01-31T16:29:24+00:00,traffic-triggers-output,,,,,0,0,trigger_outputs
0048,Training Data 1.zip,2024-01-31 11:28:37,2024-01-31T16:29:24+00:00,traffic-triggers-output,,,,,0,0,trigger_outputs
0048,Training Data 1.zip,2024-01-31 11:28:37,2024-01-31T16:29:24+00:00,traffic-triggers-output,,,,,0,0,trigger_outputs
0048,Training Data 1.zip,2024-01-31 11:28:37,2024-01-31T16:29:24+00:00,traffic-triggers-output,,,,,0,0,trigger_outputs
0048,Training Data 1.zip,2024-01-31 11:28:37,2024-01-31T16:29:24+00:00,traffic-triggers-output,,,,,0,0,trigger_outputs
0048,Training Data 1.zip,2024-01-31 11:28:37,2024-01-31T16:29:24+00:00,traffic-triggers-output,,,,,0,0,trigger_outputs
0048,Training Data 1.zip,2024-01-31 11:28:37,2024-01-31T16:29:24+00:00,traffic-triggers-output,,,,,0,0,trigger_outputs
0048,Training Data 1.zip,2024-01-31 11:28:37,2024-01-31T16:29:24+00:00,traffic-triggers-output,,,,,0,0,trigger_outputs
0048,Training Data 1.zip,2024-01-31 11:28:37,2024-01-31T16:29:24+00:00,traffic-triggers-output,,,,,0,0,trigger_outputs
0048,Training Data 1.zip,2024-01-31 11:28:37,2024-01-31T16:29:24+00:00,traffic-triggers-output,,,,,0,0,trigger_outputs
0048,Training Data 1.zip,2024-01-31 11:28:37,2024-01-31T16:29:24+00:00,traffic-triggers-output,,,,,0,0,trigger_outputs
0048,Training Data 1.zip,2024-01-31 11:28:37,2024-01-31T16:29:24+00:00,traffic-triggers-output,,,,,0,0,trigger_outputs
0048,Training Data 1.zip,2024-01-31 11:28:37,2024-01-31T16:29:24+00:00,traffic-triggers-output,,,,,0,0,trigger_outputs
0048,Training Data 1.zip,2024-01-31 11:28:37,2024-01-31T16:29:24+00:00,traffic-triggers-output,,,,,0,0,trigger_outputs
0048,Training Data 1.zip,2024-01-31 11:28:37,2024-01-31T16:29:24+00:00,traffic-triggers-output,,,,,0,0,trigger_outputs
0048,Training Data 1.zip,2024-01-31 11:28:37,2024-01-31T16:29:24+00:00,traffic-triggers-output,,,,,0,0,trigger_outputs
0048,Training Data 1.zip,2024-01-31 11:28:37,2024-01-31T16:29:24+00:00,traffic-triggers-output,,,,,0,0,trigger_outputs
0048,Training Data 1.zip,2024-01-31 11:28:37,2024-01-31T16:29:24+00:00,traffic-triggers-output,,,,,0,0,trigger_outputs
0048,Training Data 1.zip,2024-01-31 11:28:37,2024-01-31T16:29:24+00:00,traffic-triggers-output,,,,,0,0,trigger_outputs
0048,Training Data 1.zip,2024-01-31 11:28:37,2024-01-31T16:29:24+00:00,traffic-triggers-output,,,,,0,0,trigger_outputs
0048,Training Data 1.zip,2024-01-31 11:28:37,2024-01-31T16:29:24+00:00,traffic-triggers-output,,,,,0,0,trigger_outputs
0048,Training Data 1.zip,2024-01-31 11:28:37,2024-01-31T16:29:24+00:00,traffic-triggers-output,,,,,0,0,trigger_outputs
0048,Training Data 1.zip,2024-01-31 11:28:37,2024-01-31T16:29:24+00:00,traffic-triggers-output,,,,,0,0,trigger_outputs
0048,Training Data 1.zip,2024-01-31 11:28:37,2024-01-31T16:29:24+00:00,traffic-triggers-output,,,,,0,0,trigger_outputs
0048,Training Data 1.zip,2024-01-31 11:28:37,2024-01-31T16:29:25+00:00,traffic-triggers-output,,,,,0,0,trigger_outputs
0048,Training Data 1.zip,2024-01-31 11:28:37,2024-01-31T16:29:25+00:00,traffic-triggers-output,,,,,0,0,trigger_outputs
0048,Training Data 1.zip,2024-01-31 11:28:37,2024-01-31T16:29:25+00:00,traffic-triggers-output,,,,,0,0,trigger_outputs
0048,Training Data 1.zip,2024-01-31 11:28:37,2024-01-31T16:29:25+00:00,traffic-triggers-output,,,,,0,0,trigger_outputs
0048,Training Data 1.zip,2024-01-31 11:28:37,2024-01-31T16:29:25+00:00,traffic-triggers-output,,,,,0,0,trigger_outputs
0048,Training Data 1.zip,2024-01-31 11:28:37,2024-01-31T16:29:25+00:00,traffic-triggers-output,,,,,0,0,trigger_outputs
0048,Training Data 1.zip,2024-01-31 11:28:37,2024-01-31T16:29:25+00:00,traffic-triggers-output,,,,,0,0,trigger_outputs
0048,Training Data 1.zip,2024-01-31 11:28:37,2024-01-31T16:29:25+00:00,traffic-triggers-output,,,,,0,0,trigger_outputs
0048,Training Data 1.zip,2024-01-31 11:28:37,2024-01-31T16:29:25+00:00,traffic-triggers-output,,,,,0,0,trigger_outputs
0048,Training Data 1.zip,2024-01-31 11:28:37,2024-01-31T16:29:25+00:00,traffic-triggers-output,,,,,0,0,trigger_outputs
0048,Training Data 1.zip,2024-01-31 11:28:38,2024-01-31T16:29:25+00:00,traffic-triggers-output,,,,,0,0,trigger_outputs
0048,Training Data 1.zip,2024-01-31 11:28:38,2024-01-31T16:29:25+00:00,traffic-triggers-output,,,,,0,0,trigger_outputs
0048,Training Data 1.zip,2024-01-31 11:28:38,2024-01-31T16:29:25+00:00,traffic-triggers-output,,,,,0,0,trigger_outputs
0048,Training Data 1.zip,2024-01-31 11:28:38,2024-01-31T16:29:25+00:00,traffic-triggers-output,,,,,0,0,trigger_outputs
0048,Training Data 1.zip,2024-01-31 11:28:38,2024-01-31T16:29:25+00:00,traffic-triggers-output,,,,,0,0,trigger_outputs
0048,Training Data 1.zip,2024-01-31 11:28:38,2024-01-31T16:29:25+00:00,traffic-triggers-output,,,,,0,0,trigger_outputs
0048,Training Data 1.zip,2024-01-31 11:28:38,2024-01-31T16:29:25+00:00,traffic-triggers-output,,,,,0,0,trigger_outputs
0048,Training Data 1.zip,2024-01-31 11:28:38,2024-01-31T16:29:25+00:00,traffic-triggers-output,,,,,0,0,trigger_outputs
0048,Training Data 1.zip,2024-01-31 11:28:38,2024-01-31T16:29:25+00:00,traffic-triggers-output,,,,,0,0,trigger_outputs
0048,Training Data 1.zip,2024-01-31 11:28:38,2024-01-31T16:29:25+00:00,traffic-triggers-output,,,,,0,0,trigger_outputs
0048,Training Data 1.zip,2024-01-31 11:28:38,2024-01-31T16:29:25+00:00,traffic-triggers-output,,,,,0,0,trigger_outputs
0048,Training Data 1.zip,2024-01-31 11:28:38,2024-01-31T16:29:25+00:00,traffic-triggers-output,,,,,0,0,trigger_outputs
0048,Training Data 1.zip,2024-01-31 11:28:38,2024-01-31T16:29:25+00:00,traffic-triggers-output,,,,,0,0,trigger_outputs
0048,Training Data 1.zip,2024-01-31 11:28:38,2024-01-31T16:29:25+00:00,traffic-triggers-output,,,,,0,0,trigger_outputs
0048,Training Data 1.zip,2024-01-31 11:28:38,2024-01-31T16:29:25+00:00,traffic-triggers-output,,,,,0,0,trigger_outputs
0048,Training Data 1.zip,2024-01-31 11:28:38,2024-01-31T16:29:25+00:00,traffic-triggers-output,,,,,0,0,trigger_outputs
0048,Training Data 1.zip,2024-01-31 11:28:38,2024-01-31T16:29:25+00:00,traffic-triggers-output,,,,,0,0,trigger_outputs
0048,Training Data 1.zip,2024-01-31 11:28:38,2024-01-31T16:29:25+00:00,traffic-triggers-output,,,,,0,0,trigger_outputs
0048,Training Data 1.zip,2024-01-31 11:28:38,2024-01-31T16:29:25+00:00,traffic-triggers-output,,,,,0,0,trigger_outputs
0048,Training Data 1.zip,2024-01-31 11:28:38,2024-01-31T16:29:25+00:00,traffic-triggers-output,,,,,0,0,trigger_outputs
0048,Training Data 1.zip,2024-01-31 11:28:38,2024-01-31T16:29:25+00:00,traffic-triggers-output,,,,,0,0,trigger_outputs
0048,Training Data 1.zip,2024-01-31 11:28:38,2024-01-31T16:29:25+00:00,traffic-triggers-output,,,,,0,0,trigger_outputs
0048,Training Data 1.zip,2024-01-31 11:28:38,2024-01-31T16:29:25+00:00,traffic-triggers-output,,,,,0,0,trigger_outputs
0048,Training Data 1.zip,2024-01-31 11:28:38,2024-01-31T16:29:25+00:00,traffic-triggers-output,,,,,0,0,trigger_outputs
0048,Training Data 1.zip,2024-01-31 11:28:38,2024-01-31T16:29:25+00:00,traffic-triggers-output,,,,,0,0,trigger_outputs
0048,Training Data 1.zip,2024-01-31 11:28:38,2024-01-31T16:29:25+00:00,traffic-triggers-output,,,,,0,0,trigger_outputs
0048,Training Data 1.zip,2024-01-31 11:28:38,2024-01-31T16:29:25+00:00,traffic-triggers-output,,,,,0,0,trigger_outputs
0048,Training Data 1.zip,2024-01-31 11:28:38,2024-01-31T16:29:25+00:00,traffic-triggers-output,,,,,0,0,trigger_outputs
0048,Training Data 1.zip,2024-01-31 11:28:38,2024-01-31T16:29:25+00:00,traffic-triggers-output,,,,,0,0,trigger_outputs
0048,Training Data 1.zip,2024-01-31 11:28:38,2024-01-31T16:29:25+00:00,traffic-triggers-output,,,,,0,0,trigger_outputs
0048,Training Data 1.zip,2024-01-31 11:28:38,2024-01-31T16:29:26+00:00,traffic-triggers-output,,,,,0,0,trigger_outputs
0048,Training Data 1.zip,2024-01-31 11:28:38,2024-01-31T16:29:26+00:00,traffic-triggers-output,,,,,0,0,trigger_outputs
0048,Training Data 1.zip,2024-01-31 11:28:38,2024-01-31T16:29:26+00:00,traffic-triggers-output,,,,,0,0,trigger_outputs
0048,Training Data 1.zip,2024-01-31 11:28:38,2024-01-31T16:29:26+00:00,traffic-triggers-output,,,,,0,0,trigger_outputs
0048,Training Data 1.zip,2024-01-31 11:28:38,2024-01-31T16:29:26+00:00,traffic-triggers-output,,,,,0,0,trigger_outputs
0048,Training Data 1.zip,2024-01-31 11:28:38,2024-01-31T16:29:26+00:00,traffic-triggers-output,,,,,0,0,trigger_outputs
0048,Training Data 1.zip,2024-01-31 11:28:38,2024-01-31T16:29:26+00:00,traffic-triggers-output,,,,,0,0,trigger_outputs
0048,Training Data 1.zip,2024-01-31 11:28:38,2024-01-31T16:29:26+00:00,traffic-triggers-output,,,,,0,0,trigger_outputs
0048,Training Data 1.zip,2024-01-31 11:28:38,2024-01-31T16:29:26+00:00,traffic-triggers-output,,,,,0,0,trigger_outputs
0048,Training Data 1.zip,2024-01-31 11:28:38,2024-01-31T16:29:26+00:00,traffic-triggers-output,,,,,0,0,trigger_outputs
0048,Training Data 1.zip,2024-01-31 11:28:39,2024-01-31T16:29:26+00:00,traffic-triggers-output,,,,,0,0,trigger_outputs
0048,Training Data 1.zip,2024-01-31 11:28:39,2024-01-31T16:29:26+00:00,traffic-triggers-output,,,,,0,0,trigger_outputs
0048,Training Data 1.zip,2024-01-31 11:28:39,2024-01-31T16:29:26+00:00,traffic-triggers-output,,,,,0,0,trigger_outputs
0048,Training Data 1.zip,2024-01-31 11:28:39,2024-01-31T16:29:26+00:00,traffic-triggers-output,,,,,0,0,trigger_outputs
0048,Training Data 1.zip,2024-01-31 11:28:39,2024-01-31T16:29:26+00:00,traffic-triggers-output,,,,,0,0,trigger_outputs
0048,Training Data 1.zip,2024-01-31 11:28:39,2024-01-31T16:29:26+00:00,traffic-triggers-output,,,,,0,0,trigger_outputs
0048,Training Data 1.zip,2024-01-31 11:28:39,2024-01-31T16:29:26+00:00,traffic-triggers-output,,,,,0,0,trigger_outputs
0048,Training Data 1.zip,2024-01-31 11:28:39,2024-01-31T16:29:26+00:00,traffic-triggers-output,,,,,0,0,trigger_outputs
0048,Training Data 1.zip,2024-01-31 11:28:39,2024-01-31T16:29:26+00:00,traffic-triggers-output,,,,,0,0,trigger_outputs
0048,Training Data 1.zip,2024-01-31 11:28:39,2024-01-31T16:29:26+00:00,traffic-triggers-output,,,,,0,0,trigger_outputs
0048,Training Data 1.zip,2024-01-31 11:28:39,2024-01-31T16:29:26+00:00,traffic-triggers-output,,,,,0,0,trigger_outputs
0048,Training Data 1.zip,2024-01-31 11:28:39,2024-01-31T16:29:26+00:00,traffic-triggers-output,,,,,0,0,trigger_outputs
0048,Training Data 1.zip,2024-01-31 11:28:39,2024-01-31T16:29:26+00:00,traffic-triggers-output,,,,,0,0,trigger_outputs
0048,Training Data 1.zip,2024-01-31 11:28:39,2024-01-31T16:29:26+00:00,traffic-triggers-output,,,,,0,0,trigger_outputs
0048,Training Data 1.zip,2024-01-31 11:28:39,2024-01-31T16:29:26+00:00,traffic-triggers-output,,,,,0,0,trigger_outputs
0048,Training Data 1.zip,2024-01-31 11:28:39,2024-01-31T16:29:26+00:00,traffic-triggers-output,,,,,0,0,trigger_outputs
0048,Training Data 1.zip,2024-01-31 11:28:39,2024-01-31T16:29:26+00:00,traffic-triggers-output,,,,,0,0,trigger_outputs
0048,Training Data 1.zip,2024-01-31 11:28:39,2024-01-31T16:29:26+00:00,traffic-triggers-output,,,,,0,0,trigger_outputs
0048,Training Data 1.zip,2024-01-31 11:28:39,2024-01-31T16:29:26+00:00,traffic-triggers-output,,,,,0,0,trigger_outputs
0048,Training Data 1.zip,2024-01-31 11:28:39,2024-01-31T16:29:26+00:00,traffic-triggers-output,,,,,0,0,trigger_outputs
0048,Training Data 1.zip,2024-01-31 11:28:39,2024-01-31T16:29:26+00:00,traffic-triggers-output,,,,,0,0,trigger_outputs
0048,Training Data 1.zip,2024-01-31 11:28:39,2024-01-31T16:29:26+00:00,traffic-triggers-output,,,,,0,0,trigger_outputs
0048,Training Data 1.zip,2024-01-31 11:28:39,2024-01-31T16:29:26+00:00,traffic-triggers-output,,,,,0,0,trigger_outputs
0048,Training Data 1.zip,2024-01-31 11:28:39,2024-01-31T16:29:26+00:00,traffic-triggers-output,,,,,0,0,trigger_outputs
0048,Training Data 1.zip,2024-01-31 11:28:39,2024-01-31T16:29:26+00:00,traffic-triggers-output,,,,,0,0,trigger_outputs
0048,Training Data 1.zip,2024-01-31 11:28:39,2024-01-31T16:29:26+00:00,traffic-triggers-output,,,,,0,0,trigger_outputs
0048,Training Data 1.zip,2024-01-31 11:28:39,2024-01-31T16:29:26+00:00,traffic-triggers-output,,,,,0,0,trigger_outputs
0048,Training Data 1.zip,2024-01-31 11:28:39,2024-01-31T16:29:26+00:00,traffic-triggers-output,,,,,0,0,trigger_outputs
0048,Training Data 1.zip,2024-01-31 11:28:39,2024-01-31T16:29:26+00:00,traffic-triggers-output,,,,,0,0,trigger_outputs
0048,Training Data 1.zip,2024-01-31 11:28:39,2024-01-31T16:29:26+00:00,traffic-triggers-output,,,,,0,0,trigger_outputs
0048,Training Data 1.zip,2024-01-31 11:28:39,2024-01-31T16:29:27+00:00,traffic-triggers-output,,,,,0,0,trigger_outputs
0048,Training Data 1.zip,2024-01-31 11:28:39,2024-01-31T16:29:27+00:00,traffic-triggers-output,,,,,0,0,trigger_outputs
0048,Training Data 1.zip,2024-01-31 11:28:39,2024-01-31T16:29:27+00:00,traffic-triggers-output,,,,,0,0,trigger_outputs
0048,Training Data 1.zip,2024-01-31 11:28:39,2024-01-31T16:29:27+00:00,traffic-triggers-output,,,,,0,0,trigger_outputs
0048,Training Data 1.zip,2024-01-31 11:28:39,2024-01-31T16:29:27+00:00,traffic-triggers-output,,,,,0,0,trigger_outputs
0048,Training Data 1.zip,2024-01-31 11:28:39,2024-01-31T16:29:27+00:00,traffic-triggers-output,,,,,0,0,trigger_outputs
0048,Training Data 1.zip,2024-01-31 11:28:39,2024-01-31T16:29:27+00:00,traffic-triggers-output,,,,,0,0,trigger_outputs
0048,Training Data 1.zip,2024-01-31 11:28:39,2024-01-31T16:29:27+00:00,traffic-triggers-output,,,,,0,0,trigger_outputs
0048,Training Data 1.zip,2024-01-31 11:28:39,2024-01-31T16:29:27+00:00,traffic-triggers-output,,,,,0,0,trigger_outputs
0048,Training Data 1.zip,2024-01-31 11:28:39,2024-01-31T16:29:27+00:00,traffic-triggers-output,,,,,0,0,trigger_outputs
0048,Training Data 1.zip,2024-01-31 11:28:40,2024-01-31T16:29:27+00:00,traffic-triggers-output,,,,,0,0,trigger_outputs
0048,Training Data 1.zip,2024-01-31 11:28:40,2024-01-31T16:29:27+00:00,traffic-triggers-output,,,,,0,0,trigger_outputs
0048,Training Data 1.zip,2024-01-31 11:28:40,2024-01-31T16:29:27+00:00,traffic-triggers-output,,,,,0,0,trigger_outputs
0048,Training Data 1.zip,2024-01-31 11:28:40,2024-01-31T16:29:27+00:00,traffic-triggers-output,,,,,0,0,trigger_outputs
0048,Training Data 1.zip,2024-01-31 11:28:40,2024-01-31T16:29:27+00:00,traffic-triggers-output,,,,,0,0,trigger_outputs
0048,Training Data 1.zip,2024-01-31 11:28:40,2024-01-31T16:29:27+00:00,traffic-triggers-output,,,,,0,0,trigger_outputs
0048,Training Data 1.zip,2024-01-31 11:28:40,2024-01-31T16:29:27+00:00,traffic-triggers-output,,,,,0,0,trigger_outputs
0048,Training Data 1.zip,2024-01-31 11:28:40,2024-01-31T16:29:27+00:00,traffic-triggers-output,,,,,0,0,trigger_outputs
0048,Training Data 1.zip,2024-01-31 11:28:40,2024-01-31T16:29:27+00:00,traffic-triggers-output,,,,,0,0,trigger_outputs
0048,Training Data 1.zip,2024-01-31 11:28:40,2024-01-31T16:29:27+00:00,traffic-triggers-output,,,,,0,0,trigger_outputs
0048,Training Data 1.zip,2024-01-31 11:28:40,2024-01-31T16:29:27+00:00,traffic-triggers-output,,,,,0,0,trigger_outputs
0048,Training Data 1.zip,2024-01-31 11:28:40,2024-01-31T16:29:27+00:00,traffic-triggers-output,,,,,0,0,trigger_outputs
0048,Training Data 1.zip,2024-01-31 11:28:40,2024-01-31T16:29:27+00:00,traffic-triggers-output,,,,,0,0,trigger_outputs
0048,Training Data 1.zip,2024-01-31 11:28:40,2024-01-31T16:29:27+00:00,traffic-triggers-output,,,,,0,0,trigger_outputs
0048,Training Data 1.zip,2024-01-31 11:28:40,2024-01-31T16:29:27+00:00,traffic-triggers-output,,,,,0,0,trigger_outputs
0048,Training Data 1.zip,2024-01-31 11:28:40,2024-01-31T16:29:27+00:00,traffic-triggers-output,,,,,0,0,trigger_outputs
0048,Training Data 1.zip,2024-01-31 11:28:40,2024-01-31T16:29:27+00:00,traffic-triggers-output,,,,,0,0,trigger_outputs
0048,Training Data 1.zip,2024-01-31 11:28:40,2024-01-31T16:29:27+00:00,traffic-triggers-output,,,,,0,0,trigger_outputs
0048,Training Data 1.zip,2024-01-31 11:28:40,2024-01-31T16:29:27+00:00,traffic-triggers-output,,,,,0,0,trigger_outputs
0048,Training Data 1.zip,2024-01-31 11:28:40,2024-01-31T16:29:27+00:00,traffic-triggers-output,,,,,0,0,trigger_outputs
0048,Training Data 1.zip,2024-01-31 11:28:40,2024-01-31T16:29:27+00:00,traffic-triggers-output,,,,,0,0,trigger_outputs
0048,Training Data 1.zip,2024-01-31 11:28:40,2024-01-31T16:29:27+00:00,traffic-triggers-output,,,,,0,0,trigger_outputs
0048,Training Data 1.zip,2024-01-31 11:28:40,2024-01-31T16:29:27+00:00,traffic-triggers-output,,,,,0,0,trigger_outputs
0048,Training Data 1.zip,2024-01-31 11:28:40,2024-01-31T16:29:27+00:00,traffic-triggers-output,,,,,0,0,trigger_outputs
0048,Training Data 1.zip,2024-01-31 11:28:40,2024-01-31T16:29:27+00:00,traffic-triggers-output,,,,,0,0,trigger_outputs
0048,Training Data 1.zip,2024-01-31 11:28:40,2024-01-31T16:29:27+00:00,traffic-triggers-output,,,,,0,0,trigger_outputs
0048,Training Data 1.zip,2024-01-31 11:28:40,2024-01-31T16:29:27+00:00,traffic-triggers-output,,,,,0,0,trigger_outputs
0048,Training Data 1.zip,2024-01-31 11:28:40,2024-01-31T16:29:27+00:00,traffic-triggers-output,,,,,0,0,trigger_outputs
0048,Training Data 1.zip,2024-01-31 11:28:40,2024-01-31T16:29:27+00:00,traffic-triggers-output,,,,,0,0,trigger_outputs
0048,Training Data 1.zip,2024-01-31 11:28:40,2024-01-31T16:29:27+00:00,traffic-triggers-output,,,,,0,0,trigger_outputs
0048,Training Data 1.zip,2024-01-31 11:28:40,2024-01-31T16:29:28+00:00,traffic-triggers-output,,,,,0,0,trigger_outputs
0045,Training Data 2.zip,2024-02-08 17:05:42,2024-02-08T22:05:59+00:00,traffic-triggers-output,,,,,0,0,trigger_outputs
0045,Training Data 2.zip,2024-02-08 17:05:42,2024-02-08T22:05:59+00:00,traffic-triggers-output,,,,,0,0,trigger_outputs
0045,Training Data 2.zip,2024-02-08 17:05:42,2024-02-08T22:05:59+00:00,traffic-triggers-output,,,,,0,0,trigger_outputs
0045,Training Data 2.zip,2024-02-08 17:05:42,2024-02-08T22:05:59+00:00,traffic-triggers-output,,,,,0,0,trigger_outputs
0045,Training Data 2.zip,2024-02-08 17:05:42,2024-02-08T22:05:59+00:00,traffic-triggers-output,,,,,0,0,trigger_outputs
0045,Training Data 2.zip,2024-02-08 17:05:42,2024-02-08T22:05:59+00:00,traffic-triggers-output,,,,,0,0,trigger_outputs
0045,Training Data 2.zip,2024-02-08 17:05:42,2024-02-08T22:05:59+00:00,traffic-triggers-output,,,,,0,0,trigger_outputs
0045,Training Data 2.zip,2024-02-08 17:05:42,2024-02-08T22:05:59+00:00,traffic-triggers-output,,,,,0,0,trigger_outputs
0045,Training Data 2.zip,2024-02-08 17:05:42,2024-02-08T22:05:59+00:00,traffic-triggers-output,,,,,0,0,trigger_outputs
0045,Training Data 2.zip,2024-02-08 17:05:42,2024-02-08T22:05:59+00:00,traffic-triggers-output,,,,,0,0,trigger_outputs
0045,Training Data 2.zip,2024-02-08 17:05:42,2024-02-08T22:05:59+00:00,traffic-triggers-output,,,,,0,0,trigger_outputs
0045,Training Data 2.zip,2024-02-08 17:05:42,2024-02-08T22:05:59+00:00,traffic-triggers-output,,,,,0,0,trigger_outputs
0045,Training Data 2.zip,2024-02-08 17:05:42,2024-02-08T22:05:59+00:00,traffic-triggers-output,,,,,0,0,trigger_outputs
0045,Training Data 2.zip,2024-02-08 17:05:42,2024-02-08T22:05:59+00:00,traffic-triggers-output,,,,,0,0,trigger_outputs
0045,Training Data 2.zip,2024-02-08 17:05:42,2024-02-08T22:05:59+00:00,traffic-triggers-output,,,,,0,0,trigger_outputs
0045,Training Data 2.zip,2024-02-08 17:05:42,2024-02-08T22:05:59+00:00,traffic-triggers-output,,,,,0,0,trigger_outputs
0045,Training Data 2.zip,2024-02-08 17:05:42,2024-02-08T22:05:59+00:00,traffic-triggers-output,,,,,0,0,trigger_outputs
0045,Training Data 2.zip,2024-02-08 17:05:42,2024-02-08T22:05:59+00:00,traffic-triggers-output,,,,,0,0,trigger_outputs
0045,Training Data 2.zip,2024-02-08 17:05:42,2024-02-08T22:05:59+00:00,traffic-triggers-output,,,,,0,0,trigger_outputs
0045,Training Data 2.zip,2024-02-08 17:05:42,2024-02-08T22:05:59+00:00,traffic-triggers-output,,,,,0,0,trigger_outputs
0045,Training Data 2.zip,2024-02-08 17:05:42,2024-02-08T22:05:59+00:00,traffic-triggers-output,,,,,0,0,trigger_outputs
0045,Training Data 2.zip,2024-02-08 17:05:42,2024-02-08T22:05:59+00:00,traffic-triggers-output,,,,,0,0,trigger_outputs
0045,Training Data 2.zip,2024-02-08 17:05:42,2024-02-08T22:05:59+00:00,traffic-triggers-output,,,,,0,0,trigger_outputs
0045,Training Data 2.zip,2024-02-08 17:05:42,2024-02-08T22:05:59+00:00,traffic-triggers-output,,,,,0,0,trigger_outputs
0045,Training Data 2.zip,2024-02-08 17:05:42,2024-02-08T22:05:59+00:00,traffic-triggers-output,,,,,0,0,trigger_outputs
0045,Training Data 2.zip,2024-02-08 17:05:42,2024-02-08T22:05:59+00:00,traffic-triggers-output,,,,,0,0,trigger_outputs
0045,Training Data 2.zip,2024-02-08 17:05:42,2024-02-08T22:05:59+00:00,traffic-triggers-output,,,,,0,0,trigger_outputs
0045,Training Data 2.zip,2024-02-08 17:05:42,2024-02-08T22:05:59+00:00,traffic-triggers-output,,,,,0,0,trigger_outputs
0045,Training Data 2.zip,2024-02-08 17:05:42,2024-02-08T22:05:59+00:00,traffic-triggers-output,,,,,0,0,trigger_outputs
0045,Training Data 2.zip,2024-02-08 17:05:42,2024-02-08T22:05:59+00:00,traffic-triggers-output,,,,,0,0,trigger_outputs
0045,Training Data 2.zip,2024-02-08 17:05:42,2024-02-08T22:05:59+00:00,traffic-triggers-output,,,,,0,0,trigger_outputs
0045,Training Data 2.zip,2024-02-08 17:05:42,2024-02-08T22:05:59+00:00,traffic-triggers-output,,,,,0,0,trigger_outputs
0045,Training Data 2.zip,2024-02-08 17:05:42,2024-02-08T22:05:59+00:00,traffic-triggers-output,,,,,0,0,trigger_outputs
0045,Training Data 2.zip,2024-02-08 17:05:42,2024-02-08T22:06:00+00:00,traffic-triggers-output,,,,,0,0,trigger_outputs
0045,Training Data 2.zip,2024-02-08 17:05:42,2024-02-08T22:06:00+00:00,traffic-triggers-output,,,,,0,0,trigger_outputs
0045,Training Data 2.zip,2024-02-08 17:05:43,2024-02-08T22:06:00+00:00,traffic-triggers-output,,,,,0,0,trigger_outputs
0045,Training Data 2.zip,2024-02-08 17:05:43,2024-02-08T22:06:00+00:00,traffic-triggers-output,,,,,0,0,trigger_outputs
0045,Training Data 2.zip,2024-02-08 17:05:43,2024-02-08T22:06:00+00:00,traffic-triggers-output,,,,,0,0,trigger_outputs
0045,Training Data 2.zip,2024-02-08 17:05:43,2024-02-08T22:06:00+00:00,traffic-triggers-output,,,,,0,0,trigger_outputs
0045,Training Data 2.zip,2024-02-08 17:05:43,2024-02-08T22:06:00+00:00,traffic-triggers-output,,,,,0,0,trigger_outputs
0045,Training Data 2.zip,2024-02-08 17:05:43,2024-02-08T22:06:00+00:00,traffic-triggers-output,,,,,0,0,trigger_outputs
0045,Training Data 2.zip,2024-02-08 17:05:43,2024-02-08T22:06:00+00:00,traffic-triggers-output,,,,,0,0,trigger_outputs
0045,Training Data 2.zip,2024-02-08 17:05:43,2024-02-08T22:06:00+00:00,traffic-triggers-output,,,,,0,0,trigger_outputs
0045,Training Data 2.zip,2024-02-08 17:05:43,2024-02-08T22:06:00+00:00,traffic-triggers-output,,,,,0,0,trigger_outputs
0045,Training Data 2.zip,2024-02-08 17:05:43,2024-02-08T22:06:00+00:00,traffic-triggers-output,,,,,0,0,trigger_outputs
0045,Training Data 2.zip,2024-02-08 17:05:43,2024-02-08T22:06:00+00:00,traffic-triggers-output,,,,,0,0,trigger_outputs
0045,Training Data 2.zip,2024-02-08 17:05:43,2024-02-08T22:06:00+00:00,traffic-triggers-output,,,,,0,0,trigger_outputs
0045,Training Data 2.zip,2024-02-08 17:05:43,2024-02-08T22:06:00+00:00,traffic-triggers-output,,,,,0,0,trigger_outputs
0045,Training Data 2.zip,2024-02-08 17:05:43,2024-02-08T22:06:00+00:00,traffic-triggers-output,,,,,0,0,trigger_outputs
0045,Training Data 2.zip,2024-02-08 17:05:43,2024-02-08T22:06:00+00:00,traffic-triggers-output,,,,,0,0,trigger_outputs
0045,Training Data 2.zip,2024-02-08 17:05:43,2024-02-08T22:06:00+00:00,traffic-triggers-output,,,,,0,0,trigger_outputs
0045,Training Data 2.zip,2024-02-08 17:05:43,2024-02-08T22:06:00+00:00,traffic-triggers-output,,,,,0,0,trigger_outputs
0045,Training Data 2.zip,2024-02-08 17:05:43,2024-02-08T22:06:00+00:00,traffic-triggers-output,,,,,0,0,trigger_outputs
0045,Training Data 2.zip,2024-02-08 17:05:43,2024-02-08T22:06:00+00:00,traffic-triggers-output,,,,,0,0,trigger_outputs
0045,Training Data 2.zip,2024-02-08 17:05:43,2024-02-08T22:06:00+00:00,traffic-triggers-output,,,,,0,0,trigger_outputs
0045,Training Data 2.zip,2024-02-08 17:05:43,2024-02-08T22:06:00+00:00,traffic-triggers-output,,,,,0,0,trigger_outputs
0045,Training Data 2.zip,2024-02-08 17:05:43,2024-02-08T22:06:00+00:00,traffic-triggers-output,,,,,0,0,trigger_outputs
0045,Training Data 2.zip,2024-02-08 17:05:43,2024-02-08T22:06:00+00:00,traffic-triggers-output,,,,,0,0,trigger_outputs
0045,Training Data 2.zip,2024-02-08 17:05:43,2024-02-08T22:06:00+00:00,traffic-triggers-output,,,,,0,0,trigger_outputs
0045,Training Data 2.zip,2024-02-08 17:05:43,2024-02-08T22:06:00+00:00,traffic-triggers-output,,,,,0,0,trigger_outputs
0045,Training Data 2.zip,2024-02-08 17:05:43,2024-02-08T22:06:00+00:00,traffic-triggers-output,,,,,0,0,trigger_outputs
0045,Training Data 2.zip,2024-02-08 17:05:43,2024-02-08T22:06:00+00:00,traffic-triggers-output,,,,,0,0,trigger_outputs
0045,Training Data 2.zip,2024-02-08 17:05:43,2024-02-08T22:06:00+00:00,traffic-triggers-output,,,,,0,0,trigger_outputs
0045,Training Data 2.zip,2024-02-08 17:05:43,2024-02-08T22:06:00+00:00,traffic-triggers-output,,,,,0,0,trigger_outputs
0045,Training Data 2.zip,2024-02-08 17:05:43,2024-02-08T22:06:00+00:00,traffic-triggers-output,,,,,0,0,trigger_outputs
0045,Training Data 2.zip,2024-02-08 17:05:43,2024-02-08T22:06:00+00:00,traffic-triggers-output,,,,,0,0,trigger_outputs
0045,Training Data 2.zip,2024-02-08 17:05:43,2024-02-08T22:06:00+00:00,traffic-triggers-output,,,,,0,0,trigger_outputs
0045,Training Data 2.zip,2024-02-08 17:05:43,2024-02-08T22:06:00+00:00,traffic-triggers-output,,,,,0,0,trigger_outputs
0045,Training Data 2.zip,2024-02-08 17:05:43,2024-02-08T22:06:00+00:00,traffic-triggers-output,,,,,0,0,trigger_outputs
0045,Training Data 2.zip,2024-02-08 17:05:43,2024-02-08T22:06:00+00:00,traffic-triggers-output,,,,,0,0,trigger_outputs
0045,Training Data 2.zip,2024-02-08 17:05:43,2024-02-08T22:06:00+00:00,traffic-triggers-output,,,,,0,0,trigger_outputs
0045,Training Data 2.zip,2024-02-08 17:05:43,2024-02-08T22:06:00+00:00,traffic-triggers-output,,,,,0,0,trigger_outputs
0045,Training Data 2.zip,2024-02-08 17:05:43,2024-02-08T22:06:00+00:00,traffic-triggers-output,,,,,0,0,trigger_outputs
0045,Training Data 2.zip,2024-02-08 17:05:43,2024-02-08T22:06:01+00:00,traffic-triggers-output,,,,,0,0,trigger_outputs
0045,Training Data 2.zip,2024-02-08 17:05:43,2024-02-08T22:06:01+00:00,traffic-triggers-output,,,,,0,0,trigger_outputs
0045,Training Data 2.zip,2024-02-08 17:05:44,2024-02-08T22:06:01+00:00,traffic-triggers-output,,,,,0,0,trigger_outputs
0045,Training Data 2.zip,2024-02-08 17:05:44,2024-02-08T22:06:01+00:00,traffic-triggers-output,,,,,0,0,trigger_outputs
0045,Training Data 2.zip,2024-02-08 17:05:44,2024-02-08T22:06:01+00:00,traffic-triggers-output,,,,,0,0,trigger_outputs
0045,Training Data 2.zip,2024-02-08 17:05:44,2024-02-08T22:06:01+00:00,traffic-triggers-output,,,,,0,0,trigger_outputs
0045,Training Data 2.zip,2024-02-08 17:05:44,2024-02-08T22:06:01+00:00,traffic-triggers-output,,,,,0,0,trigger_outputs
0045,Training Data 2.zip,2024-02-08 17:05:44,2024-02-08T22:06:01+00:00,traffic-triggers-output,,,,,0,0,trigger_outputs
0045,Training Data 2.zip,2024-02-08 17:05:44,2024-02-08T22:06:01+00:00,traffic-triggers-output,,,,,0,0,trigger_outputs
0045,Training Data 2.zip,2024-02-08 17:05:44,2024-02-08T22:06:01+00:00,traffic-triggers-output,,,,,0,0,trigger_outputs
0045,Training Data 2.zip,2024-02-08 17:05:44,2024-02-08T22:06:01+00:00,traffic-triggers-output,,,,,0,0,trigger_outputs
0045,Training Data 2.zip,2024-02-08 17:05:44,2024-02-08T22:06:01+00:00,traffic-triggers-output,,,,,0,0,trigger_outputs
0045,Training Data 2.zip,2024-02-08 17:05:44,2024-02-08T22:06:01+00:00,traffic-triggers-output,,,,,0,0,trigger_outputs
0045,Training Data 2.zip,2024-02-08 17:05:44,2024-02-08T22:06:01+00:00,traffic-triggers-output,,,,,0,0,trigger_outputs
0045,Training Data 2.zip,2024-02-08 17:05:44,2024-02-08T22:06:01+00:00,traffic-triggers-output,,,,,0,0,trigger_outputs
0045,Training Data 2.zip,2024-02-08 17:05:44,2024-02-08T22:06:01+00:00,traffic-triggers-output,,,,,0,0,trigger_outputs
0045,Training Data 2.zip,2024-02-08 17:05:44,2024-02-08T22:06:01+00:00,traffic-triggers-output,,,,,0,0,trigger_outputs
0045,Training Data 2.zip,2024-02-08 17:05:44,2024-02-08T22:06:01+00:00,traffic-triggers-output,,,,,0,0,trigger_outputs
0045,Training Data 2.zip,2024-02-08 17:05:44,2024-02-08T22:06:01+00:00,traffic-triggers-output,,,,,0,0,trigger_outputs
0045,Training Data 2.zip,2024-02-08 17:05:44,2024-02-08T22:06:01+00:00,traffic-triggers-output,,,,,0,0,trigger_outputs
0045,Training Data 2.zip,2024-02-08 17:05:44,2024-02-08T22:06:01+00:00,traffic-triggers-output,,,,,0,0,trigger_outputs
0045,Training Data 2.zip,2024-02-08 17:05:44,2024-02-08T22:06:01+00:00,traffic-triggers-output,,,,,0,0,trigger_outputs
0045,Training Data 2.zip,2024-02-08 17:05:44,2024-02-08T22:06:01+00:00,traffic-triggers-output,,,,,0,0,trigger_outputs
0045,Training Data 2.zip,2024-02-08 17:05:44,2024-02-08T22:06:01+00:00,traffic-triggers-output,,,,,0,0,trigger_outputs
0045,Training Data 2.zip,2024-02-08 17:05:44,2024-02-08T22:06:01+00:00,traffic-triggers-output,,,,,0,0,trigger_outputs
0045,Training Data 2.zip,2024-02-08 17:05:44,2024-02-08T22:06:01+00:00,traffic-triggers-output,,,,,0,0,trigger_outputs
0045,Training Data 2.zip,2024-02-08 17:05:44,2024-02-08T22:06:01+00:00,traffic-triggers-output,,,,,0,0,trigger_outputs
0045,Training Data 2.zip,2024-02-08 17:05:44,2024-02-08T22:06:01+00:00,traffic-triggers-output,,,,,0,0,trigger_outputs
0045,Training Data 2.zip,2024-02-08 17:05:44,2024-02-08T22:06:01+00:00,traffic-triggers-output,,,,,0,0,trigger_outputs
0045,Training Data 2.zip,2024-02-08 17:05:44,2024-02-08T22:06:01+00:00,traffic-triggers-output,,,,,0,0,trigger_outputs
0045,Training Data 2.zip,2024-02-08 17:05:44,2024-02-08T22:06:01+00:00,traffic-triggers-output,,,,,0,0,trigger_outputs
0045,Training Data 2.zip,2024-02-08 17:05:44,2024-02-08T22:06:01+00:00,traffic-triggers-output,,,,,0,0,trigger_outputs
0045,Training Data 2.zip,2024-02-08 17:05:44,2024-02-08T22:06:01+00:00,traffic-triggers-output,,,,,0,0,trigger_outputs
0045,Training Data 2.zip,2024-02-08 17:05:44,2024-02-08T22:06:01+00:00,traffic-triggers-output,,,,,0,0,trigger_outputs
0045,Training Data 2.zip,2024-02-08 17:05:44,2024-02-08T22:06:01+00:00,traffic-triggers-output,,,,,0,0,trigger_outputs
0045,Training Data 2.zip,2024-02-08 17:05:44,2024-02-08T22:06:01+00:00,traffic-triggers-output,,,,,0,0,trigger_outputs
0045,Training Data 2.zip,2024-02-08 17:05:44,2024-02-08T22:06:01+00:00,traffic-triggers-output,,,,,0,0,trigger_outputs
0045,Training Data 2.zip,2024-02-08 17:05:44,2024-02-08T22:06:01+00:00,traffic-triggers-output,,,,,0,0,trigger_outputs
0045,Training Data 2.zip,2024-02-08 17:05:44,2024-02-08T22:06:01+00:00,traffic-triggers-output,,,,,0,0,trigger_outputs
0045,Training Data 2.zip,2024-02-08 17:05:44,2024-02-08T22:06:01+00:00,traffic-triggers-output,,,,,0,0,trigger_outputs
0045,Training Data 2.zip,2024-02-08 17:05:44,2024-02-08T22:06:02+00:00,traffic-triggers-output,,,,,0,0,trigger_outputs
0045,Training Data 2.zip,2024-02-08 17:05:44,2024-02-08T22:06:02+00:00,traffic-triggers-output,,,,,0,0,trigger_outputs
0045,Training Data 2.zip,2024-02-08 17:05:45,2024-02-08T22:06:02+00:00,traffic-triggers-output,,,,,0,0,trigger_outputs
0045,Training Data 2.zip,2024-02-08 17:05:45,2024-02-08T22:06:02+00:00,traffic-triggers-output,,,,,0,0,trigger_outputs
0045,Training Data 2.zip,2024-02-08 17:05:45,2024-02-08T22:06:02+00:00,traffic-triggers-output,,,,,0,0,trigger_outputs
0045,Training Data 2.zip,2024-02-08 17:05:45,2024-02-08T22:06:02+00:00,traffic-triggers-output,,,,,0,0,trigger_outputs
0045,Training Data 2.zip,2024-02-08 17:05:45,2024-02-08T22:06:02+00:00,traffic-triggers-output,,,,,0,0,trigger_outputs
0045,Training Data 2.zip,2024-02-08 17:05:45,2024-02-08T22:06:02+00:00,traffic-triggers-output,,,,,0,0,trigger_outputs
0045,Training Data 2.zip,2024-02-08 17:05:45,2024-02-08T22:06:02+00:00,traffic-triggers-output,,,,,0,0,trigger_outputs
0045,Training Data 2.zip,2024-02-08 17:05:45,2024-02-08T22:06:02+00:00,traffic-triggers-output,,,,,0,0,trigger_outputs
0045,Training Data 2.zip,2024-02-08 17:05:45,2024-02-08T22:06:02+00:00,traffic-triggers-output,,,,,0,0,trigger_outputs
0045,Training Data 2.zip,2024-02-08 17:05:45,2024-02-08T22:06:02+00:00,traffic-triggers-output,,,,,0,0,trigger_outputs
0045,Training Data 2.zip,2024-02-08 17:05:45,2024-02-08T22:06:02+00:00,traffic-triggers-output,,,,,0,0,trigger_outputs
0045,Training Data 2.zip,2024-02-08 17:05:45,2024-02-08T22:06:02+00:00,traffic-triggers-output,,,,,0,0,trigger_outputs
0045,Training Data 2.zip,2024-02-08 17:05:45,2024-02-08T22:06:02+00:00,traffic-triggers-output,,,,,0,0,trigger_outputs
0045,Training Data 2.zip,2024-02-08 17:05:45,2024-02-08T22:06:02+00:00,traffic-triggers-output,,,,,0,0,trigger_outputs
0045,Training Data 2.zip,2024-02-08 17:05:45,2024-02-08T22:06:02+00:00,traffic-triggers-output,,,,,0,0,trigger_outputs
0045,Training Data 2.zip,2024-02-08 17:05:45,2024-02-08T22:06:02+00:00,traffic-triggers-output,,,,,0,0,trigger_outputs
0045,Training Data 2.zip,2024-02-08 17:05:45,2024-02-08T22:06:02+00:00,traffic-triggers-output,,,,,0,0,trigger_outputs
0045,Training Data 2.zip,2024-02-08 17:05:45,2024-02-08T22:06:02+00:00,traffic-triggers-output,,,,,0,0,trigger_outputs
0045,Training Data 2.zip,2024-02-08 17:05:45,2024-02-08T22:06:02+00:00,traffic-triggers-output,,,,,0,0,trigger_outputs
0045,Training Data 2.zip,2024-02-08 17:05:45,2024-02-08T22:06:02+00:00,traffic-triggers-output,,,,,0,0,trigger_outputs
0045,Training Data 2.zip,2024-02-08 17:05:45,2024-02-08T22:06:02+00:00,traffic-triggers-output,,,,,0,0,trigger_outputs
0045,Training Data 2.zip,2024-02-08 17:05:45,2024-02-08T22:06:02+00:00,traffic-triggers-output,,,,,0,0,trigger_outputs
0045,Training Data 2.zip,2024-02-08 17:05:45,2024-02-08T22:06:02+00:00,traffic-triggers-output,,,,,0,0,trigger_outputs
0045,Training Data 2.zip,2024-02-08 17:05:45,2024-02-08T22:06:02+00:00,traffic-triggers-output,,,,,0,0,trigger_outputs
0045,Training Data 2.zip,2024-02-08 17:05:45,2024-02-08T22:06:02+00:00,traffic-triggers-output,,,,,0,0,trigger_outputs
0045,Training Data 2.zip,2024-02-08 17:05:45,2024-02-08T22:06:02+00:00,traffic-triggers-output,,,,,0,0,trigger_outputs
0045,Training Data 2.zip,2024-02-08 17:05:45,2024-02-08T22:06:02+00:00,traffic-triggers-output,,,,,0,0,trigger_outputs
0045,Training Data 2.zip,2024-02-08 17:05:45,2024-02-08T22:06:02+00:00,traffic-triggers-output,,,,,0,0,trigger_outputs
0045,Training Data 2.zip,2024-02-08 17:05:45,2024-02-08T22:06:02+00:00,traffic-triggers-output,,,,,0,0,trigger_outputs
0045,Training Data 2.zip,2024-02-08 17:05:45,2024-02-08T22:06:02+00:00,traffic-triggers-output,,,,,0,0,trigger_outputs
0045,Training Data 2.zip,2024-02-08 17:05:45,2024-02-08T22:06:02+00:00,traffic-triggers-output,,,,,0,0,trigger_outputs
0045,Training Data 2.zip,2024-02-08 17:05:45,2024-02-08T22:06:02+00:00,traffic-triggers-output,,,,,0,0,trigger_outputs
0045,Training Data 2.zip,2024-02-08 17:05:45,2024-02-08T22:06:02+00:00,traffic-triggers-output,,,,,0,0,trigger_outputs
0045,Training Data 2.zip,2024-02-08 17:05:45,2024-02-08T22:06:02+00:00,traffic-triggers-output,,,,,0,0,trigger_outputs
0045,Training Data 2.zip,2024-02-08 17:05:45,2024-02-08T22:06:02+00:00,traffic-triggers-output,,,,,0,0,trigger_outputs
0045,Training Data 2.zip,2024-02-08 17:05:45,2024-02-08T22:06:02+00:00,traffic-triggers-output,,,,,0,0,trigger_outputs
0045,Training Data 2.zip,2024-02-08 17:05:45,2024-02-08T22:06:02+00:00,traffic-triggers-output,,,,,0,0,trigger_outputs
0045,Training Data 2.zip,2024-02-08 17:05:45,2024-02-08T22:06:02+00:00,traffic-triggers-output,,,,,0,0,trigger_outputs
0045,Training Data 2.zip,2024-02-08 17:05:45,2024-02-08T22:06:03+00:00,traffic-triggers-output,,,,,0,0,trigger_outputs
0045,Training Data 2.zip,2024-02-08 17:05:45,2024-02-08T22:06:03+00:00,traffic-triggers-output,,,,,0,0,trigger_outputs
0045,Training Data 2.zip,2024-02-08 17:05:46,2024-02-08T22:06:03+00:00,traffic-triggers-output,,,,,0,0,trigger_outputs
0045,Training Data 2.zip,2024-02-08 17:05:46,2024-02-08T22:06:03+00:00,traffic-triggers-output,,,,,0,0,trigger_outputs
0045,Training Data 2.zip,2024-02-08 17:05:46,2024-02-08T22:06:03+00:00,traffic-triggers-output,,,,,0,0,trigger_outputs
0045,Training Data 2.zip,2024-02-08 17:05:46,2024-02-08T22:06:03+00:00,traffic-triggers-output,,,,,0,0,trigger_outputs
0045,Training Data 2.zip,2024-02-08 17:05:46,2024-02-08T22:06:03+00:00,traffic-triggers-output,,,,,0,0,trigger_outputs
0045,Training Data 2.zip,2024-02-08 17:05:46,2024-02-08T22:06:03+00:00,traffic-triggers-output,,,,,0,0,trigger_outputs
0045,Training Data 2.zip,2024-02-08 17:05:46,2024-02-08T22:06:03+00:00,traffic-triggers-output,,,,,0,0,trigger_outputs
0045,Training Data 2.zip,2024-02-08 17:05:46,2024-02-08T22:06:03+00:00,traffic-triggers-output,,,,,0,0,trigger_outputs
0045,Training Data 2.zip,2024-02-08 17:05:46,2024-02-08T22:06:03+00:00,traffic-triggers-output,,,,,0,0,trigger_outputs
0045,Training Data 2.zip,2024-02-08 17:05:46,2024-02-08T22:06:03+00:00,traffic-triggers-output,,,,,0,0,trigger_outputs
0045,Training Data 2.zip,2024-02-08 17:05:46,2024-02-08T22:06:03+00:00,traffic-triggers-output,,,,,0,0,trigger_outputs
0045,Training Data 2.zip,2024-02-08 17:05:46,2024-02-08T22:06:03+00:00,traffic-triggers-output,,,,,0,0,trigger_outputs
0045,Training Data 2.zip,2024-02-08 17:05:46,2024-02-08T22:06:03+00:00,traffic-triggers-output,,,,,0,0,trigger_outputs
0045,Training Data 2.zip,2024-02-08 17:05:46,2024-02-08T22:06:03+00:00,traffic-triggers-output,,,,,0,0,trigger_outputs
0045,Training Data 2.zip,2024-02-08 17:05:46,2024-02-08T22:06:03+00:00,traffic-triggers-output,,,,,0,0,trigger_outputs
0045,Training Data 2.zip,2024-02-08 17:05:46,2024-02-08T22:06:03+00:00,traffic-triggers-output,,,,,0,0,trigger_outputs
0045,Training Data 2.zip,2024-02-08 17:05:46,2024-02-08T22:06:03+00:00,traffic-triggers-output,,,,,0,0,trigger_outputs
0045,Training Data 2.zip,2024-02-08 17:05:46,2024-02-08T22:06:03+00:00,traffic-triggers-output,,,,,0,0,trigger_outputs
0045,Training Data 2.zip,2024-02-08 17:05:46,2024-02-08T22:06:03+00:00,traffic-triggers-output,,,,,0,0,trigger_outputs
0045,Training Data 2.zip,2024-02-08 17:05:46,2024-02-08T22:06:03+00:00,traffic-triggers-output,,,,,0,0,trigger_outputs
0045,Training Data 2.zip,2024-02-08 17:05:46,2024-02-08T22:06:03+00:00,traffic-triggers-output,,,,,0,0,trigger_outputs
0045,Training Data 2.zip,2024-02-08 17:05:46,2024-02-08T22:06:03+00:00,traffic-triggers-output,,,,,0,0,trigger_outputs
0045,Training Data 2.zip,2024-02-08 17:05:46,2024-02-08T22:06:03+00:00,traffic-triggers-output,,,,,0,0,trigger_outputs
0045,Training Data 2.zip,2024-02-08 17:05:46,2024-02-08T22:06:03+00:00,traffic-triggers-output,,,,,0,0,trigger_outputs
0045,Training Data 2.zip,2024-02-08 17:05:46,2024-02-08T22:06:03+00:00,traffic-triggers-output,,,,,0,0,trigger_outputs
0045,Training Data 2.zip,2024-02-08 17:05:46,2024-02-08T22:06:03+00:00,traffic-triggers-output,,,,,0,0,trigger_outputs
0045,Training Data 2.zip,2024-02-08 17:05:46,2024-02-08T22:06:03+00:00,traffic-triggers-output,,,,,0,0,trigger_outputs
0045,Training Data 2.zip,2024-02-08 17:05:46,2024-02-08T22:06:03+00:00,traffic-triggers-output,,,,,0,0,trigger_outputs
0045,Training Data 2.zip,2024-02-08 17:05:46,2024-02-08T22:06:03+00:00,traffic-triggers-output,,,,,0,0,trigger_outputs
0045,Training Data 2.zip,2024-02-08 17:05:46,2024-02-08T22:06:03+00:00,traffic-triggers-output,,,,,0,0,trigger_outputs
0045,Training Data 2.zip,2024-02-08 17:05:46,2024-02-08T22:06:03+00:00,traffic-triggers-output,,,,,0,0,trigger_outputs
0045,Training Data 2.zip,2024-02-08 17:05:46,2024-02-08T22:06:03+00:00,traffic-triggers-output,,,,,0,0,trigger_outputs
0045,Training Data 2.zip,2024-02-08 17:05:46,2024-02-08T22:06:03+00:00,traffic-triggers-output,,,,,0,0,trigger_outputs
0045,Training Data 2.zip,2024-02-08 17:05:46,2024-02-08T22:06:03+00:00,traffic-triggers-output,,,,,0,0,trigger_outputs
0045,Training Data 2.zip,2024-02-08 17:05:46,2024-02-08T22:06:03+00:00,traffic-triggers-output,,,,,0,0,trigger_outputs
0045,Training Data 2.zip,2024-02-08 17:05:46,2024-02-08T22:06:03+00:00,traffic-triggers-output,,,,,0,0,trigger_outputs
0045,Training Data 2.zip,2024-02-08 17:05:46,2024-02-08T22:06:03+00:00,traffic-triggers-output,,,,,0,0,trigger_outputs
0045,Training Data 2.zip,2024-02-08 17:05:46,2024-02-08T22:06:03+00:00,traffic-triggers-output,,,,,0,0,trigger_outputs
0045,Training Data 2.zip,2024-02-08 17:05:46,2024-02-08T22:06:04+00:00,traffic-triggers-output,,,,,0,0,trigger_outputs
0045,Training Data 2.zip,2024-02-08 17:05:46,2024-02-08T22:06:04+00:00,traffic-triggers-output,,,,,0,0,trigger_outputs
0045,Training Data 2.zip,2024-02-08 17:05:47,2024-02-08T22:06:04+00:00,traffic-triggers-output,,,,,0,0,trigger_outputs
0045,Training Data 2.zip,2024-02-08 17:05:47,2024-02-08T22:06:04+00:00,traffic-triggers-output,,,,,0,0,trigger_outputs
0045,Training Data 2.zip,2024-02-08 17:05:47,2024-02-08T22:06:04+00:00,traffic-triggers-output,,,,,0,0,trigger_outputs
0045,Training Data 2.zip,2024-02-08 17:05:47,2024-02-08T22:06:04+00:00,traffic-triggers-output,,,,,0,0,trigger_outputs
0045,Training Data 2.zip,2024-02-08 17:05:47,2024-02-08T22:06:04+00:00,traffic-triggers-output,,,,,0,0,trigger_outputs
0045,Training Data 2.zip,2024-02-08 17:05:47,2024-02-08T22:06:04+00:00,traffic-triggers-output,,,,,0,0,trigger_outputs
0045,Training Data 2.zip,2024-02-08 17:05:47,2024-02-08T22:06:04+00:00,traffic-triggers-output,,,,,0,0,trigger_outputs
0045,Training Data 2.zip,2024-02-08 17:05:47,2024-02-08T22:06:04+00:00,traffic-triggers-output,,,,,0,0,trigger_outputs
0045,Training Data 2.zip,2024-02-08 17:05:47,2024-02-08T22:06:04+00:00,traffic-triggers-output,,,,,0,0,trigger_outputs
0045,Training Data 2.zip,2024-02-08 17:05:47,2024-02-08T22:06:04+00:00,traffic-triggers-output,,,,,0,0,trigger_outputs
0045,Training Data 2.zip,2024-02-08 17:05:47,2024-02-08T22:06:04+00:00,traffic-triggers-output,,,,,0,0,trigger_outputs
0045,Training Data 2.zip,2024-02-08 17:05:47,2024-02-08T22:06:04+00:00,traffic-triggers-output,,,,,0,0,trigger_outputs
0045,Training Data 2.zip,2024-02-08 17:05:47,2024-02-08T22:06:04+00:00,traffic-triggers-output,,,,,0,0,trigger_outputs
0045,Training Data 2.zip,2024-02-08 17:05:47,2024-02-08T22:06:04+00:00,traffic-triggers-output,,,,,0,0,trigger_outputs
0045,Training Data 2.zip,2024-02-08 17:05:47,2024-02-08T22:06:04+00:00,traffic-triggers-output,,,,,0,0,trigger_outputs
0045,Training Data 2.zip,2024-02-08 17:05:47,2024-02-08T22:06:04+00:00,traffic-triggers-output,,,,,0,0,trigger_outputs
0045,Training Data 2.zip,2024-02-08 17:05:47,2024-02-08T22:06:04+00:00,traffic-triggers-output,,,,,0,0,trigger_outputs
0045,Training Data 2.zip,2024-02-08 17:05:47,2024-02-08T22:06:04+00:00,traffic-triggers-output,,,,,0,0,trigger_outputs
0045,Training Data 2.zip,2024-02-08 17:05:47,2024-02-08T22:06:04+00:00,traffic-triggers-output,,,,,0,0,trigger_outputs
0045,Training Data 2.zip,2024-02-08 17:05:47,2024-02-08T22:06:04+00:00,traffic-triggers-output,,,,,0,0,trigger_outputs
0045,Training Data 2.zip,2024-02-08 17:05:47,2024-02-08T22:06:04+00:00,traffic-triggers-output,,,,,0,0,trigger_outputs
0045,Training Data 2.zip,2024-02-08 17:05:47,2024-02-08T22:06:04+00:00,traffic-triggers-output,,,,,0,0,trigger_outputs
0045,Training Data 2.zip,2024-02-08 17:05:47,2024-02-08T22:06:04+00:00,traffic-triggers-output,,,,,0,0,trigger_outputs
0045,Training Data 2.zip,2024-02-08 17:05:47,2024-02-08T22:06:04+00:00,traffic-triggers-output,,,,,0,0,trigger_outputs
0045,Training Data 2.zip,2024-02-08 17:05:47,2024-02-08T22:06:04+00:00,traffic-triggers-output,,,,,0,0,trigger_outputs
0045,Training Data 2.zip,2024-02-08 17:05:47,2024-02-08T22:06:04+00:00,traffic-triggers-output,,,,,0,0,trigger_outputs
0045,Training Data 2.zip,2024-02-08 17:05:47,2024-02-08T22:06:04+00:00,traffic-triggers-output,,,,,0,0,trigger_outputs
0045,Training Data 2.zip,2024-02-08 17:05:47,2024-02-08T22:06:04+00:00,traffic-triggers-output,,,,,0,0,trigger_outputs
0045,Training Data 2.zip,2024-02-08 17:05:47,2024-02-08T22:06:04+00:00,traffic-triggers-output,,,,,0,0,trigger_outputs
0045,Training Data 2.zip,2024-02-08 17:05:47,2024-02-08T22:06:04+00:00,traffic-triggers-output,,,,,0,0,trigger_outputs
0045,Training Data 2.zip,2024-02-08 17:05:47,2024-02-08T22:06:04+00:00,traffic-triggers-output,,,,,0,0,trigger_outputs
0045,Training Data 2.zip,2024-02-08 17:05:47,2024-02-08T22:06:04+00:00,traffic-triggers-output,,,,,0,0,trigger_outputs
0045,Training Data 2.zip,2024-02-08 17:05:47,2024-02-08T22:06:04+00:00,traffic-triggers-output,,,,,0,0,trigger_outputs
0045,Training Data 2.zip,2024-02-08 17:05:47,2024-02-08T22:06:04+00:00,traffic-triggers-output,,,,,0,0,trigger_outputs
0045,Training Data 2.zip,2024-02-08 17:05:47,2024-02-08T22:06:04+00:00,traffic-triggers-output,,,,,0,0,trigger_outputs
0045,Training Data 2.zip,2024-02-08 17:05:47,2024-02-08T22:06:04+00:00,traffic-triggers-output,,,,,0,0,trigger_outputs
0045,Training Data 2.zip,2024-02-08 17:05:47,2024-02-08T22:06:04+00:00,traffic-triggers-output,,,,,0,0,trigger_outputs
0045,Training Data 2.zip,2024-02-08 17:05:47,2024-02-08T22:06:04+00:00,traffic-triggers-output,,,,,0,0,trigger_outputs
0045,Training Data 2.zip,2024-02-08 17:05:47,2024-02-08T22:06:05+00:00,traffic-triggers-output,,,,,0,0,trigger_outputs
0045,Training Data 2.zip,2024-02-08 17:05:47,2024-02-08T22:06:05+00:00,traffic-triggers-output,,,,,0,0,trigger_outputs
0045,Training Data 2.zip,2024-02-08 17:05:48,2024-02-08T22:06:05+00:00,traffic-triggers-output,,,,,0,0,trigger_outputs
0045,Training Data 2.zip,2024-02-08 17:05:48,2024-02-08T22:06:05+00:00,traffic-triggers-output,,,,,0,0,trigger_outputs
0045,Training Data 2.zip,2024-02-08 17:05:48,2024-02-08T22:06:05+00:00,traffic-triggers-output,,,,,0,0,trigger_outputs
0045,Training Data 2.zip,2024-02-08 17:05:48,2024-02-08T22:06:05+00:00,traffic-triggers-output,,,,,0,0,trigger_outputs
0045,Training Data 2.zip,2024-02-08 17:05:48,2024-02-08T22:06:05+00:00,traffic-triggers-output,,,,,0,0,trigger_outputs
0045,Training Data 2.zip,2024-02-08 17:05:48,2024-02-08T22:06:05+00:00,traffic-triggers-output,,,,,0,0,trigger_outputs
0045,Training Data 2.zip,2024-02-08 17:05:48,2024-02-08T22:06:05+00:00,traffic-triggers-output,,,,,0,0,trigger_outputs
0045,Training Data 2.zip,2024-02-08 17:05:48,2024-02-08T22:06:05+00:00,traffic-triggers-output,,,,,0,0,trigger_outputs
0045,Training Data 2.zip,2024-02-08 17:05:48,2024-02-08T22:06:05+00:00,traffic-triggers-output,,,,,0,0,trigger_outputs
0045,Training Data 2.zip,2024-02-08 17:05:48,2024-02-08T22:06:05+00:00,traffic-triggers-output,,,,,0,0,trigger_outputs
0045,Training Data 2.zip,2024-02-08 17:05:48,2024-02-08T22:06:05+00:00,traffic-triggers-output,,,,,0,0,trigger_outputs
0045,Training Data 2.zip,2024-02-08 17:05:48,2024-02-08T22:06:05+00:00,traffic-triggers-output,,,,,0,0,trigger_outputs
0045,Training Data 2.zip,2024-02-08 17:05:48,2024-02-08T22:06:05+00:00,traffic-triggers-output,,,,,0,0,trigger_outputs
0045,Training Data 2.zip,2024-02-08 17:05:48,2024-02-08T22:06:05+00:00,traffic-triggers-output,,,,,0,0,trigger_outputs
0045,Training Data 2.zip,2024-02-08 17:05:48,2024-02-08T22:06:05+00:00,traffic-triggers-output,,,,,0,0,trigger_outputs
0045,Training Data 2.zip,2024-02-08 17:05:48,2024-02-08T22:06:05+00:00,traffic-triggers-output,,,,,0,0,trigger_outputs
0045,Training Data 2.zip,2024-02-08 17:05:48,2024-02-08T22:06:05+00:00,traffic-triggers-output,,,,,0,0,trigger_outputs
0045,Training Data 2.zip,2024-02-08 17:05:48,2024-02-08T22:06:05+00:00,traffic-triggers-output,,,,,0,0,trigger_outputs
0045,Training Data 2.zip,2024-02-08 17:05:48,2024-02-08T22:06:05+00:00,traffic-triggers-output,,,,,0,0,trigger_outputs
0045,Training Data 2.zip,2024-02-08 17:05:48,2024-02-08T22:06:05+00:00,traffic-triggers-output,,,,,0,0,trigger_outputs
0045,Training Data 2.zip,2024-02-08 17:05:48,2024-02-08T22:06:05+00:00,traffic-triggers-output,,,,,0,0,trigger_outputs
0045,Training Data 2.zip,2024-02-08 17:05:48,2024-02-08T22:06:05+00:00,traffic-triggers-output,,,,,0,0,trigger_outputs
0045,Training Data 2.zip,2024-02-08 17:05:48,2024-02-08T22:06:05+00:00,traffic-triggers-output,,,,,0,0,trigger_outputs
0045,Training Data 2.zip,2024-02-08 17:05:48,2024-02-08T22:06:05+00:00,traffic-triggers-output,,,,,0,0,trigger_outputs
0045,Training Data 2.zip,2024-02-08 17:05:48,2024-02-08T22:06:05+00:00,traffic-triggers-output,,,,,0,0,trigger_outputs
0045,Training Data 2.zip,2024-02-08 17:05:48,2024-02-08T22:06:05+00:00,traffic-triggers-output,,,,,0,0,trigger_outputs
0045,Training Data 2.zip,2024-02-08 17:05:48,2024-02-08T22:06:05+00:00,traffic-triggers-output,,,,,0,0,trigger_outputs
0045,Training Data 2.zip,2024-02-08 17:05:48,2024-02-08T22:06:05+00:00,traffic-triggers-output,,,,,0,0,trigger_outputs
0045,Training Data 2.zip,2024-02-08 17:05:48,2024-02-08T22:06:05+00:00,traffic-triggers-output,,,,,0,0,trigger_outputs
0045,Training Data 2.zip,2024-02-08 17:05:48,2024-02-08T22:06:05+00:00,traffic-triggers-output,,,,,0,0,trigger_outputs
0045,Training Data 2.zip,2024-02-08 17:05:48,2024-02-08T22:06:05+00:00,traffic-triggers-output,,,,,0,0,trigger_outputs
0045,Training Data 2.zip,2024-02-08 17:05:48,2024-02-08T22:06:05+00:00,traffic-triggers-output,,,,,0,0,trigger_outputs
0045,Training Data 2.zip,2024-02-08 17:05:48,2024-02-08T22:06:05+00:00,traffic-triggers-output,,,,,0,0,trigger_outputs
0045,Training Data 2.zip,2024-02-08 17:05:48,2024-02-08T22:06:05+00:00,traffic-triggers-output,,,,,0,0,trigger_outputs
0045,Training Data 2.zip,2024-02-08 17:05:48,2024-02-08T22:06:05+00:00,traffic-triggers-output,,,,,0,0,trigger_outputs
0045,Training Data 2.zip,2024-02-08 17:05:48,2024-02-08T22:06:05+00:00,traffic-triggers-output,,,,,0,0,trigger_outputs
0045,Training Data 2.zip,2024-02-08 17:05:48,2024-02-08T22:06:05+00:00,traffic-triggers-output,,,,,0,0,trigger_outputs
0045,Training Data 2.zip,2024-02-08 17:05:48,2024-02-08T22:06:05+00:00,traffic-triggers-output,,,,,0,0,trigger_outputs
0045,Training Data 2.zip,2024-02-08 17:05:48,2024-02-08T22:06:06+00:00,traffic-triggers-output,,,,,0,0,trigger_outputs
0045,Training Data 2.zip,2024-02-08 17:05:48,2024-02-08T22:06:06+00:00,traffic-triggers-output,,,,,0,0,trigger_outputs
0045,Training Data 2.zip,2024-02-08 17:05:49,2024-02-08T22:06:06+00:00,traffic-triggers-output,,,,,0,0,trigger_outputs
0045,Training Data 2.zip,2024-02-08 17:05:49,2024-02-08T22:06:06+00:00,traffic-triggers-output,,,,,0,0,trigger_outputs
0045,Training Data 2.zip,2024-02-08 17:05:49,2024-02-08T22:06:06+00:00,traffic-triggers-output,,,,,0,0,trigger_outputs
0045,Training Data 2.zip,2024-02-08 17:05:49,2024-02-08T22:06:06+00:00,traffic-triggers-output,,,,,0,0,trigger_outputs
0045,Training Data 2.zip,2024-02-08 17:05:49,2024-02-08T22:06:06+00:00,traffic-triggers-output,,,,,0,0,trigger_outputs
0045,Training Data 2.zip,2024-02-08 17:05:49,2024-02-08T22:06:06+00:00,traffic-triggers-output,,,,,0,0,trigger_outputs
0045,Training Data 2.zip,2024-02-08 17:05:49,2024-02-08T22:06:06+00:00,traffic-triggers-output,,,,,0,0,trigger_outputs
0045,Training Data 2.zip,2024-02-08 17:05:49,2024-02-08T22:06:06+00:00,traffic-triggers-output,,,,,0,0,trigger_outputs
0045,Training Data 2.zip,2024-02-08 17:05:49,2024-02-08T22:06:06+00:00,traffic-triggers-output,,,,,0,0,trigger_outputs
0045,Training Data 2.zip,2024-02-08 17:05:49,2024-02-08T22:06:06+00:00,traffic-triggers-output,,,,,0,0,trigger_outputs
0045,Training Data 2.zip,2024-02-08 17:05:49,2024-02-08T22:06:06+00:00,traffic-triggers-output,,,,,0,0,trigger_outputs
0045,Training Data 2.zip,2024-02-08 17:05:49,2024-02-08T22:06:06+00:00,traffic-triggers-output,,,,,0,0,trigger_outputs
0045,Training Data 2.zip,2024-02-08 17:05:49,2024-02-08T22:06:06+00:00,traffic-triggers-output,,,,,0,0,trigger_outputs
0045,Training Data 2.zip,2024-02-08 17:05:49,2024-02-08T22:06:06+00:00,traffic-triggers-output,,,,,0,0,trigger_outputs
0045,Training Data 2.zip,2024-02-08 17:05:49,2024-02-08T22:06:06+00:00,traffic-triggers-output,,,,,0,0,trigger_outputs
0045,Training Data 2.zip,2024-02-08 17:05:49,2024-02-08T22:06:06+00:00,traffic-triggers-output,,,,,0,0,trigger_outputs
0045,Training Data 2.zip,2024-02-08 17:05:49,2024-02-08T22:06:06+00:00,traffic-triggers-output,,,,,0,0,trigger_outputs
0045,Training Data 2.zip,2024-02-08 17:05:49,2024-02-08T22:06:06+00:00,traffic-triggers-output,,,,,0,0,trigger_outputs
0045,Training Data 2.zip,2024-02-08 17:05:49,2024-02-08T22:06:06+00:00,traffic-triggers-output,,,,,0,0,trigger_outputs
0045,Training Data 2.zip,2024-02-08 17:05:49,2024-02-08T22:06:06+00:00,traffic-triggers-output,,,,,0,0,trigger_outputs
0045,Training Data 2.zip,2024-02-08 17:05:49,2024-02-08T22:06:06+00:00,traffic-triggers-output,,,,,0,0,trigger_outputs
0045,Training Data 2.zip,2024-02-08 17:05:49,2024-02-08T22:06:06+00:00,traffic-triggers-output,,,,,0,0,trigger_outputs
0045,Training Data 2.zip,2024-02-08 17:05:49,2024-02-08T22:06:06+00:00,traffic-triggers-output,,,,,0,0,trigger_outputs
0045,Training Data 2.zip,2024-02-08 17:05:49,2024-02-08T22:06:06+00:00,traffic-triggers-output,,,,,0,0,trigger_outputs
0045,Training Data 2.zip,2024-02-08 17:05:49,2024-02-08T22:06:06+00:00,traffic-triggers-output,,,,,0,0,trigger_outputs
0045,Training Data 2.zip,2024-02-08 17:05:49,2024-02-08T22:06:06+00:00,traffic-triggers-output,,,,,0,0,trigger_outputs
0045,Training Data 2.zip,2024-02-08 17:05:49,2024-02-08T22:06:06+00:00,traffic-triggers-output,,,,,0,0,trigger_outputs
0045,Training Data 2.zip,2024-02-08 17:05:49,2024-02-08T22:06:06+00:00,traffic-triggers-output,,,,,0,0,trigger_outputs
0045,Training Data 2.zip,2024-02-08 17:05:49,2024-02-08T22:06:06+00:00,traffic-triggers-output,,,,,0,0,trigger_outputs
0045,Training Data 2.zip,2024-02-08 17:05:49,2024-02-08T22:06:06+00:00,traffic-triggers-output,,,,,0,0,trigger_outputs
0045,Training Data 2.zip,2024-02-08 17:05:49,2024-02-08T22:06:06+00:00,traffic-triggers-output,,,,,0,0,trigger_outputs
0045,Training Data 2.zip,2024-02-08 17:05:49,2024-02-08T22:06:06+00:00,traffic-triggers-output,,,,,0,0,trigger_outputs
0045,Training Data 2.zip,2024-02-08 17:05:49,2024-02-08T22:06:06+00:00,traffic-triggers-output,,,,,0,0,trigger_outputs
0045,Training Data 2.zip,2024-02-08 17:05:49,2024-02-08T22:06:06+00:00,traffic-triggers-output,,,,,0,0,trigger_outputs
0045,Training Data 2.zip,2024-02-08 17:05:49,2024-02-08T22:06:06+00:00,traffic-triggers-output,,,,,0,0,trigger_outputs
0045,Training Data 2.zip,2024-02-08 17:05:49,2024-02-08T22:06:06+00:00,traffic-triggers-output,,,,,0,0,trigger_outputs
0045,Training Data 2.zip,2024-02-08 17:05:49,2024-02-08T22:06:06+00:00,traffic-triggers-output,,,,,0,0,trigger_outputs
0045,Training Data 2.zip,2024-02-08 17:05:49,2024-02-08T22:06:07+00:00,traffic-triggers-output,,,,,0,0,trigger_outputs
0045,Training Data 2.zip,2024-02-08 17:05:49,2024-02-08T22:06:07+00:00,traffic-triggers-output,,,,,0,0,trigger_outputs
0045,Training Data 2.zip,2024-02-08 17:05:49,2024-02-08T22:06:07+00:00,traffic-triggers-output,,,,,0,0,trigger_outputs
0045,Training Data 2.zip,2024-02-08 17:05:50,2024-02-08T22:06:07+00:00,traffic-triggers-output,,,,,0,0,trigger_outputs
0045,Training Data 2.zip,2024-02-08 17:05:50,2024-02-08T22:06:07+00:00,traffic-triggers-output,,,,,0,0,trigger_outputs
0045,Training Data 2.zip,2024-02-08 17:05:50,2024-02-08T22:06:07+00:00,traffic-triggers-output,,,,,0,0,trigger_outputs
0045,Training Data 2.zip,2024-02-08 17:05:50,2024-02-08T22:06:07+00:00,traffic-triggers-output,,,,,0,0,trigger_outputs
0045,Training Data 2.zip,2024-02-08 17:05:50,2024-02-08T22:06:07+00:00,traffic-triggers-output,,,,,0,0,trigger_outputs
0045,Training Data 2.zip,2024-02-08 17:05:50,2024-02-08T22:06:07+00:00,traffic-triggers-output,,,,,0,0,trigger_outputs
0045,Training Data 2.zip,2024-02-08 17:05:50,2024-02-08T22:06:07+00:00,traffic-triggers-output,,,,,0,0,trigger_outputs
0045,Training Data 2.zip,2024-02-08 17:05:50,2024-02-08T22:06:07+00:00,traffic-triggers-output,,,,,0,0,trigger_outputs
0045,Training Data 2.zip,2024-02-08 17:05:50,2024-02-08T22:06:07+00:00,traffic-triggers-output,,,,,0,0,trigger_outputs
0045,Training Data 2.zip,2024-02-08 17:05:50,2024-02-08T22:06:07+00:00,traffic-triggers-output,,,,,0,0,trigger_outputs
0045,Training Data 2.zip,2024-02-08 17:05:50,2024-02-08T22:06:07+00:00,traffic-triggers-output,,,,,0,0,trigger_outputs
0045,Training Data 2.zip,2024-02-08 17:05:50,2024-02-08T22:06:07+00:00,traffic-triggers-output,,,,,0,0,trigger_outputs
0045,Training Data 2.zip,2024-02-08 17:05:50,2024-02-08T22:06:07+00:00,traffic-triggers-output,,,,,0,0,trigger_outputs
0045,Training Data 2.zip,2024-02-08 17:05:50,2024-02-08T22:06:07+00:00,traffic-triggers-output,,,,,0,0,trigger_outputs
0045,Training Data 2.zip,2024-02-08 17:05:50,2024-02-08T22:06:07+00:00,traffic-triggers-output,,,,,0,0,trigger_outputs
0045,Training Data 2.zip,2024-02-08 17:05:50,2024-02-08T22:06:07+00:00,traffic-triggers-output,,,,,0,0,trigger_outputs
0045,Training Data 2.zip,2024-02-08 17:05:50,2024-02-08T22:06:07+00:00,traffic-triggers-output,,,,,0,0,trigger_outputs
0045,Training Data 2.zip,2024-02-08 17:05:50,2024-02-08T22:06:07+00:00,traffic-triggers-output,,,,,0,0,trigger_outputs
0045,Training Data 2.zip,2024-02-08 17:05:50,2024-02-08T22:06:07+00:00,traffic-triggers-output,,,,,0,0,trigger_outputs
0045,Training Data 2.zip,2024-02-08 17:05:50,2024-02-08T22:06:07+00:00,traffic-triggers-output,,,,,0,0,trigger_outputs
0045,Training Data 2.zip,2024-02-08 17:05:50,2024-02-08T22:06:07+00:00,traffic-triggers-output,,,,,0,0,trigger_outputs
0045,Training Data 2.zip,2024-02-08 17:05:50,2024-02-08T22:06:07+00:00,traffic-triggers-output,,,,,0,0,trigger_outputs
0045,Training Data 2.zip,2024-02-08 17:05:50,2024-02-08T22:06:07+00:00,traffic-triggers-output,,,,,0,0,trigger_outputs
0045,Training Data 2.zip,2024-02-08 17:05:50,2024-02-08T22:06:07+00:00,traffic-triggers-output,,,,,0,0,trigger_outputs
0045,Training Data 2.zip,2024-02-08 17:05:50,2024-02-08T22:06:07+00:00,traffic-triggers-output,,,,,0,0,trigger_outputs
0045,Training Data 2.zip,2024-02-08 17:05:50,2024-02-08T22:06:07+00:00,traffic-triggers-output,,,,,0,0,trigger_outputs
0045,Training Data 2.zip,2024-02-08 17:05:50,2024-02-08T22:06:07+00:00,traffic-triggers-output,,,,,0,0,trigger_outputs
0045,Training Data 2.zip,2024-02-08 17:05:50,2024-02-08T22:06:07+00:00,traffic-triggers-output,,,,,0,0,trigger_outputs
0045,Training Data 2.zip,2024-02-08 17:05:50,2024-02-08T22:06:07+00:00,traffic-triggers-output,,,,,0,0,trigger_outputs
0045,Training Data 2.zip,2024-02-08 17:05:50,2024-02-08T22:06:07+00:00,traffic-triggers-output,,,,,0,0,trigger_outputs
0045,Training Data 2.zip,2024-02-08 17:05:50,2024-02-08T22:06:07+00:00,traffic-triggers-output,,,,,0,0,trigger_outputs
0045,Training Data 2.zip,2024-02-08 17:05:50,2024-02-08T22:06:07+00:00,traffic-triggers-output,,,,,0,0,trigger_outputs
0045,Training Data 2.zip,2024-02-08 17:05:50,2024-02-08T22:06:07+00:00,traffic-triggers-output,,,,,0,0,trigger_outputs
0045,Training Data 2.zip,2024-02-08 17:05:50,2024-02-08T22:06:07+00:00,traffic-triggers-output,,,,,0,0,trigger_outputs
0045,Training Data 2.zip,2024-02-08 17:05:50,2024-02-08T22:06:07+00:00,traffic-triggers-output,,,,,0,0,trigger_outputs
0045,Training Data 2.zip,2024-02-08 17:05:50,2024-02-08T22:06:07+00:00,traffic-triggers-output,,,,,0,0,trigger_outputs
0045,Training Data 2.zip,2024-02-08 17:05:50,2024-02-08T22:06:07+00:00,traffic-triggers-output,,,,,0,0,trigger_outputs
0045,Training Data 2.zip,2024-02-08 17:05:50,2024-02-08T22:06:07+00:00,traffic-triggers-output,,,,,0,0,trigger_outputs
0045,Training Data 2.zip,2024-02-08 17:05:51,2024-02-08T22:06:08+00:00,traffic-triggers-output,,,,,0,0,trigger_outputs
0045,Training Data 2.zip,2024-02-08 17:05:51,2024-02-08T22:06:08+00:00,traffic-triggers-output,,,,,0,0,trigger_outputs
0045,Training Data 2.zip,2024-02-08 17:05:51,2024-02-08T22:06:08+00:00,traffic-triggers-output,,,,,0,0,trigger_outputs
0045,Training Data 2.zip,2024-02-08 17:05:51,2024-02-08T22:06:08+00:00,traffic-triggers-output,,,,,0,0,trigger_outputs
0045,Training Data 2.zip,2024-02-08 17:05:51,2024-02-08T22:06:08+00:00,traffic-triggers-output,,,,,0,0,trigger_outputs
0045,Training Data 2.zip,2024-02-08 17:05:51,2024-02-08T22:06:08+00:00,traffic-triggers-output,,,,,0,0,trigger_outputs
0045,Training Data 2.zip,2024-02-08 17:05:51,2024-02-08T22:06:08+00:00,traffic-triggers-output,,,,,0,0,trigger_outputs
0045,Training Data 2.zip,2024-02-08 17:05:51,2024-02-08T22:06:08+00:00,traffic-triggers-output,,,,,0,0,trigger_outputs
0045,Training Data 2.zip,2024-02-08 17:05:51,2024-02-08T22:06:08+00:00,traffic-triggers-output,,,,,0,0,trigger_outputs
0045,Training Data 2.zip,2024-02-08 17:05:51,2024-02-08T22:06:08+00:00,traffic-triggers-output,,,,,0,0,trigger_outputs
0045,Training Data 2.zip,2024-02-08 17:05:51,2024-02-08T22:06:08+00:00,traffic-triggers-output,,,,,0,0,trigger_outputs
0045,Training Data 2.zip,2024-02-08 17:05:51,2024-02-08T22:06:08+00:00,traffic-triggers-output,,,,,0,0,trigger_outputs
0045,Training Data 2.zip,2024-02-08 17:05:51,2024-02-08T22:06:08+00:00,traffic-triggers-output,,,,,0,0,trigger_outputs
0045,Training Data 2.zip,2024-02-08 17:05:51,2024-02-08T22:06:08+00:00,traffic-triggers-output,,,,,0,0,trigger_outputs
0045,Training Data 2.zip,2024-02-08 17:05:51,2024-02-08T22:06:08+00:00,traffic-triggers-output,,,,,0,0,trigger_outputs
0045,Training Data 2.zip,2024-02-08 17:05:51,2024-02-08T22:06:08+00:00,traffic-triggers-output,,,,,0,0,trigger_outputs
0045,Training Data 2.zip,2024-02-08 17:05:51,2024-02-08T22:06:08+00:00,traffic-triggers-output,,,,,0,0,trigger_outputs
0045,Training Data 2.zip,2024-02-08 17:05:51,2024-02-08T22:06:08+00:00,traffic-triggers-output,,,,,0,0,trigger_outputs
0045,Training Data 2.zip,2024-02-08 17:05:51,2024-02-08T22:06:08+00:00,traffic-triggers-output,,,,,0,0,trigger_outputs
0045,Training Data 2.zip,2024-02-08 17:05:51,2024-02-08T22:06:08+00:00,traffic-triggers-output,,,,,0,0,trigger_outputs
0045,Training Data 2.zip,2024-02-08 17:05:51,2024-02-08T22:06:08+00:00,traffic-triggers-output,,,,,0,0,trigger_outputs
0045,Training Data 2.zip,2024-02-08 17:05:51,2024-02-08T22:06:08+00:00,traffic-triggers-output,,,,,0,0,trigger_outputs
0045,Training Data 2.zip,2024-02-08 17:05:51,2024-02-08T22:06:08+00:00,traffic-triggers-output,,,,,0,0,trigger_outputs
0045,Training Data 2.zip,2024-02-08 17:05:51,2024-02-08T22:06:08+00:00,traffic-triggers-output,,,,,0,0,trigger_outputs
0045,Training Data 2.zip,2024-02-08 17:05:51,2024-02-08T22:06:08+00:00,traffic-triggers-output,,,,,0,0,trigger_outputs
0045,Training Data 2.zip,2024-02-08 17:05:51,2024-02-08T22:06:08+00:00,traffic-triggers-output,,,,,0,0,trigger_outputs
0045,Training Data 2.zip,2024-02-08 17:05:51,2024-02-08T22:06:08+00:00,traffic-triggers-output,,,,,0,0,trigger_outputs
0045,Training Data 2.zip,2024-02-08 17:05:51,2024-02-08T22:06:08+00:00,traffic-triggers-output,,,,,0,0,trigger_outputs
0045,Training Data 2.zip,2024-02-08 17:05:51,2024-02-08T22:06:08+00:00,traffic-triggers-output,,,,,0,0,trigger_outputs
0045,Training Data 2.zip,2024-02-08 17:05:51,2024-02-08T22:06:08+00:00,traffic-triggers-output,,,,,0,0,trigger_outputs
0045,Training Data 2.zip,2024-02-08 17:05:51,2024-02-08T22:06:08+00:00,traffic-triggers-output,,,,,0,0,trigger_outputs
0045,Training Data 2.zip,2024-02-08 17:05:51,2024-02-08T22:06:08+00:00,traffic-triggers-output,,,,,0,0,trigger_outputs
0045,Training Data 2.zip,2024-02-08 17:05:51,2024-02-08T22:06:08+00:00,traffic-triggers-output,,,,,0,0,trigger_outputs
0045,Training Data 2.zip,2024-02-08 17:05:51,2024-02-08T22:06:08+00:00,traffic-triggers-output,,,,,0,0,trigger_outputs
0045,Training Data 2.zip,2024-02-08 17:05:51,2024-02-08T22:06:08+00:00,traffic-triggers-output,,,,,0,0,trigger_outputs
0045,Training Data 2.zip,2024-02-08 17:05:51,2024-02-08T22:06:08+00:00,traffic-triggers-output,,,,,0,0,trigger_outputs
0045,Training Data 2.zip,2024-02-08 17:05:51,2024-02-08T22:06:08+00:00,traffic-triggers-output,,,,,0,0,trigger_outputs
0045,Training Data 2.zip,2024-02-08 17:05:51,2024-02-08T22:06:08+00:00,traffic-triggers-output,,,,,0,0,trigger_outputs
0045,Training Data 2.zip,2024-02-08 17:05:51,2024-02-08T22:06:08+00:00,traffic-triggers-output,,,,,0,0,trigger_outputs
0045,Training Data 2.zip,2024-02-08 17:05:51,2024-02-08T22:06:09+00:00,traffic-triggers-output,,,,,0,0,trigger_outputs
0045,Training Data 2.zip,2024-02-08 17:05:51,2024-02-08T22:06:09+00:00,traffic-triggers-output,,,,,0,0,trigger_outputs
0045,Training Data 2.zip,2024-02-08 17:05:51,2024-02-08T22:06:09+00:00,traffic-triggers-output,,,,,0,0,trigger_outputs
0045,Training Data 2.zip,2024-02-08 17:05:52,2024-02-08T22:06:09+00:00,traffic-triggers-output,,,,,0,0,trigger_outputs
0045,Training Data 2.zip,2024-02-08 17:05:52,2024-02-08T22:06:09+00:00,traffic-triggers-output,,,,,0,0,trigger_outputs
0045,Training Data 2.zip,2024-02-08 17:05:52,2024-02-08T22:06:09+00:00,traffic-triggers-output,,,,,0,0,trigger_outputs
0045,Training Data 2.zip,2024-02-08 17:05:52,2024-02-08T22:06:09+00:00,traffic-triggers-output,,,,,0,0,trigger_outputs
0045,Training Data 2.zip,2024-02-08 17:05:52,2024-02-08T22:06:09+00:00,traffic-triggers-output,,,,,0,0,trigger_outputs
0045,Training Data 2.zip,2024-02-08 17:05:52,2024-02-08T22:06:09+00:00,traffic-triggers-output,,,,,0,0,trigger_outputs
0045,Training Data 2.zip,2024-02-08 17:05:52,2024-02-08T22:06:09+00:00,traffic-triggers-output,,,,,0,0,trigger_outputs
0045,Training Data 2.zip,2024-02-08 17:05:52,2024-02-08T22:06:09+00:00,traffic-triggers-output,,,,,0,0,trigger_outputs
0045,Training Data 2.zip,2024-02-08 17:05:52,2024-02-08T22:06:09+00:00,traffic-triggers-output,,,,,0,0,trigger_outputs
0045,Training Data 2.zip,2024-02-08 17:05:52,2024-02-08T22:06:09+00:00,traffic-triggers-output,,,,,0,0,trigger_outputs
0045,Training Data 2.zip,2024-02-08 17:05:52,2024-02-08T22:06:09+00:00,traffic-triggers-output,,,,,0,0,trigger_outputs
0045,Training Data 2.zip,2024-02-08 17:05:52,2024-02-08T22:06:09+00:00,traffic-triggers-output,,,,,0,0,trigger_outputs
0045,Training Data 2.zip,2024-02-08 17:05:52,2024-02-08T22:06:09+00:00,traffic-triggers-output,,,,,0,0,trigger_outputs
0045,Training Data 2.zip,2024-02-08 17:05:52,2024-02-08T22:06:09+00:00,traffic-triggers-output,,,,,0,0,trigger_outputs
0045,Training Data 2.zip,2024-02-08 17:05:52,2024-02-08T22:06:09+00:00,traffic-triggers-output,,,,,0,0,trigger_outputs
0045,Training Data 2.zip,2024-02-08 17:05:52,2024-02-08T22:06:09+00:00,traffic-triggers-output,,,,,0,0,trigger_outputs
0045,Training Data 2.zip,2024-02-08 17:05:52,2024-02-08T22:06:09+00:00,traffic-triggers-output,,,,,0,0,trigger_outputs
0045,Training Data 2.zip,2024-02-08 17:05:52,2024-02-08T22:06:09+00:00,traffic-triggers-output,,,,,0,0,trigger_outputs
0045,Training Data 2.zip,2024-02-08 17:05:52,2024-02-08T22:06:09+00:00,traffic-triggers-output,,,,,0,0,trigger_outputs
0045,Training Data 2.zip,2024-02-08 17:05:52,2024-02-08T22:06:09+00:00,traffic-triggers-output,,,,,0,0,trigger_outputs
0045,Training Data 2.zip,2024-02-08 17:05:52,2024-02-08T22:06:09+00:00,traffic-triggers-output,,,,,0,0,trigger_outputs
0045,Training Data 2.zip,2024-02-08 17:05:52,2024-02-08T22:06:09+00:00,traffic-triggers-output,,,,,0,0,trigger_outputs
0045,Training Data 2.zip,2024-02-08 17:05:52,2024-02-08T22:06:09+00:00,traffic-triggers-output,,,,,0,0,trigger_outputs
0045,Training Data 2.zip,2024-02-08 17:05:52,2024-02-08T22:06:09+00:00,traffic-triggers-output,,,,,0,0,trigger_outputs
0045,Training Data 2.zip,2024-02-08 17:05:52,2024-02-08T22:06:09+00:00,traffic-triggers-output,,,,,0,0,trigger_outputs
0045,Training Data 2.zip,2024-02-08 17:05:52,2024-02-08T22:06:09+00:00,traffic-triggers-output,,,,,0,0,trigger_outputs
0045,Training Data 2.zip,2024-02-08 17:05:52,2024-02-08T22:06:09+00:00,traffic-triggers-output,,,,,0,0,trigger_outputs
0045,Training Data 2.zip,2024-02-08 17:05:52,2024-02-08T22:06:09+00:00,traffic-triggers-output,,,,,0,0,trigger_outputs
0045,Training Data 2.zip,2024-02-08 17:05:52,2024-02-08T22:06:09+00:00,traffic-triggers-output,,,,,0,0,trigger_outputs
0045,Training Data 2.zip,2024-02-08 17:05:52,2024-02-08T22:06:09+00:00,traffic-triggers-output,,,,,0,0,trigger_outputs
0045,Training Data 2.zip,2024-02-08 17:05:52,2024-02-08T22:06:09+00:00,traffic-triggers-output,,,,,0,0,trigger_outputs
0045,Training Data 2.zip,2024-02-08 17:05:52,2024-02-08T22:06:09+00:00,traffic-triggers-output,,,,,0,0,trigger_outputs
0045,Training Data 2.zip,2024-02-08 17:05:52,2024-02-08T22:06:09+00:00,traffic-triggers-output,,,,,0,0,trigger_outputs
0045,Training Data 2.zip,2024-02-08 17:05:52,2024-02-08T22:06:09+00:00,traffic-triggers-output,,,,,0,0,trigger_outputs
0045,Training Data 2.zip,2024-02-08 17:05:52,2024-02-08T22:06:09+00:00,traffic-triggers-output,,,,,0,0,trigger_outputs
0045,Training Data 2.zip,2024-02-08 17:05:52,2024-02-08T22:06:09+00:00,traffic-triggers-output,,,,,0,0,trigger_outputs
0045,Training Data 2.zip,2024-02-08 17:05:52,2024-02-08T22:06:09+00:00,traffic-triggers-output,,,,,0,0,trigger_outputs
0045,Training Data 2.zip,2024-02-08 17:05:52,2024-02-08T22:06:10+00:00,traffic-triggers-output,,,,,0,0,trigger_outputs
0045,Training Data 2.zip,2024-02-08 17:05:52,2024-02-08T22:06:10+00:00,traffic-triggers-output,,,,,0,0,trigger_outputs
0045,Training Data 2.zip,2024-02-08 17:05:52,2024-02-08T22:06:10+00:00,traffic-triggers-output,,,,,0,0,trigger_outputs
0045,Training Data 2.zip,2024-02-08 17:05:53,2024-02-08T22:06:10+00:00,traffic-triggers-output,,,,,0,0,trigger_outputs
0045,Training Data 2.zip,2024-02-08 17:05:53,2024-02-08T22:06:10+00:00,traffic-triggers-output,,,,,0,0,trigger_outputs
0045,Training Data 2.zip,2024-02-08 17:05:53,2024-02-08T22:06:10+00:00,traffic-triggers-output,,,,,0,0,trigger_outputs
0045,Training Data 2.zip,2024-02-08 17:05:53,2024-02-08T22:06:10+00:00,traffic-triggers-output,,,,,0,0,trigger_outputs
0045,Training Data 2.zip,2024-02-08 17:05:53,2024-02-08T22:06:10+00:00,traffic-triggers-output,,,,,0,0,trigger_outputs
0045,Training Data 2.zip,2024-02-08 17:05:53,2024-02-08T22:06:10+00:00,traffic-triggers-output,,,,,0,0,trigger_outputs
0045,Training Data 2.zip,2024-02-08 17:05:53,2024-02-08T22:06:10+00:00,traffic-triggers-output,,,,,0,0,trigger_outputs
0045,Training Data 2.zip,2024-02-08 17:05:53,2024-02-08T22:06:10+00:00,traffic-triggers-output,,,,,0,0,trigger_outputs
0045,Training Data 2.zip,2024-02-08 17:05:53,2024-02-08T22:06:10+00:00,traffic-triggers-output,,,,,0,0,trigger_outputs
0045,Training Data 2.zip,2024-02-08 17:05:53,2024-02-08T22:06:10+00:00,traffic-triggers-output,,,,,0,0,trigger_outputs
0045,Training Data 2.zip,2024-02-08 17:05:53,2024-02-08T22:06:10+00:00,traffic-triggers-output,,,,,0,0,trigger_outputs
0045,Training Data 2.zip,2024-02-08 17:05:53,2024-02-08T22:06:10+00:00,traffic-triggers-output,,,,,0,0,trigger_outputs
0045,Training Data 2.zip,2024-02-08 17:05:53,2024-02-08T22:06:10+00:00,traffic-triggers-output,,,,,0,0,trigger_outputs
0045,Training Data 2.zip,2024-02-08 17:05:53,2024-02-08T22:06:10+00:00,traffic-triggers-output,,,,,0,0,trigger_outputs
0045,Training Data 2.zip,2024-02-08 17:05:53,2024-02-08T22:06:10+00:00,traffic-triggers-output,,,,,0,0,trigger_outputs
0045,Training Data 2.zip,2024-02-08 17:05:53,2024-02-08T22:06:10+00:00,traffic-triggers-output,,,,,0,0,trigger_outputs
0045,Training Data 2.zip,2024-02-08 17:05:53,2024-02-08T22:06:10+00:00,traffic-triggers-output,,,,,0,0,trigger_outputs
0045,Training Data 2.zip,2024-02-08 17:05:53,2024-02-08T22:06:10+00:00,traffic-triggers-output,,,,,0,0,trigger_outputs
0045,Training Data 2.zip,2024-02-08 17:05:53,2024-02-08T22:06:10+00:00,traffic-triggers-output,,,,,0,0,trigger_outputs
0045,Training Data 2.zip,2024-02-08 17:05:53,2024-02-08T22:06:10+00:00,traffic-triggers-output,,,,,0,0,trigger_outputs
0045,Training Data 2.zip,2024-02-08 17:05:53,2024-02-08T22:06:10+00:00,traffic-triggers-output,,,,,0,0,trigger_outputs
0045,Training Data 2.zip,2024-02-08 17:05:53,2024-02-08T22:06:10+00:00,traffic-triggers-output,,,,,0,0,trigger_outputs
0045,Training Data 2.zip,2024-02-08 17:05:53,2024-02-08T22:06:10+00:00,traffic-triggers-output,,,,,0,0,trigger_outputs
0045,Training Data 2.zip,2024-02-08 17:05:53,2024-02-08T22:06:10+00:00,traffic-triggers-output,,,,,0,0,trigger_outputs
0045,Training Data 2.zip,2024-02-08 17:05:53,2024-02-08T22:06:10+00:00,traffic-triggers-output,,,,,0,0,trigger_outputs
0045,Training Data 2.zip,2024-02-08 17:05:53,2024-02-08T22:06:10+00:00,traffic-triggers-output,,,,,0,0,trigger_outputs
0045,Training Data 2.zip,2024-02-08 17:05:53,2024-02-08T22:06:10+00:00,traffic-triggers-output,,,,,0,0,trigger_outputs
0045,Training Data 2.zip,2024-02-08 17:05:53,2024-02-08T22:06:10+00:00,traffic-triggers-output,,,,,0,0,trigger_outputs
0045,Training Data 2.zip,2024-02-08 17:05:53,2024-02-08T22:06:10+00:00,traffic-triggers-output,,,,,0,0,trigger_outputs
0045,Training Data 2.zip,2024-02-08 17:05:53,2024-02-08T22:06:10+00:00,traffic-triggers-output,,,,,0,0,trigger_outputs
0045,Training Data 2.zip,2024-02-08 17:05:53,2024-02-08T22:06:10+00:00,traffic-triggers-output,,,,,0,0,trigger_outputs
0045,Training Data 2.zip,2024-02-08 17:05:53,2024-02-08T22:06:10+00:00,traffic-triggers-output,,,,,0,0,trigger_outputs
0045,Training Data 2.zip,2024-02-08 17:05:53,2024-02-08T22:06:10+00:00,traffic-triggers-output,,,,,0,0,trigger_outputs
0045,Training Data 2.zip,2024-02-08 17:05:53,2024-02-08T22:06:10+00:00,traffic-triggers-output,,,,,0,0,trigger_outputs
0045,Training Data 2.zip,2024-02-08 17:05:53,2024-02-08T22:06:10+00:00,traffic-triggers-output,,,,,0,0,trigger_outputs
0045,Training Data 2.zip,2024-02-08 17:05:53,2024-02-08T22:06:10+00:00,traffic-triggers-output,,,,,0,0,trigger_outputs
0045,Training Data 2.zip,2024-02-08 17:05:53,2024-02-08T22:06:10+00:00,traffic-triggers-output,,,,,0,0,trigger_outputs
0045,Training Data 2.zip,2024-02-08 17:05:53,2024-02-08T22:06:10+00:00,traffic-triggers-output,,,,,0,0,trigger_outputs
0045,Training Data 2.zip,2024-02-08 17:05:53,2024-02-08T22:06:11+00:00,traffic-triggers-output,,,,,0,0,trigger_outputs
0045,Training Data 2.zip,2024-02-08 17:05:53,2024-02-08T22:06:11+00:00,traffic-triggers-output,,,,,0,0,trigger_outputs
0045,Training Data 2.zip,2024-02-08 17:05:54,2024-02-08T22:06:11+00:00,traffic-triggers-output,,,,,0,0,trigger_outputs
0045,Training Data 2.zip,2024-02-08 17:05:54,2024-02-08T22:06:11+00:00,traffic-triggers-output,,,,,0,0,trigger_outputs
0045,Training Data 2.zip,2024-02-08 17:05:54,2024-02-08T22:06:11+00:00,traffic-triggers-output,,,,,0,0,trigger_outputs
0045,Training Data 2.zip,2024-02-08 17:05:54,2024-02-08T22:06:11+00:00,traffic-triggers-output,,,,,0,0,trigger_outputs
0045,Training Data 2.zip,2024-02-08 17:05:54,2024-02-08T22:06:11+00:00,traffic-triggers-output,,,,,0,0,trigger_outputs
0045,Training Data 2.zip,2024-02-08 17:05:54,2024-02-08T22:06:11+00:00,traffic-triggers-output,,,,,0,0,trigger_outputs
0045,Training Data 2.zip,2024-02-08 17:05:54,2024-02-08T22:06:11+00:00,traffic-triggers-output,,,,,0,0,trigger_outputs
0045,Training Data 2.zip,2024-02-08 17:05:54,2024-02-08T22:06:11+00:00,traffic-triggers-output,,,,,0,0,trigger_outputs
0045,Training Data 2.zip,2024-02-08 17:05:54,2024-02-08T22:06:11+00:00,traffic-triggers-output,,,,,0,0,trigger_outputs
0045,Training Data 2.zip,2024-02-08 17:05:54,2024-02-08T22:06:11+00:00,traffic-triggers-output,,,,,0,0,trigger_outputs
0045,Training Data 2.zip,2024-02-08 17:05:54,2024-02-08T22:06:11+00:00,traffic-triggers-output,,,,,0,0,trigger_outputs
0045,Training Data 2.zip,2024-02-08 17:05:54,2024-02-08T22:06:11+00:00,traffic-triggers-output,,,,,0,0,trigger_outputs
0045,Training Data 2.zip,2024-02-08 17:05:54,2024-02-08T22:06:11+00:00,traffic-triggers-output,,,,,0,0,trigger_outputs
0045,Training Data 2.zip,2024-02-08 17:05:54,2024-02-08T22:06:11+00:00,traffic-triggers-output,,,,,0,0,trigger_outputs
0045,Training Data 2.zip,2024-02-08 17:05:54,2024-02-08T22:06:11+00:00,traffic-triggers-output,,,,,0,0,trigger_outputs
0045,Training Data 2.zip,2024-02-08 17:05:54,2024-02-08T22:06:11+00:00,traffic-triggers-output,,,,,0,0,trigger_outputs
0045,Training Data 2.zip,2024-02-08 17:05:54,2024-02-08T22:06:11+00:00,traffic-triggers-output,,,,,0,0,trigger_outputs
0045,Training Data 2.zip,2024-02-08 17:05:54,2024-02-08T22:06:11+00:00,traffic-triggers-output,,,,,0,0,trigger_outputs
0045,Training Data 2.zip,2024-02-08 17:05:54,2024-02-08T22:06:11+00:00,traffic-triggers-output,,,,,0,0,trigger_outputs
0045,Training Data 2.zip,2024-02-08 17:05:54,2024-02-08T22:06:11+00:00,traffic-triggers-output,,,,,0,0,trigger_outputs
0045,Training Data 2.zip,2024-02-08 17:05:54,2024-02-08T22:06:11+00:00,traffic-triggers-output,,,,,0,0,trigger_outputs
0045,Training Data 2.zip,2024-02-08 17:05:54,2024-02-08T22:06:11+00:00,traffic-triggers-output,,,,,0,0,trigger_outputs
0045,Training Data 2.zip,2024-02-08 17:05:54,2024-02-08T22:06:11+00:00,traffic-triggers-output,,,,,0,0,trigger_outputs
0045,Training Data 2.zip,2024-02-08 17:05:54,2024-02-08T22:06:11+00:00,traffic-triggers-output,,,,,0,0,trigger_outputs
0045,Training Data 2.zip,2024-02-08 17:05:54,2024-02-08T22:06:11+00:00,traffic-triggers-output,,,,,0,0,trigger_outputs
0045,Training Data 2.zip,2024-02-08 17:05:54,2024-02-08T22:06:11+00:00,traffic-triggers-output,,,,,0,0,trigger_outputs
0045,Training Data 2.zip,2024-02-08 17:05:54,2024-02-08T22:06:11+00:00,traffic-triggers-output,,,,,0,0,trigger_outputs
0045,Training Data 2.zip,2024-02-08 17:05:54,2024-02-08T22:06:11+00:00,traffic-triggers-output,,,,,0,0,trigger_outputs
0045,Training Data 2.zip,2024-02-08 17:05:54,2024-02-08T22:06:11+00:00,traffic-triggers-output,,,,,0,0,trigger_outputs
0045,Training Data 2.zip,2024-02-08 17:05:54,2024-02-08T22:06:11+00:00,traffic-triggers-output,,,,,0,0,trigger_outputs
0045,Training Data 2.zip,2024-02-08 17:05:54,2024-02-08T22:06:11+00:00,traffic-triggers-output,,,,,0,0,trigger_outputs
0045,Training Data 2.zip,2024-02-08 17:05:54,2024-02-08T22:06:11+00:00,traffic-triggers-output,,,,,0,0,trigger_outputs
0045,Training Data 2.zip,2024-02-08 17:05:54,2024-02-08T22:06:11+00:00,traffic-triggers-output,,,,,0,0,trigger_outputs
0045,Training Data 2.zip,2024-02-08 17:05:54,2024-02-08T22:06:11+00:00,traffic-triggers-output,,,,,0,0,trigger_outputs
0045,Training Data 2.zip,2024-02-08 17:05:54,2024-02-08T22:06:11+00:00,traffic-triggers-output,,,,,0,0,trigger_outputs
0045,Training Data 2.zip,2024-02-08 17:05:54,2024-02-08T22:06:11+00:00,traffic-triggers-output,,,,,0,0,trigger_outputs
0045,Training Data 2.zip,2024-02-08 17:05:54,2024-02-08T22:06:11+00:00,traffic-triggers-output,,,,,0,0,trigger_outputs
0045,Training Data 2.zip,2024-02-08 17:05:54,2024-02-08T22:06:12+00:00,traffic-triggers-output,,,,,0,0,trigger_outputs
0045,Training Data 2.zip,2024-02-08 17:05:54,2024-02-08T22:06:12+00:00,traffic-triggers-output,,,,,0,0,trigger_outputs
0045,Training Data 2.zip,2024-02-08 17:05:54,2024-02-08T22:06:12+00:00,traffic-triggers-output,,,,,0,0,trigger_outputs
0045,Training Data 2.zip,2024-02-08 17:05:55,2024-02-08T22:06:12+00:00,traffic-triggers-output,,,,,0,0,trigger_outputs
0045,Training Data 2.zip,2024-02-08 17:05:55,2024-02-08T22:06:12+00:00,traffic-triggers-output,,,,,0,0,trigger_outputs
0045,Training Data 2.zip,2024-02-08 17:05:55,2024-02-08T22:06:12+00:00,traffic-triggers-output,,,,,0,0,trigger_outputs
0045,Training Data 2.zip,2024-02-08 17:05:55,2024-02-08T22:06:12+00:00,traffic-triggers-output,,,,,0,0,trigger_outputs
0045,Training Data 2.zip,2024-02-08 17:05:55,2024-02-08T22:06:12+00:00,traffic-triggers-output,,,,,0,0,trigger_outputs
0045,Training Data 2.zip,2024-02-08 17:05:55,2024-02-08T22:06:12+00:00,traffic-triggers-output,,,,,0,0,trigger_outputs
0045,Training Data 2.zip,2024-02-08 17:05:55,2024-02-08T22:06:12+00:00,traffic-triggers-output,,,,,0,0,trigger_outputs
0045,Training Data 2.zip,2024-02-08 17:05:55,2024-02-08T22:06:12+00:00,traffic-triggers-output,,,,,0,0,trigger_outputs
0045,Training Data 2.zip,2024-02-08 17:05:55,2024-02-08T22:06:12+00:00,traffic-triggers-output,,,,,0,0,trigger_outputs
0045,Training Data 2.zip,2024-02-08 17:05:55,2024-02-08T22:06:12+00:00,traffic-triggers-output,,,,,0,0,trigger_outputs
0045,Training Data 2.zip,2024-02-08 17:05:55,2024-02-08T22:06:12+00:00,traffic-triggers-output,,,,,0,0,trigger_outputs
0045,Training Data 2.zip,2024-02-08 17:05:55,2024-02-08T22:06:12+00:00,traffic-triggers-output,,,,,0,0,trigger_outputs
0045,Training Data 2.zip,2024-02-08 17:05:55,2024-02-08T22:06:12+00:00,traffic-triggers-output,,,,,0,0,trigger_outputs
0045,Training Data 2.zip,2024-02-08 17:05:55,2024-02-08T22:06:12+00:00,traffic-triggers-output,,,,,0,0,trigger_outputs
0045,Training Data 2.zip,2024-02-08 17:05:55,2024-02-08T22:06:12+00:00,traffic-triggers-output,,,,,0,0,trigger_outputs
0045,Training Data 2.zip,2024-02-08 17:05:55,2024-02-08T22:06:12+00:00,traffic-triggers-output,,,,,0,0,trigger_outputs
0045,Training Data 2.zip,2024-02-08 17:05:55,2024-02-08T22:06:12+00:00,traffic-triggers-output,,,,,0,0,trigger_outputs
0045,Training Data 2.zip,2024-02-08 17:05:55,2024-02-08T22:06:12+00:00,traffic-triggers-output,,,,,0,0,trigger_outputs
0045,Training Data 2.zip,2024-02-08 17:05:55,2024-02-08T22:06:12+00:00,traffic-triggers-output,,,,,0,0,trigger_outputs
0045,Training Data 2.zip,2024-02-08 17:05:55,2024-02-08T22:06:12+00:00,traffic-triggers-output,,,,,0,0,trigger_outputs
0045,Training Data 2.zip,2024-02-08 17:05:55,2024-02-08T22:06:12+00:00,traffic-triggers-output,,,,,0,0,trigger_outputs
0045,Training Data 2.zip,2024-02-08 17:05:55,2024-02-08T22:06:12+00:00,traffic-triggers-output,,,,,0,0,trigger_outputs
0045,Training Data 2.zip,2024-02-08 17:05:55,2024-02-08T22:06:12+00:00,traffic-triggers-output,,,,,0,0,trigger_outputs
0045,Training Data 2.zip,2024-02-08 17:05:55,2024-02-08T22:06:12+00:00,traffic-triggers-output,,,,,0,0,trigger_outputs
0045,Training Data 2.zip,2024-02-08 17:05:55,2024-02-08T22:06:12+00:00,traffic-triggers-output,,,,,0,0,trigger_outputs
0045,Training Data 2.zip,2024-02-08 17:05:55,2024-02-08T22:06:12+00:00,traffic-triggers-output,,,,,0,0,trigger_outputs
0045,Training Data 2.zip,2024-02-08 17:05:55,2024-02-08T22:06:12+00:00,traffic-triggers-output,,,,,0,0,trigger_outputs
0045,Training Data 2.zip,2024-02-08 17:05:55,2024-02-08T22:06:12+00:00,traffic-triggers-output,,,,,0,0,trigger_outputs
0045,Training Data 2.zip,2024-02-08 17:05:55,2024-02-08T22:06:12+00:00,traffic-triggers-output,,,,,0,0,trigger_outputs
0045,Training Data 2.zip,2024-02-08 17:05:55,2024-02-08T22:06:12+00:00,traffic-triggers-output,,,,,0,0,trigger_outputs
0045,Training Data 2.zip,2024-02-08 17:05:55,2024-02-08T22:06:12+00:00,traffic-triggers-output,,,,,0,0,trigger_outputs
0045,Training Data 2.zip,2024-02-08 17:05:55,2024-02-08T22:06:12+00:00,traffic-triggers-output,,,,,0,0,trigger_outputs
0045,Training Data 2.zip,2024-02-08 17:05:55,2024-02-08T22:06:12+00:00,traffic-triggers-output,,,,,0,0,trigger_outputs
0045,Training Data 2.zip,2024-02-08 17:05:55,2024-02-08T22:06:12+00:00,traffic-triggers-output,,,,,0,0,trigger_outputs
0045,Training Data 2.zip,2024-02-08 17:05:55,2024-02-08T22:06:12+00:00,traffic-triggers-output,,,,,0,0,trigger_outputs
0045,Training Data 2.zip,2024-02-08 17:05:55,2024-02-08T22:06:12+00:00,traffic-triggers-output,,,,,0,0,trigger_outputs
0045,Training Data 2.zip,2024-02-08 17:05:55,2024-02-08T22:06:12+00:00,traffic-triggers-output,,,,,0,0,trigger_outputs
0045,Training Data 2.zip,2024-02-08 17:05:55,2024-02-08T22:06:13+00:00,traffic-triggers-output,,,,,0,0,trigger_outputs
0045,Training Data 2.zip,2024-02-08 17:05:55,2024-02-08T22:06:13+00:00,traffic-triggers-output,,,,,0,0,trigger_outputs
0045,Training Data 2.zip,2024-02-08 17:05:55,2024-02-08T22:06:13+00:00,traffic-triggers-output,,,,,0,0,trigger_outputs
0045,Training Data 2.zip,2024-02-08 17:05:56,2024-02-08T22:06:13+00:00,traffic-triggers-output,,,,,0,0,trigger_outputs
0045,Training Data 2.zip,2024-02-08 17:05:56,2024-02-08T22:06:13+00:00,traffic-triggers-output,,,,,0,0,trigger_outputs
0045,Training Data 2.zip,2024-02-08 17:05:56,2024-02-08T22:06:13+00:00,traffic-triggers-output,,,,,0,0,trigger_outputs
0045,Training Data 2.zip,2024-02-08 17:05:56,2024-02-08T22:06:13+00:00,traffic-triggers-output,,,,,0,0,trigger_outputs
0045,Training Data 2.zip,2024-02-08 17:05:56,2024-02-08T22:06:13+00:00,traffic-triggers-output,,,,,0,0,trigger_outputs
0045,Training Data 2.zip,2024-02-08 17:05:56,2024-02-08T22:06:13+00:00,traffic-triggers-output,,,,,0,0,trigger_outputs
0045,Training Data 2.zip,2024-02-08 17:05:56,2024-02-08T22:06:13+00:00,traffic-triggers-output,,,,,0,0,trigger_outputs
0045,Training Data 2.zip,2024-02-08 17:05:56,2024-02-08T22:06:13+00:00,traffic-triggers-output,,,,,0,0,trigger_outputs
0045,Training Data 2.zip,2024-02-08 17:05:56,2024-02-08T22:06:13+00:00,traffic-triggers-output,,,,,0,0,trigger_outputs
0045,Training Data 2.zip,2024-02-08 17:05:56,2024-02-08T22:06:13+00:00,traffic-triggers-output,,,,,0,0,trigger_outputs
0045,Training Data 2.zip,2024-02-08 17:05:56,2024-02-08T22:06:13+00:00,traffic-triggers-output,,,,,0,0,trigger_outputs
0045,Training Data 2.zip,2024-02-08 17:05:56,2024-02-08T22:06:13+00:00,traffic-triggers-output,,,,,0,0,trigger_outputs
0045,Training Data 2.zip,2024-02-08 17:05:56,2024-02-08T22:06:13+00:00,traffic-triggers-output,,,,,0,0,trigger_outputs
0045,Training Data 2.zip,2024-02-08 17:05:56,2024-02-08T22:06:13+00:00,traffic-triggers-output,,,,,0,0,trigger_outputs
0045,Training Data 2.zip,2024-02-08 17:05:56,2024-02-08T22:06:13+00:00,traffic-triggers-output,,,,,0,0,trigger_outputs
0045,Training Data 2.zip,2024-02-08 17:05:56,2024-02-08T22:06:13+00:00,traffic-triggers-output,,,,,0,0,trigger_outputs
0045,Training Data 2.zip,2024-02-08 17:05:56,2024-02-08T22:06:13+00:00,traffic-triggers-output,,,,,0,0,trigger_outputs
0045,Training Data 2.zip,2024-02-08 17:05:56,2024-02-08T22:06:13+00:00,traffic-triggers-output,,,,,0,0,trigger_outputs
0045,Training Data 2.zip,2024-02-08 17:05:56,2024-02-08T22:06:13+00:00,traffic-triggers-output,,,,,0,0,trigger_outputs
0045,Training Data 2.zip,2024-02-08 17:05:56,2024-02-08T22:06:13+00:00,traffic-triggers-output,,,,,0,0,trigger_outputs
0045,Training Data 2.zip,2024-02-08 17:05:56,2024-02-08T22:06:13+00:00,traffic-triggers-output,,,,,0,0,trigger_outputs
0045,Training Data 2.zip,2024-02-08 17:05:56,2024-02-08T22:06:13+00:00,traffic-triggers-output,,,,,0,0,trigger_outputs
0045,Training Data 2.zip,2024-02-08 17:05:56,2024-02-08T22:06:13+00:00,traffic-triggers-output,,,,,0,0,trigger_outputs
0045,Training Data 2.zip,2024-02-08 17:05:56,2024-02-08T22:06:13+00:00,traffic-triggers-output,,,,,0,0,trigger_outputs
0045,Training Data 2.zip,2024-02-08 17:05:56,2024-02-08T22:06:13+00:00,traffic-triggers-output,,,,,0,0,trigger_outputs
0045,Training Data 2.zip,2024-02-08 17:05:56,2024-02-08T22:06:13+00:00,traffic-triggers-output,,,,,0,0,trigger_outputs
0045,Training Data 2.zip,2024-02-08 17:05:56,2024-02-08T22:06:13+00:00,traffic-triggers-output,,,,,0,0,trigger_outputs
0045,Training Data 2.zip,2024-02-08 17:05:56,2024-02-08T22:06:13+00:00,traffic-triggers-output,,,,,0,0,trigger_outputs
0045,Training Data 2.zip,2024-02-08 17:05:56,2024-02-08T22:06:13+00:00,traffic-triggers-output,,,,,0,0,trigger_outputs
0045,Training Data 2.zip,2024-02-08 17:05:56,2024-02-08T22:06:13+00:00,traffic-triggers-output,,,,,0,0,trigger_outputs
0045,Training Data 2.zip,2024-02-08 17:05:56,2024-02-08T22:06:13+00:00,traffic-triggers-output,,,,,0,0,trigger_outputs
0045,Training Data 2.zip,2024-02-08 17:05:56,2024-02-08T22:06:13+00:00,traffic-triggers-output,,,,,0,0,trigger_outputs
0045,Training Data 2.zip,2024-02-08 17:05:56,2024-02-08T22:06:13+00:00,traffic-triggers-output,,,,,0,0,trigger_outputs
0045,Training Data 2.zip,2024-02-08 17:05:56,2024-02-08T22:06:13+00:00,traffic-triggers-output,,,,,0,0,trigger_outputs
0045,Training Data 2.zip,2024-02-08 17:05:56,2024-02-08T22:06:13+00:00,traffic-triggers-output,,,,,0,0,trigger_outputs
0045,Training Data 2.zip,2024-02-08 17:05:56,2024-02-08T22:06:13+00:00,traffic-triggers-output,,,,,0,0,trigger_outputs
0045,Training Data 2.zip,2024-02-08 17:05:56,2024-02-08T22:06:13+00:00,traffic-triggers-output,,,,,0,0,trigger_outputs
0045,Training Data 2.zip,2024-02-08 17:05:56,2024-02-08T22:06:13+00:00,traffic-triggers-output,,,,,0,0,trigger_outputs
0045,Training Data 2.zip,2024-02-08 17:05:56,2024-02-08T22:06:14+00:00,traffic-triggers-output,,,,,0,0,trigger_outputs
0045,Training Data 2.zip,2024-02-08 17:05:56,2024-02-08T22:06:14+00:00,traffic-triggers-output,,,,,0,0,trigger_outputs
0045,Training Data 2.zip,2024-02-08 17:05:57,2024-02-08T22:06:14+00:00,traffic-triggers-output,,,,,0,0,trigger_outputs
0045,Training Data 2.zip,2024-02-08 17:05:57,2024-02-08T22:06:14+00:00,traffic-triggers-output,,,,,0,0,trigger_outputs
0045,Training Data 2.zip,2024-02-08 17:05:57,2024-02-08T22:06:14+00:00,traffic-triggers-output,,,,,0,0,trigger_outputs
0045,Training Data 2.zip,2024-02-08 17:05:57,2024-02-08T22:06:14+00:00,traffic-triggers-output,,,,,0,0,trigger_outputs
0045,Training Data 2.zip,2024-02-08 17:05:57,2024-02-08T22:06:14+00:00,traffic-triggers-output,,,,,0,0,trigger_outputs
0045,Training Data 2.zip,2024-02-08 17:05:57,2024-02-08T22:06:14+00:00,traffic-triggers-output,,,,,0,0,trigger_outputs
0045,Training Data 2.zip,2024-02-08 17:05:57,2024-02-08T22:06:14+00:00,traffic-triggers-output,,,,,0,0,trigger_outputs
0045,Training Data 2.zip,2024-02-08 17:05:57,2024-02-08T22:06:14+00:00,traffic-triggers-output,,,,,0,0,trigger_outputs
0045,Training Data 2.zip,2024-02-08 17:05:57,2024-02-08T22:06:14+00:00,traffic-triggers-output,,,,,0,0,trigger_outputs
0045,Training Data 2.zip,2024-02-08 17:05:57,2024-02-08T22:06:14+00:00,traffic-triggers-output,,,,,0,0,trigger_outputs
0045,Training Data 2.zip,2024-02-08 17:05:57,2024-02-08T22:06:14+00:00,traffic-triggers-output,,,,,0,0,trigger_outputs
0045,Training Data 2.zip,2024-02-08 17:05:57,2024-02-08T22:06:14+00:00,traffic-triggers-output,,,,,0,0,trigger_outputs
0045,Training Data 2.zip,2024-02-08 17:05:57,2024-02-08T22:06:14+00:00,traffic-triggers-output,,,,,0,0,trigger_outputs
0045,Training Data 2.zip,2024-02-08 17:05:57,2024-02-08T22:06:14+00:00,traffic-triggers-output,,,,,0,0,trigger_outputs
0045,Training Data 2.zip,2024-02-08 17:05:57,2024-02-08T22:06:14+00:00,traffic-triggers-output,,,,,0,0,trigger_outputs
0045,Training Data 2.zip,2024-02-08 17:05:57,2024-02-08T22:06:14+00:00,traffic-triggers-output,,,,,0,0,trigger_outputs
0045,Training Data 2.zip,2024-02-08 17:05:57,2024-02-08T22:06:14+00:00,traffic-triggers-output,,,,,0,0,trigger_outputs
0045,Training Data 2.zip,2024-02-08 17:05:57,2024-02-08T22:06:14+00:00,traffic-triggers-output,,,,,0,0,trigger_outputs
0045,Training Data 2.zip,2024-02-08 17:05:57,2024-02-08T22:06:14+00:00,traffic-triggers-output,,,,,0,0,trigger_outputs
0045,Training Data 2.zip,2024-02-08 17:05:57,2024-02-08T22:06:14+00:00,traffic-triggers-output,,,,,0,0,trigger_outputs
0045,Training Data 2.zip,2024-02-08 17:05:57,2024-02-08T22:06:14+00:00,traffic-triggers-output,,,,,0,0,trigger_outputs
0045,Training Data 2.zip,2024-02-08 17:05:57,2024-02-08T22:06:14+00:00,traffic-triggers-output,,,,,0,0,trigger_outputs
0045,Training Data 2.zip,2024-02-08 17:05:57,2024-02-08T22:06:14+00:00,traffic-triggers-output,,,,,0,0,trigger_outputs
0045,Training Data 2.zip,2024-02-08 17:05:57,2024-02-08T22:06:14+00:00,traffic-triggers-output,,,,,0,0,trigger_outputs
0045,Training Data 2.zip,2024-02-08 17:05:57,2024-02-08T22:06:14+00:00,traffic-triggers-output,,,,,0,0,trigger_outputs
0045,Training Data 2.zip,2024-02-08 17:05:57,2024-02-08T22:06:14+00:00,traffic-triggers-output,,,,,0,0,trigger_outputs
0045,Training Data 2.zip,2024-02-08 17:05:57,2024-02-08T22:06:14+00:00,traffic-triggers-output,,,,,0,0,trigger_outputs
0045,Training Data 2.zip,2024-02-08 17:05:57,2024-02-08T22:06:14+00:00,traffic-triggers-output,,,,,0,0,trigger_outputs
0045,Training Data 2.zip,2024-02-08 17:05:57,2024-02-08T22:06:14+00:00,traffic-triggers-output,,,,,0,0,trigger_outputs
0045,Training Data 2.zip,2024-02-08 17:05:57,2024-02-08T22:06:14+00:00,traffic-triggers-output,,,,,0,0,trigger_outputs
0045,Training Data 2.zip,2024-02-08 17:05:57,2024-02-08T22:06:14+00:00,traffic-triggers-output,,,,,0,0,trigger_outputs
0045,Training Data 2.zip,2024-02-08 17:05:57,2024-02-08T22:06:14+00:00,traffic-triggers-output,,,,,0,0,trigger_outputs
0045,Training Data 2.zip,2024-02-08 17:05:57,2024-02-08T22:06:14+00:00,traffic-triggers-output,,,,,0,0,trigger_outputs
0045,Training Data 2.zip,2024-02-08 17:05:57,2024-02-08T22:06:14+00:00,traffic-triggers-output,,,,,0,0,trigger_outputs
0045,Training Data 2.zip,2024-02-08 17:05:57,2024-02-08T22:06:14+00:00,traffic-triggers-output,,,,,0,0,trigger_outputs
0045,Training Data 2.zip,2024-02-08 17:05:57,2024-02-08T22:06:14+00:00,traffic-triggers-output,,,,,0,0,trigger_outputs
0045,Training Data 2.zip,2024-02-08 17:05:57,2024-02-08T22:06:14+00:00,traffic-triggers-output,,,,,0,0,trigger_outputs
0045,Training Data 2.zip,2024-02-08 17:05:57,2024-02-08T22:06:14+00:00,traffic-triggers-output,,,,,0,0,trigger_outputs
0045,Training Data 2.zip,2024-02-08 17:05:57,2024-02-08T22:06:15+00:00,traffic-triggers-output,,,,,0,0,trigger_outputs
0045,Training Data 2.zip,2024-02-08 17:05:57,2024-02-08T22:06:15+00:00,traffic-triggers-output,,,,,0,0,trigger_outputs
0045,Training Data 2.zip,2024-02-08 17:05:58,2024-02-08T22:06:15+00:00,traffic-triggers-output,,,,,0,0,trigger_outputs
0045,Training Data 2.zip,2024-02-08 17:05:58,2024-02-08T22:06:15+00:00,traffic-triggers-output,,,,,0,0,trigger_outputs
0045,Training Data 2.zip,2024-02-08 17:05:58,2024-02-08T22:06:15+00:00,traffic-triggers-output,,,,,0,0,trigger_outputs
0045,Training Data 2.zip,2024-02-08 17:05:58,2024-02-08T22:06:15+00:00,traffic-triggers-output,,,,,0,0,trigger_outputs
0045,Training Data 2.zip,2024-02-08 17:05:58,2024-02-08T22:06:15+00:00,traffic-triggers-output,,,,,0,0,trigger_outputs
0045,Training Data 2.zip,2024-02-08 17:05:58,2024-02-08T22:06:15+00:00,traffic-triggers-output,,,,,0,0,trigger_outputs
0045,Training Data 2.zip,2024-02-08 17:05:58,2024-02-08T22:06:15+00:00,traffic-triggers-output,,,,,0,0,trigger_outputs
0045,Training Data 2.zip,2024-02-08 17:05:58,2024-02-08T22:06:15+00:00,traffic-triggers-output,,,,,0,0,trigger_outputs
0045,Training Data 2.zip,2024-02-08 17:05:58,2024-02-08T22:06:15+00:00,traffic-triggers-output,,,,,0,0,trigger_outputs
0045,Training Data 2.zip,2024-02-08 17:05:58,2024-02-08T22:06:15+00:00,traffic-triggers-output,,,,,0,0,trigger_outputs
0045,Training Data 2.zip,2024-02-08 17:05:58,2024-02-08T22:06:15+00:00,traffic-triggers-output,,,,,0,0,trigger_outputs
0045,Training Data 2.zip,2024-02-08 17:05:58,2024-02-08T22:06:15+00:00,traffic-triggers-output,,,,,0,0,trigger_outputs
0045,Training Data 2.zip,2024-02-08 17:05:58,2024-02-08T22:06:15+00:00,traffic-triggers-output,,,,,0,0,trigger_outputs
0045,Training Data 2.zip,2024-02-08 17:05:58,2024-02-08T22:06:15+00:00,traffic-triggers-output,,,,,0,0,trigger_outputs
0045,Training Data 2.zip,2024-02-08 17:05:58,2024-02-08T22:06:15+00:00,traffic-triggers-output,,,,,0,0,trigger_outputs
0045,Training Data 2.zip,2024-02-08 17:05:58,2024-02-08T22:06:15+00:00,traffic-triggers-output,,,,,0,0,trigger_outputs
0045,Training Data 2.zip,2024-02-08 17:05:58,2024-02-08T22:06:15+00:00,traffic-triggers-output,,,,,0,0,trigger_outputs
0045,Training Data 2.zip,2024-02-08 17:05:58,2024-02-08T22:06:15+00:00,traffic-triggers-output,,,,,0,0,trigger_outputs
0045,Training Data 2.zip,2024-02-08 17:05:58,2024-02-08T22:06:15+00:00,traffic-triggers-output,,,,,0,0,trigger_outputs
0045,Training Data 2.zip,2024-02-08 17:05:58,2024-02-08T22:06:15+00:00,traffic-triggers-output,,,,,0,0,trigger_outputs
0045,Training Data 2.zip,2024-02-08 17:05:58,2024-02-08T22:06:15+00:00,traffic-triggers-output,,,,,0,0,trigger_outputs
0045,Training Data 2.zip,2024-02-08 17:05:58,2024-02-08T22:06:15+00:00,traffic-triggers-output,,,,,0,0,trigger_outputs
0045,Training Data 2.zip,2024-02-08 17:05:58,2024-02-08T22:06:15+00:00,traffic-triggers-output,,,,,0,0,trigger_outputs
0045,Training Data 2.zip,2024-02-08 17:05:58,2024-02-08T22:06:15+00:00,traffic-triggers-output,,,,,0,0,trigger_outputs
0045,Training Data 2.zip,2024-02-08 17:05:58,2024-02-08T22:06:15+00:00,traffic-triggers-output,,,,,0,0,trigger_outputs
0045,Training Data 2.zip,2024-02-08 17:05:58,2024-02-08T22:06:15+00:00,traffic-triggers-output,,,,,0,0,trigger_outputs
0045,Training Data 2.zip,2024-02-08 17:05:58,2024-02-08T22:06:15+00:00,traffic-triggers-output,,,,,0,0,trigger_outputs
0045,Training Data 2.zip,2024-02-08 17:05:58,2024-02-08T22:06:15+00:00,traffic-triggers-output,,,,,0,0,trigger_outputs
0045,Training Data 2.zip,2024-02-08 17:05:58,2024-02-08T22:06:15+00:00,traffic-triggers-output,,,,,0,0,trigger_outputs
0045,Training Data 2.zip,2024-02-08 17:05:58,2024-02-08T22:06:15+00:00,traffic-triggers-output,,,,,0,0,trigger_outputs
0045,Training Data 2.zip,2024-02-08 17:05:58,2024-02-08T22:06:15+00:00,traffic-triggers-output,,,,,0,0,trigger_outputs
0045,Training Data 2.zip,2024-02-08 17:05:58,2024-02-08T22:06:15+00:00,traffic-triggers-output,,,,,0,0,trigger_outputs
0045,Training Data 2.zip,2024-02-08 17:05:58,2024-02-08T22:06:15+00:00,traffic-triggers-output,,,,,0,0,trigger_outputs
0045,Training Data 2.zip,2024-02-08 17:05:58,2024-02-08T22:06:15+00:00,traffic-triggers-output,,,,,0,0,trigger_outputs
0045,Training Data 2.zip,2024-02-08 17:05:58,2024-02-08T22:06:15+00:00,traffic-triggers-output,,,,,0,0,trigger_outputs
0045,Training Data 2.zip,2024-02-08 17:05:58,2024-02-08T22:06:15+00:00,traffic-triggers-output,,,,,0,0,trigger_outputs
0045,Training Data 2.zip,2024-02-08 17:05:58,2024-02-08T22:06:15+00:00,traffic-triggers-output,,,,,0,0,trigger_outputs
0045,Training Data 2.zip,2024-02-08 17:05:58,2024-02-08T22:06:16+00:00,traffic-triggers-output,,,,,0,0,trigger_outputs
0045,Training Data 2.zip,2024-02-08 17:05:58,2024-02-08T22:06:16+00:00,traffic-triggers-output,,,,,0,0,trigger_outputs
0045,Training Data 2.zip,2024-02-08 17:05:58,2024-02-08T22:06:16+00:00,traffic-triggers-output,,,,,0,0,trigger_outputs
0045,Training Data 2.zip,2024-02-08 17:05:59,2024-02-08T22:06:16+00:00,traffic-triggers-output,,,,,0,0,trigger_outputs
0045,Training Data 2.zip,2024-02-08 17:05:59,2024-02-08T22:06:16+00:00,traffic-triggers-output,,,,,0,0,trigger_outputs
0045,Training Data 2.zip,2024-02-08 17:05:59,2024-02-08T22:06:16+00:00,traffic-triggers-output,,,,,0,0,trigger_outputs
0045,Training Data 2.zip,2024-02-08 17:05:59,2024-02-08T22:06:16+00:00,traffic-triggers-output,,,,,0,0,trigger_outputs
0045,Training Data 2.zip,2024-02-08 17:05:59,2024-02-08T22:06:16+00:00,traffic-triggers-output,,,,,0,0,trigger_outputs
0045,Training Data 2.zip,2024-02-08 17:05:59,2024-02-08T22:06:16+00:00,traffic-triggers-output,,,,,0,0,trigger_outputs
0045,Training Data 2.zip,2024-02-08 17:05:59,2024-02-08T22:06:16+00:00,traffic-triggers-output,,,,,0,0,trigger_outputs
0045,Training Data 2.zip,2024-02-08 17:05:59,2024-02-08T22:06:16+00:00,traffic-triggers-output,,,,,0,0,trigger_outputs
0045,Training Data 2.zip,2024-02-08 17:05:59,2024-02-08T22:06:16+00:00,traffic-triggers-output,,,,,0,0,trigger_outputs
0045,Training Data 2.zip,2024-02-08 17:05:59,2024-02-08T22:06:16+00:00,traffic-triggers-output,,,,,0,0,trigger_outputs
0045,Training Data 2.zip,2024-02-08 17:05:59,2024-02-08T22:06:16+00:00,traffic-triggers-output,,,,,0,0,trigger_outputs
0045,Training Data 2.zip,2024-02-08 17:05:59,2024-02-08T22:06:16+00:00,traffic-triggers-output,,,,,0,0,trigger_outputs
0045,Training Data 2.zip,2024-02-08 17:05:59,2024-02-08T22:06:16+00:00,traffic-triggers-output,,,,,0,0,trigger_outputs
0045,Training Data 2.zip,2024-02-08 17:05:59,2024-02-08T22:06:16+00:00,traffic-triggers-output,,,,,0,0,trigger_outputs
0045,Training Data 2.zip,2024-02-08 17:05:59,2024-02-08T22:06:16+00:00,traffic-triggers-output,,,,,0,0,trigger_outputs
0045,Training Data 2.zip,2024-02-08 17:05:59,2024-02-08T22:06:16+00:00,traffic-triggers-output,,,,,0,0,trigger_outputs
0045,Training Data 2.zip,2024-02-08 17:05:59,2024-02-08T22:06:16+00:00,traffic-triggers-output,,,,,0,0,trigger_outputs
0045,Training Data 2.zip,2024-02-08 17:05:59,2024-02-08T22:06:16+00:00,traffic-triggers-output,,,,,0,0,trigger_outputs
0045,Training Data 2.zip,2024-02-08 17:05:59,2024-02-08T22:06:16+00:00,traffic-triggers-output,,,,,0,0,trigger_outputs
0045,Training Data 2.zip,2024-02-08 17:05:59,2024-02-08T22:06:16+00:00,traffic-triggers-output,,,,,0,0,trigger_outputs
0045,Training Data 2.zip,2024-02-08 17:05:59,2024-02-08T22:06:16+00:00,traffic-triggers-output,,,,,0,0,trigger_outputs
0045,Training Data 2.zip,2024-02-08 17:05:59,2024-02-08T22:06:16+00:00,traffic-triggers-output,,,,,0,0,trigger_outputs
0045,Training Data 2.zip,2024-02-08 17:05:59,2024-02-08T22:06:16+00:00,traffic-triggers-output,,,,,0,0,trigger_outputs
0045,Training Data 2.zip,2024-02-08 17:05:59,2024-02-08T22:06:16+00:00,traffic-triggers-output,,,,,0,0,trigger_outputs
0045,Training Data 2.zip,2024-02-08 17:05:59,2024-02-08T22:06:16+00:00,traffic-triggers-output,,,,,0,0,trigger_outputs
0045,Training Data 2.zip,2024-02-08 17:05:59,2024-02-08T22:06:16+00:00,traffic-triggers-output,,,,,0,0,trigger_outputs
0045,Training Data 2.zip,2024-02-08 17:05:59,2024-02-08T22:06:16+00:00,traffic-triggers-output,,,,,0,0,trigger_outputs
0045,Training Data 2.zip,2024-02-08 17:05:59,2024-02-08T22:06:16+00:00,traffic-triggers-output,,,,,0,0,trigger_outputs
0045,Training Data 2.zip,2024-02-08 17:05:59,2024-02-08T22:06:16+00:00,traffic-triggers-output,,,,,0,0,trigger_outputs
0045,Training Data 2.zip,2024-02-08 17:05:59,2024-02-08T22:06:16+00:00,traffic-triggers-output,,,,,0,0,trigger_outputs
0045,Training Data 2.zip,2024-02-08 17:05:59,2024-02-08T22:06:16+00:00,traffic-triggers-output,,,,,0,0,trigger_outputs
0045,Training Data 2.zip,2024-02-08 17:05:59,2024-02-08T22:06:16+00:00,traffic-triggers-output,,,,,0,0,trigger_outputs
0045,Training Data 2.zip,2024-02-08 17:05:59,2024-02-08T22:06:16+00:00,traffic-triggers-output,,,,,0,0,trigger_outputs
0045,Training Data 2.zip,2024-02-08 17:05:59,2024-02-08T22:06:16+00:00,traffic-triggers-output,,,,,0,0,trigger_outputs
0045,Training Data 2.zip,2024-02-08 17:05:59,2024-02-08T22:06:16+00:00,traffic-triggers-output,,,,,0,0,trigger_outputs
0045,Training Data 2.zip,2024-02-08 17:05:59,2024-02-08T22:06:16+00:00,traffic-triggers-output,,,,,0,0,trigger_outputs
0045,Training Data 2.zip,2024-02-08 17:05:59,2024-02-08T22:06:16+00:00,traffic-triggers-output,,,,,0,0,trigger_outputs
0045,Training Data 2.zip,2024-02-08 17:05:59,2024-02-08T22:06:17+00:00,traffic-triggers-output,,,,,0,0,trigger_outputs
0045,Training Data 2.zip,2024-02-08 17:05:59,2024-02-08T22:06:17+00:00,traffic-triggers-output,,,,,0,0,trigger_outputs
0045,Training Data 2.zip,2024-02-08 17:05:59,2024-02-08T22:06:17+00:00,traffic-triggers-output,,,,,0,0,trigger_outputs
0045,Training Data 2.zip,2024-02-08 17:06:00,2024-02-08T22:06:17+00:00,traffic-triggers-output,,,,,0,0,trigger_outputs
0045,Training Data 2.zip,2024-02-08 17:06:00,2024-02-08T22:06:17+00:00,traffic-triggers-output,,,,,0,0,trigger_outputs
0045,Training Data 2.zip,2024-02-08 17:06:00,2024-02-08T22:06:17+00:00,traffic-triggers-output,,,,,0,0,trigger_outputs
0045,Training Data 2.zip,2024-02-08 17:06:00,2024-02-08T22:06:17+00:00,traffic-triggers-output,,,,,0,0,trigger_outputs
0045,Training Data 2.zip,2024-02-08 17:06:00,2024-02-08T22:06:17+00:00,traffic-triggers-output,,,,,0,0,trigger_outputs
0045,Training Data 2.zip,2024-02-08 17:06:00,2024-02-08T22:06:17+00:00,traffic-triggers-output,,,,,0,0,trigger_outputs
0045,Training Data 2.zip,2024-02-08 17:06:00,2024-02-08T22:06:17+00:00,traffic-triggers-output,,,,,0,0,trigger_outputs
0045,Training Data 2.zip,2024-02-08 17:06:00,2024-02-08T22:06:17+00:00,traffic-triggers-output,,,,,0,0,trigger_outputs
0045,Training Data 2.zip,2024-02-08 17:06:00,2024-02-08T22:06:17+00:00,traffic-triggers-output,,,,,0,0,trigger_outputs
0045,Training Data 2.zip,2024-02-08 17:06:00,2024-02-08T22:06:17+00:00,traffic-triggers-output,,,,,0,0,trigger_outputs
0045,Training Data 2.zip,2024-02-08 17:06:00,2024-02-08T22:06:17+00:00,traffic-triggers-output,,,,,0,0,trigger_outputs
0045,Training Data 2.zip,2024-02-08 17:06:00,2024-02-08T22:06:17+00:00,traffic-triggers-output,,,,,0,0,trigger_outputs
0045,Training Data 2.zip,2024-02-08 17:06:00,2024-02-08T22:06:17+00:00,traffic-triggers-output,,,,,0,0,trigger_outputs
0045,Training Data 2.zip,2024-02-08 17:06:00,2024-02-08T22:06:17+00:00,traffic-triggers-output,,,,,0,0,trigger_outputs
0045,Training Data 2.zip,2024-02-08 17:06:00,2024-02-08T22:06:17+00:00,traffic-triggers-output,,,,,0,0,trigger_outputs
0045,Training Data 2.zip,2024-02-08 17:06:00,2024-02-08T22:06:17+00:00,traffic-triggers-output,,,,,0,0,trigger_outputs
0045,Training Data 2.zip,2024-02-08 17:06:00,2024-02-08T22:06:17+00:00,traffic-triggers-output,,,,,0,0,trigger_outputs
0045,Training Data 2.zip,2024-02-08 17:06:00,2024-02-08T22:06:17+00:00,traffic-triggers-output,,,,,0,0,trigger_outputs
0045,Training Data 2.zip,2024-02-08 17:06:00,2024-02-08T22:06:17+00:00,traffic-triggers-output,,,,,0,0,trigger_outputs
0045,Training Data 2.zip,2024-02-08 17:06:00,2024-02-08T22:06:17+00:00,traffic-triggers-output,,,,,0,0,trigger_outputs
0045,Training Data 2.zip,2024-02-08 17:06:00,2024-02-08T22:06:17+00:00,traffic-triggers-output,,,,,0,0,trigger_outputs
0045,Training Data 2.zip,2024-02-08 17:06:00,2024-02-08T22:06:17+00:00,traffic-triggers-output,,,,,0,0,trigger_outputs
0045,Training Data 2.zip,2024-02-08 17:06:00,2024-02-08T22:06:17+00:00,traffic-triggers-output,,,,,0,0,trigger_outputs
0045,Training Data 2.zip,2024-02-08 17:06:00,2024-02-08T22:06:17+00:00,traffic-triggers-output,,,,,0,0,trigger_outputs
0045,Training Data 2.zip,2024-02-08 17:06:00,2024-02-08T22:06:17+00:00,traffic-triggers-output,,,,,0,0,trigger_outputs
0045,Training Data 2.zip,2024-02-08 17:06:00,2024-02-08T22:06:17+00:00,traffic-triggers-output,,,,,0,0,trigger_outputs
0045,Training Data 2.zip,2024-02-08 17:06:00,2024-02-08T22:06:17+00:00,traffic-triggers-output,,,,,0,0,trigger_outputs
0045,Training Data 2.zip,2024-02-08 17:06:00,2024-02-08T22:06:17+00:00,traffic-triggers-output,,,,,0,0,trigger_outputs
0045,Training Data 2.zip,2024-02-08 17:06:00,2024-02-08T22:06:17+00:00,traffic-triggers-output,,,,,0,0,trigger_outputs
0045,Training Data 2.zip,2024-02-08 17:06:00,2024-02-08T22:06:17+00:00,traffic-triggers-output,,,,,0,0,trigger_outputs
0045,Training Data 2.zip,2024-02-08 17:06:00,2024-02-08T22:06:17+00:00,traffic-triggers-output,,,,,0,0,trigger_outputs
0045,Training Data 2.zip,2024-02-08 17:06:00,2024-02-08T22:06:17+00:00,traffic-triggers-output,,,,,0,0,trigger_outputs
0045,Training Data 2.zip,2024-02-08 17:06:00,2024-02-08T22:06:17+00:00,traffic-triggers-output,,,,,0,0,trigger_outputs
0045,Training Data 2.zip,2024-02-08 17:06:00,2024-02-08T22:06:17+00:00,traffic-triggers-output,,,,,0,0,trigger_outputs
0045,Training Data 2.zip,2024-02-08 17:06:00,2024-02-08T22:06:17+00:00,traffic-triggers-output,,,,,0,0,trigger_outputs
0045,Training Data 2.zip,2024-02-08 17:06:00,2024-02-08T22:06:17+00:00,traffic-triggers-output,,,,,0,0,trigger_outputs
0045,Training Data 2.zip,2024-02-08 17:06:00,2024-02-08T22:06:17+00:00,traffic-triggers-output,,,,,0,0,trigger_outputs
0045,Training Data 2.zip,2024-02-08 17:06:00,2024-02-08T22:06:18+00:00,traffic-triggers-output,,,,,0,0,trigger_outputs
0045,Training Data 2.zip,2024-02-08 17:06:00,2024-02-08T22:06:18+00:00,traffic-triggers-output,,,,,0,0,trigger_outputs
0045,Training Data 2.zip,2024-02-08 17:06:00,2024-02-08T22:06:18+00:00,traffic-triggers-output,,,,,0,0,trigger_outputs
0045,Training Data 2.zip,2024-02-08 17:06:01,2024-02-08T22:06:18+00:00,traffic-triggers-output,,,,,0,0,trigger_outputs
0045,Training Data 2.zip,2024-02-08 17:06:01,2024-02-08T22:06:18+00:00,traffic-triggers-output,,,,,0,0,trigger_outputs
0045,Training Data 2.zip,2024-02-08 17:06:01,2024-02-08T22:06:18+00:00,traffic-triggers-output,,,,,0,0,trigger_outputs
0045,Training Data 2.zip,2024-02-08 17:06:01,2024-02-08T22:06:18+00:00,traffic-triggers-output,,,,,0,0,trigger_outputs
0045,Training Data 2.zip,2024-02-08 17:06:01,2024-02-08T22:06:18+00:00,traffic-triggers-output,,,,,0,0,trigger_outputs
0045,Training Data 2.zip,2024-02-08 17:06:01,2024-02-08T22:06:18+00:00,traffic-triggers-output,,,,,0,0,trigger_outputs
0045,Training Data 2.zip,2024-02-08 17:06:01,2024-02-08T22:06:18+00:00,traffic-triggers-output,,,,,0,0,trigger_outputs
0045,Training Data 2.zip,2024-02-08 17:06:01,2024-02-08T22:06:18+00:00,traffic-triggers-output,,,,,0,0,trigger_outputs
0045,Training Data 2.zip,2024-02-08 17:06:01,2024-02-08T22:06:18+00:00,traffic-triggers-output,,,,,0,0,trigger_outputs
0045,Training Data 2.zip,2024-02-08 17:06:01,2024-02-08T22:06:18+00:00,traffic-triggers-output,,,,,0,0,trigger_outputs
0045,Training Data 2.zip,2024-02-08 17:06:01,2024-02-08T22:06:18+00:00,traffic-triggers-output,,,,,0,0,trigger_outputs
0045,Training Data 2.zip,2024-02-08 17:06:01,2024-02-08T22:06:18+00:00,traffic-triggers-output,,,,,0,0,trigger_outputs
0045,Training Data 2.zip,2024-02-08 17:06:01,2024-02-08T22:06:18+00:00,traffic-triggers-output,,,,,0,0,trigger_outputs
0045,Training Data 2.zip,2024-02-08 17:06:01,2024-02-08T22:06:18+00:00,traffic-triggers-output,,,,,0,0,trigger_outputs
0045,Training Data 2.zip,2024-02-08 17:06:01,2024-02-08T22:06:18+00:00,traffic-triggers-output,,,,,0,0,trigger_outputs
0045,Training Data 2.zip,2024-02-08 17:06:01,2024-02-08T22:06:18+00:00,traffic-triggers-output,,,,,0,0,trigger_outputs
0045,Training Data 2.zip,2024-02-08 17:06:01,2024-02-08T22:06:18+00:00,traffic-triggers-output,,,,,0,0,trigger_outputs
0045,Training Data 2.zip,2024-02-08 17:06:01,2024-02-08T22:06:18+00:00,traffic-triggers-output,,,,,0,0,trigger_outputs
0045,Training Data 2.zip,2024-02-08 17:06:01,2024-02-08T22:06:18+00:00,traffic-triggers-output,,,,,0,0,trigger_outputs
0045,Training Data 2.zip,2024-02-08 17:06:01,2024-02-08T22:06:18+00:00,traffic-triggers-output,,,,,0,0,trigger_outputs
0045,Training Data 2.zip,2024-02-08 17:06:01,2024-02-08T22:06:18+00:00,traffic-triggers-output,,,,,0,0,trigger_outputs
0045,Training Data 2.zip,2024-02-08 17:06:01,2024-02-08T22:06:18+00:00,traffic-triggers-output,,,,,0,0,trigger_outputs
0045,Training Data 2.zip,2024-02-08 17:06:01,2024-02-08T22:06:18+00:00,traffic-triggers-output,,,,,0,0,trigger_outputs
0045,Training Data 2.zip,2024-02-08 17:06:01,2024-02-08T22:06:18+00:00,traffic-triggers-output,,,,,0,0,trigger_outputs
0045,Training Data 2.zip,2024-02-08 17:06:01,2024-02-08T22:06:18+00:00,traffic-triggers-output,,,,,0,0,trigger_outputs
0045,Training Data 2.zip,2024-02-08 17:06:01,2024-02-08T22:06:18+00:00,traffic-triggers-output,,,,,0,0,trigger_outputs
0045,Training Data 2.zip,2024-02-08 17:06:01,2024-02-08T22:06:18+00:00,traffic-triggers-output,,,,,0,0,trigger_outputs
0045,Training Data 2.zip,2024-02-08 17:06:01,2024-02-08T22:06:18+00:00,traffic-triggers-output,,,,,0,0,trigger_outputs
0045,Training Data 2.zip,2024-02-08 17:06:01,2024-02-08T22:06:18+00:00,traffic-triggers-output,,,,,0,0,trigger_outputs
0045,Training Data 2.zip,2024-02-08 17:06:01,2024-02-08T22:06:18+00:00,traffic-triggers-output,,,,,0,0,trigger_outputs
0045,Training Data 2.zip,2024-02-08 17:06:01,2024-02-08T22:06:18+00:00,traffic-triggers-output,,,,,0,0,trigger_outputs
0045,Training Data 2.zip,2024-02-08 17:06:01,2024-02-08T22:06:18+00:00,traffic-triggers-output,,,,,0,0,trigger_outputs
0045,Training Data 2.zip,2024-02-08 17:06:01,2024-02-08T22:06:18+00:00,traffic-triggers-output,,,,,0,0,trigger_outputs
0045,Training Data 2.zip,2024-02-08 17:06:01,2024-02-08T22:06:18+00:00,traffic-triggers-output,,,,,0,0,trigger_outputs
0045,Training Data 2.zip,2024-02-08 17:06:01,2024-02-08T22:06:18+00:00,traffic-triggers-output,,,,,0,0,trigger_outputs
0045,Training Data 2.zip,2024-02-08 17:06:01,2024-02-08T22:06:18+00:00,traffic-triggers-output,,,,,0,0,trigger_outputs
0045,Training Data 2.zip,2024-02-08 17:06:01,2024-02-08T22:06:18+00:00,traffic-triggers-output,,,,,0,0,trigger_outputs
0045,Training Data 2.zip,2024-02-08 17:06:01,2024-02-08T22:06:19+00:00,traffic-triggers-output,,,,,0,0,trigger_outputs
0045,Training Data 2.zip,2024-02-08 17:06:01,2024-02-08T22:06:19+00:00,traffic-triggers-output,,,,,0,0,trigger_outputs
0045,Training Data 2.zip,2024-02-08 17:06:01,2024-02-08T22:06:19+00:00,traffic-triggers-output,,,,,0,0,trigger_outputs
0045,Training Data 2.zip,2024-02-08 17:06:02,2024-02-08T22:06:19+00:00,traffic-triggers-output,,,,,0,0,trigger_outputs
0045,Training Data 2.zip,2024-02-08 17:06:02,2024-02-08T22:06:19+00:00,traffic-triggers-output,,,,,0,0,trigger_outputs
0045,Training Data 2.zip,2024-02-08 17:06:02,2024-02-08T22:06:19+00:00,traffic-triggers-output,,,,,0,0,trigger_outputs
0001,Training Data 3.zip,2024-02-27 20:39:07,2024-02-28T01:50:50+00:00,traffic-triggers-output,,,,,0,0,trigger_outputs
0001,Training Data 3.zip,2024-02-27 20:39:07,2024-02-28T01:50:50+00:00,traffic-triggers-output,,,,,0,0,trigger_outputs
0001,Training Data 3.zip,2024-02-27 20:39:07,2024-02-28T01:50:50+00:00,traffic-triggers-output,,,,,0,0,trigger_outputs
0001,Training Data 3.zip,2024-02-27 20:39:07,2024-02-28T01:50:50+00:00,traffic-triggers-output,,,,,0,0,trigger_outputs
0001,Training Data 3.zip,2024-02-27 20:39:07,2024-02-28T01:50:50+00:00,traffic-triggers-output,,,,,0,0,trigger_outputs
0001,Training Data 3.zip,2024-02-27 20:39:07,2024-02-28T01:50:50+00:00,traffic-triggers-output,,,,,0,0,trigger_outputs
0001,Training Data 3.zip,2024-02-27 20:39:07,2024-02-28T01:50:50+00:00,traffic-triggers-output,,,,,0,0,trigger_outputs
0001,Training Data 3.zip,2024-02-27 20:39:07,2024-02-28T01:50:50+00:00,traffic-triggers-output,,,,,0,0,trigger_outputs
0001,Training Data 3.zip,2024-02-27 20:39:07,2024-02-28T01:50:50+00:00,traffic-triggers-output,,,,,0,0,trigger_outputs
0001,Training Data 3.zip,2024-02-27 20:39:07,2024-02-28T01:50:50+00:00,traffic-triggers-output,,,,,0,0,trigger_outputs
0001,Training Data 3.zip,2024-02-27 20:39:07,2024-02-28T01:50:50+00:00,traffic-triggers-output,,,,,0,0,trigger_outputs
0001,Training Data 3.zip,2024-02-27 20:39:07,2024-02-28T01:50:50+00:00,traffic-triggers-output,,,,,0,0,trigger_outputs
0001,Training Data 3.zip,2024-02-27 20:39:07,2024-02-28T01:50:50+00:00,traffic-triggers-output,,,,,0,0,trigger_outputs
0001,Training Data 3.zip,2024-02-27 20:39:07,2024-02-28T01:50:50+00:00,traffic-triggers-output,,,,,0,0,trigger_outputs
0001,Training Data 3.zip,2024-02-27 20:39:07,2024-02-28T01:50:50+00:00,traffic-triggers-output,,,,,0,0,trigger_outputs
0001,Training Data 3.zip,2024-02-27 20:39:07,2024-02-28T01:50:50+00:00,traffic-triggers-output,,,,,0,0,trigger_outputs
0001,Training Data 3.zip,2024-02-27 20:39:07,2024-02-28T01:50:50+00:00,traffic-triggers-output,,,,,0,0,trigger_outputs
0001,Training Data 3.zip,2024-02-27 20:39:07,2024-02-28T01:50:50+00:00,traffic-triggers-output,,,,,0,0,trigger_outputs
0001,Training Data 3.zip,2024-02-27 20:39:08,2024-02-28T01:50:50+00:00,traffic-triggers-output,,,,,0,0,trigger_outputs
0001,Training Data 3.zip,2024-02-27 20:39:08,2024-02-28T01:50:50+00:00,traffic-triggers-output,,,,,0,0,trigger_outputs
0001,Training Data 3.zip,2024-02-27 20:39:08,2024-02-28T01:50:50+00:00,traffic-triggers-output,,,,,0,0,trigger_outputs
0001,Training Data 3.zip,2024-02-27 20:39:08,2024-02-28T01:50:50+00:00,traffic-triggers-output,,,,,0,0,trigger_outputs
0001,Training Data 3.zip,2024-02-27 20:39:08,2024-02-28T01:50:50+00:00,traffic-triggers-output,,,,,0,0,trigger_outputs
0001,Training Data 3.zip,2024-02-27 20:39:08,2024-02-28T01:50:50+00:00,traffic-triggers-output,,,,,0,0,trigger_outputs
0001,Training Data 3.zip,2024-02-27 20:39:08,2024-02-28T01:50:50+00:00,traffic-triggers-output,,,,,0,0,trigger_outputs
0001,Training Data 3.zip,2024-02-27 20:39:08,2024-02-28T01:50:51+00:00,traffic-triggers-output,,,,,0,0,trigger_outputs
0001,Training Data 3.zip,2024-02-27 20:39:08,2024-02-28T01:50:51+00:00,traffic-triggers-output,,,,,0,0,trigger_outputs
0001,Training Data 3.zip,2024-02-27 20:39:08,2024-02-28T01:50:51+00:00,traffic-triggers-output,,,,,0,0,trigger_outputs
0001,Training Data 3.zip,2024-02-27 20:39:08,2024-02-28T01:50:51+00:00,traffic-triggers-output,,,,,0,0,trigger_outputs
0001,Training Data 3.zip,2024-02-27 20:39:08,2024-02-28T01:50:51+00:00,traffic-triggers-output,,,,,0,0,trigger_outputs
0001,Training Data 3.zip,2024-02-27 20:39:08,2024-02-28T01:50:51+00:00,traffic-triggers-output,,,,,0,0,trigger_outputs
0001,Training Data 3.zip,2024-02-27 20:39:08,2024-02-28T01:50:51+00:00,traffic-triggers-output,,,,,0,0,trigger_outputs
0001,Training Data 3.zip,2024-02-27 20:39:08,2024-02-28T01:50:51+00:00,traffic-triggers-output,,,,,0,0,trigger_outputs
0001,Training Data 3.zip,2024-02-27 20:39:08,2024-02-28T01:50:51+00:00,traffic-triggers-output,,,,,0,0,trigger_outputs
0001,Training Data 3.zip,2024-02-27 20:39:08,2024-02-28T01:50:51+00:00,traffic-triggers-output,,,,,0,0,trigger_outputs
0001,Training Data 3.zip,2024-02-27 20:39:08,2024-02-28T01:50:51+00:00,traffic-triggers-output,,,,,0,0,trigger_outputs
0001,Training Data 3.zip,2024-02-27 20:39:08,2024-02-28T01:50:51+00:00,traffic-triggers-output,,,,,0,0,trigger_outputs
0001,Training Data 3.zip,2024-02-27 20:39:08,2024-02-28T01:50:51+00:00,traffic-triggers-output,,,,,0,0,trigger_outputs
0001,Training Data 3.zip,2024-02-27 20:39:08,2024-02-28T01:50:51+00:00,traffic-triggers-output,,,,,0,0,trigger_outputs
0001,Training Data 3.zip,2024-02-27 20:39:08,2024-02-28T01:50:51+00:00,traffic-triggers-output,,,,,0,0,trigger_outputs
0001,Training Data 3.zip,2024-02-27 20:39:08,2024-02-28T01:50:51+00:00,traffic-triggers-output,,,,,0,0,trigger_outputs
0001,Training Data 3.zip,2024-02-27 20:39:08,2024-02-28T01:50:51+00:00,traffic-triggers-output,,,,,0,0,trigger_outputs
0001,Training Data 3.zip,2024-02-27 20:39:08,2024-02-28T01:50:51+00:00,traffic-triggers-output,,,,,0,0,trigger_outputs
0001,Training Data 3.zip,2024-02-27 20:39:08,2024-02-28T01:50:51+00:00,traffic-triggers-output,,,,,0,0,trigger_outputs
0001,Training Data 3.zip,2024-02-27 20:39:08,2024-02-28T01:50:51+00:00,traffic-triggers-output,,,,,0,0,trigger_outputs
0001,Training Data 3.zip,2024-02-27 20:39:08,2024-02-28T01:50:51+00:00,traffic-triggers-output,,,,,0,0,trigger_outputs
0001,Training Data 3.zip,2024-02-27 20:39:08,2024-02-28T01:50:51+00:00,traffic-triggers-output,,,,,0,0,trigger_outputs
0001,Training Data 3.zip,2024-02-27 20:39:08,2024-02-28T01:50:51+00:00,traffic-triggers-output,,,,,0,0,trigger_outputs
0001,Training Data 3.zip,2024-02-27 20:39:08,2024-02-28T01:50:51+00:00,traffic-triggers-output,,,,,0,0,trigger_outputs
0001,Training Data 3.zip,2024-02-27 20:39:08,2024-02-28T01:50:51+00:00,traffic-triggers-output,,,,,0,0,trigger_outputs
0001,Training Data 3.zip,2024-02-27 20:39:08,2024-02-28T01:50:51+00:00,traffic-triggers-output,,,,,0,0,trigger_outputs
0001,Training Data 3.zip,2024-02-27 20:39:08,2024-02-28T01:50:51+00:00,traffic-triggers-output,,,,,0,0,trigger_outputs
0001,Training Data 3.zip,2024-02-27 20:39:08,2024-02-28T01:50:51+00:00,traffic-triggers-output,,,,,0,0,trigger_outputs
0001,Training Data 3.zip,2024-02-27 20:39:08,2024-02-28T01:50:51+00:00,traffic-triggers-output,,,,,0,0,trigger_outputs
0001,Training Data 3.zip,2024-02-27 20:39:08,2024-02-28T01:50:51+00:00,traffic-triggers-output,,,,,0,0,trigger_outputs
0001,Training Data 3.zip,2024-02-27 20:39:08,2024-02-28T01:50:51+00:00,traffic-triggers-output,,,,,0,0,trigger_outputs
0001,Training Data 3.zip,2024-02-27 20:39:08,2024-02-28T01:50:51+00:00,traffic-triggers-output,,,,,0,0,trigger_outputs
0001,Training Data 3.zip,2024-02-27 20:39:08,2024-02-28T01:50:51+00:00,traffic-triggers-output,,,,,0,0,trigger_outputs
0001,Training Data 3.zip,2024-02-27 20:39:09,2024-02-28T01:50:51+00:00,traffic-triggers-output,,,,,0,0,trigger_outputs
0001,Training Data 3.zip,2024-02-27 20:39:09,2024-02-28T01:50:51+00:00,traffic-triggers-output,,,,,0,0,trigger_outputs
0001,Training Data 3.zip,2024-02-27 20:39:09,2024-02-28T01:50:51+00:00,traffic-triggers-output,,,,,0,0,trigger_outputs
0001,Training Data 3.zip,2024-02-27 20:39:09,2024-02-28T01:50:51+00:00,traffic-triggers-output,,,,,0,0,trigger_outputs
0001,Training Data 3.zip,2024-02-27 20:39:09,2024-02-28T01:50:51+00:00,traffic-triggers-output,,,,,0,0,trigger_outputs
0001,Training Data 3.zip,2024-02-27 20:39:09,2024-02-28T01:50:51+00:00,traffic-triggers-output,,,,,0,0,trigger_outputs
0001,Training Data 3.zip,2024-02-27 20:39:09,2024-02-28T01:50:51+00:00,traffic-triggers-output,,,,,0,0,trigger_outputs
0001,Training Data 3.zip,2024-02-27 20:39:09,2024-02-28T01:50:52+00:00,traffic-triggers-output,,,,,0,0,trigger_outputs
0001,Training Data 3.zip,2024-02-27 20:39:09,2024-02-28T01:50:52+00:00,traffic-triggers-output,,,,,0,0,trigger_outputs
0001,Training Data 3.zip,2024-02-27 20:39:09,2024-02-28T01:50:52+00:00,traffic-triggers-output,,,,,0,0,trigger_outputs
0001,Training Data 3.zip,2024-02-27 20:39:09,2024-02-28T01:50:52+00:00,traffic-triggers-output,,,,,0,0,trigger_outputs
0001,Training Data 3.zip,2024-02-27 20:39:09,2024-02-28T01:50:52+00:00,traffic-triggers-output,,,,,0,0,trigger_outputs
0001,Training Data 3.zip,2024-02-27 20:39:09,2024-02-28T01:50:52+00:00,traffic-triggers-output,,,,,0,0,trigger_outputs
0001,Training Data 3.zip,2024-02-27 20:39:09,2024-02-28T01:50:52+00:00,traffic-triggers-output,,,,,0,0,trigger_outputs
0001,Training Data 3.zip,2024-02-27 20:39:09,2024-02-28T01:50:52+00:00,traffic-triggers-output,,,,,0,0,trigger_outputs
0001,Training Data 3.zip,2024-02-27 20:39:09,2024-02-28T01:50:52+00:00,traffic-triggers-output,,,,,0,0,trigger_outputs
0001,Training Data 3.zip,2024-02-27 20:39:09,2024-02-28T01:50:52+00:00,traffic-triggers-output,,,,,0,0,trigger_outputs
0001,Training Data 3.zip,2024-02-27 20:39:09,2024-02-28T01:50:52+00:00,traffic-triggers-output,,,,,0,0,trigger_outputs
0001,Training Data 3.zip,2024-02-27 20:39:09,2024-02-28T01:50:52+00:00,traffic-triggers-output,,,,,0,0,trigger_outputs
0001,Training Data 3.zip,2024-02-27 20:39:09,2024-02-28T01:50:52+00:00,traffic-triggers-output,,,,,0,0,trigger_outputs
0001,Training Data 3.zip,2024-02-27 20:39:09,2024-02-28T01:50:52+00:00,traffic-triggers-output,,,,,0,0,trigger_outputs
0001,Training Data 3.zip,2024-02-27 20:39:09,2024-02-28T01:50:52+00:00,traffic-triggers-output,,,,,0,0,trigger_outputs
0001,Training Data 3.zip,2024-02-27 20:39:09,2024-02-28T01:50:52+00:00,traffic-triggers-output,,,,,0,0,trigger_outputs
0001,Training Data 3.zip,2024-02-27 20:39:09,2024-02-28T01:50:52+00:00,traffic-triggers-output,,,,,0,0,trigger_outputs
0001,Training Data 3.zip,2024-02-27 20:39:09,2024-02-28T01:50:52+00:00,traffic-triggers-output,,,,,0,0,trigger_outputs
0001,Training Data 3.zip,2024-02-27 20:39:09,2024-02-28T01:50:52+00:00,traffic-triggers-output,,,,,0,0,trigger_outputs
0001,Training Data 3.zip,2024-02-27 20:39:09,2024-02-28T01:50:52+00:00,traffic-triggers-output,,,,,0,0,trigger_outputs
0001,Training Data 3.zip,2024-02-27 20:39:09,2024-02-28T01:50:52+00:00,traffic-triggers-output,,,,,0,0,trigger_outputs
0001,Training Data 3.zip,2024-02-27 20:39:09,2024-02-28T01:50:52+00:00,traffic-triggers-output,,,,,0,0,trigger_outputs
0001,Training Data 3.zip,2024-02-27 20:39:09,2024-02-28T01:50:52+00:00,traffic-triggers-output,,,,,0,0,trigger_outputs
0001,Training Data 3.zip,2024-02-27 20:39:09,2024-02-28T01:50:52+00:00,traffic-triggers-output,,,,,0,0,trigger_outputs
0001,Training Data 3.zip,2024-02-27 20:39:09,2024-02-28T01:50:52+00:00,traffic-triggers-output,,,,,0,0,trigger_outputs
0001,Training Data 3.zip,2024-02-27 20:39:09,2024-02-28T01:50:52+00:00,traffic-triggers-output,,,,,0,0,trigger_outputs
0001,Training Data 3.zip,2024-02-27 20:39:09,2024-02-28T01:50:52+00:00,traffic-triggers-output,,,,,0,0,trigger_outputs
0001,Training Data 3.zip,2024-02-27 20:39:09,2024-02-28T01:50:52+00:00,traffic-triggers-output,,,,,0,0,trigger_outputs
0001,Training Data 3.zip,2024-02-27 20:39:09,2024-02-28T01:50:52+00:00,traffic-triggers-output,,,,,0,0,trigger_outputs
0001,Training Data 3.zip,2024-02-27 20:39:09,2024-02-28T01:50:52+00:00,traffic-triggers-output,,,,,0,0,trigger_outputs
0001,Training Data 3.zip,2024-02-27 20:39:09,2024-02-28T01:50:52+00:00,traffic-triggers-output,,,,,0,0,trigger_outputs
0001,Training Data 3.zip,2024-02-27 20:39:09,2024-02-28T01:50:52+00:00,traffic-triggers-output,,,,,0,0,trigger_outputs
0001,Training Data 3.zip,2024-02-27 20:39:09,2024-02-28T01:50:52+00:00,traffic-triggers-output,,,,,0,0,trigger_outputs
0001,Training Data 3.zip,2024-02-27 20:39:10,2024-02-28T01:50:52+00:00,traffic-triggers-output,,,,,0,0,trigger_outputs
0001,Training Data 3.zip,2024-02-27 20:39:10,2024-02-28T01:50:52+00:00,traffic-triggers-output,,,,,0,0,trigger_outputs
0001,Training Data 3.zip,2024-02-27 20:39:10,2024-02-28T01:50:52+00:00,traffic-triggers-output,,,,,0,0,trigger_outputs
0001,Training Data 3.zip,2024-02-27 20:39:10,2024-02-28T01:50:52+00:00,traffic-triggers-output,,,,,0,0,trigger_outputs
0001,Training Data 3.zip,2024-02-27 20:39:10,2024-02-28T01:50:52+00:00,traffic-triggers-output,,,,,0,0,trigger_outputs
0001,Training Data 3.zip,2024-02-27 20:39:10,2024-02-28T01:50:52+00:00,traffic-triggers-output,,,,,0,0,trigger_outputs
0001,Training Data 3.zip,2024-02-27 20:39:10,2024-02-28T01:50:52+00:00,traffic-triggers-output,,,,,0,0,trigger_outputs
0001,Training Data 3.zip,2024-02-27 20:39:10,2024-02-28T01:50:53+00:00,traffic-triggers-output,,,,,0,0,trigger_outputs
0001,Training Data 3.zip,2024-02-27 20:39:10,2024-02-28T01:50:53+00:00,traffic-triggers-output,,,,,0,0,trigger_outputs
0001,Training Data 3.zip,2024-02-27 20:39:10,2024-02-28T01:50:53+00:00,traffic-triggers-output,,,,,0,0,trigger_outputs
0001,Training Data 3.zip,2024-02-27 20:39:10,2024-02-28T01:50:53+00:00,traffic-triggers-output,,,,,0,0,trigger_outputs
0001,Training Data 3.zip,2024-02-27 20:39:10,2024-02-28T01:50:53+00:00,traffic-triggers-output,,,,,0,0,trigger_outputs
0001,Training Data 3.zip,2024-02-27 20:39:10,2024-02-28T01:50:53+00:00,traffic-triggers-output,,,,,0,0,trigger_outputs
0001,Training Data 3.zip,2024-02-27 20:39:10,2024-02-28T01:50:53+00:00,traffic-triggers-output,,,,,0,0,trigger_outputs
0001,Training Data 3.zip,2024-02-27 20:39:10,2024-02-28T01:50:53+00:00,traffic-triggers-output,,,,,0,0,trigger_outputs
0001,Training Data 3.zip,2024-02-27 20:39:10,2024-02-28T01:50:53+00:00,traffic-triggers-output,,,,,0,0,trigger_outputs
0001,Training Data 3.zip,2024-02-27 20:39:10,2024-02-28T01:50:53+00:00,traffic-triggers-output,,,,,0,0,trigger_outputs
0001,Training Data 3.zip,2024-02-27 20:39:10,2024-02-28T01:50:53+00:00,traffic-triggers-output,,,,,0,0,trigger_outputs
0001,Training Data 3.zip,2024-02-27 20:39:10,2024-02-28T01:50:53+00:00,traffic-triggers-output,,,,,0,0,trigger_outputs
0001,Training Data 3.zip,2024-02-27 20:39:10,2024-02-28T01:50:53+00:00,traffic-triggers-output,,,,,0,0,trigger_outputs
0001,Training Data 3.zip,2024-02-27 20:39:10,2024-02-28T01:50:53+00:00,traffic-triggers-output,,,,,0,0,trigger_outputs
0001,Training Data 3.zip,2024-02-27 20:39:10,2024-02-28T01:50:53+00:00,traffic-triggers-output,,,,,0,0,trigger_outputs
0001,Training Data 3.zip,2024-02-27 20:39:10,2024-02-28T01:50:53+00:00,traffic-triggers-output,,,,,0,0,trigger_outputs
0001,Training Data 3.zip,2024-02-27 20:39:10,2024-02-28T01:50:53+00:00,traffic-triggers-output,,,,,0,0,trigger_outputs
0001,Training Data 3.zip,2024-02-27 20:39:10,2024-02-28T01:50:53+00:00,traffic-triggers-output,,,,,0,0,trigger_outputs
0001,Training Data 3.zip,2024-02-27 20:39:10,2024-02-28T01:50:53+00:00,traffic-triggers-output,,,,,0,0,trigger_outputs
0001,Training Data 3.zip,2024-02-27 20:39:10,2024-02-28T01:50:53+00:00,traffic-triggers-output,,,,,0,0,trigger_outputs
0001,Training Data 3.zip,2024-02-27 20:39:10,2024-02-28T01:50:53+00:00,traffic-triggers-output,,,,,0,0,trigger_outputs
0001,Training Data 3.zip,2024-02-27 20:39:10,2024-02-28T01:50:53+00:00,traffic-triggers-output,,,,,0,0,trigger_outputs
0001,Training Data 3.zip,2024-02-27 20:39:10,2024-02-28T01:50:53+00:00,traffic-triggers-output,,,,,0,0,trigger_outputs
0001,Training Data 3.zip,2024-02-27 20:39:10,2024-02-28T01:50:53+00:00,traffic-triggers-output,,,,,0,0,trigger_outputs
0001,Training Data 3.zip,2024-02-27 20:39:10,2024-02-28T01:50:53+00:00,traffic-triggers-output,,,,,0,0,trigger_outputs
0001,Training Data 3.zip,2024-02-27 20:39:10,2024-02-28T01:50:53+00:00,traffic-triggers-output,,,,,0,0,trigger_outputs
0001,Training Data 3.zip,2024-02-27 20:39:10,2024-02-28T01:50:53+00:00,traffic-triggers-output,,,,,0,0,trigger_outputs
0001,Training Data 3.zip,2024-02-27 20:39:10,2024-02-28T01:50:53+00:00,traffic-triggers-output,,,,,0,0,trigger_outputs
0001,Training Data 3.zip,2024-02-27 20:39:10,2024-02-28T01:50:53+00:00,traffic-triggers-output,,,,,0,0,trigger_outputs
0001,Training Data 3.zip,2024-02-27 20:39:10,2024-02-28T01:50:53+00:00,traffic-triggers-output,,,,,0,0,trigger_outputs
0001,Training Data 3.zip,2024-02-27 20:39:10,2024-02-28T01:50:53+00:00,traffic-triggers-output,,,,,0,0,trigger_outputs
0001,Training Data 3.zip,2024-02-27 20:39:10,2024-02-28T01:50:53+00:00,traffic-triggers-output,,,,,0,0,trigger_outputs
0001,Training Data 3.zip,2024-02-27 20:39:10,2024-02-28T01:50:53+00:00,traffic-triggers-output,,,,,0,0,trigger_outputs
0001,Training Data 3.zip,2024-02-27 20:39:11,2024-02-28T01:50:53+00:00,traffic-triggers-output,,,,,0,0,trigger_outputs
0001,Training Data 3.zip,2024-02-27 20:39:11,2024-02-28T01:50:53+00:00,traffic-triggers-output,,,,,0,0,trigger_outputs
0001,Training Data 3.zip,2024-02-27 20:39:11,2024-02-28T01:50:53+00:00,traffic-triggers-output,,,,,0,0,trigger_outputs
0001,Training Data 3.zip,2024-02-27 20:39:11,2024-02-28T01:50:53+00:00,traffic-triggers-output,,,,,0,0,trigger_outputs
0001,Training Data 3.zip,2024-02-27 20:39:11,2024-02-28T01:50:53+00:00,traffic-triggers-output,,,,,0,0,trigger_outputs
0001,Training Data 3.zip,2024-02-27 20:39:11,2024-02-28T01:50:53+00:00,traffic-triggers-output,,,,,0,0,trigger_outputs
0001,Training Data 3.zip,2024-02-27 20:39:11,2024-02-28T01:50:53+00:00,traffic-triggers-output,,,,,0,0,trigger_outputs
0001,Training Data 3.zip,2024-02-27 20:39:11,2024-02-28T01:50:54+00:00,traffic-triggers-output,,,,,0,0,trigger_outputs
0001,Training Data 3.zip,2024-02-27 20:39:11,2024-02-28T01:50:54+00:00,traffic-triggers-output,,,,,0,0,trigger_outputs
0001,Training Data 3.zip,2024-02-27 20:39:11,2024-02-28T01:50:54+00:00,traffic-triggers-output,,,,,0,0,trigger_outputs
0001,Training Data 3.zip,2024-02-27 20:39:11,2024-02-28T01:50:54+00:00,traffic-triggers-output,,,,,0,0,trigger_outputs
0001,Training Data 3.zip,2024-02-27 20:39:11,2024-02-28T01:50:54+00:00,traffic-triggers-output,,,,,0,0,trigger_outputs
0001,Training Data 3.zip,2024-02-27 20:39:11,2024-02-28T01:50:54+00:00,traffic-triggers-output,,,,,0,0,trigger_outputs
0001,Training Data 3.zip,2024-02-27 20:39:11,2024-02-28T01:50:54+00:00,traffic-triggers-output,,,,,0,0,trigger_outputs
0001,Training Data 3.zip,2024-02-27 20:39:11,2024-02-28T01:50:54+00:00,traffic-triggers-output,,,,,0,0,trigger_outputs
0001,Training Data 3.zip,2024-02-27 20:39:11,2024-02-28T01:50:54+00:00,traffic-triggers-output,,,,,0,0,trigger_outputs
0001,Training Data 3.zip,2024-02-27 20:39:11,2024-02-28T01:50:54+00:00,traffic-triggers-output,,,,,0,0,trigger_outputs
0001,Training Data 3.zip,2024-02-27 20:39:11,2024-02-28T01:50:54+00:00,traffic-triggers-output,,,,,0,0,trigger_outputs
0001,Training Data 3.zip,2024-02-27 20:39:11,2024-02-28T01:50:54+00:00,traffic-triggers-output,,,,,0,0,trigger_outputs
0001,Training Data 3.zip,2024-02-27 20:39:11,2024-02-28T01:50:54+00:00,traffic-triggers-output,,,,,0,0,trigger_outputs
0001,Training Data 3.zip,2024-02-27 20:39:11,2024-02-28T01:50:54+00:00,traffic-triggers-output,,,,,0,0,trigger_outputs
0001,Training Data 3.zip,2024-02-27 20:39:11,2024-02-28T01:50:54+00:00,traffic-triggers-output,,,,,0,0,trigger_outputs
0001,Training Data 3.zip,2024-02-27 20:39:11,2024-02-28T01:50:54+00:00,traffic-triggers-output,,,,,0,0,trigger_outputs
0001,Training Data 3.zip,2024-02-27 20:39:11,2024-02-28T01:50:54+00:00,traffic-triggers-output,,,,,0,0,trigger_outputs
0001,Training Data 3.zip,2024-02-27 20:39:11,2024-02-28T01:50:54+00:00,traffic-triggers-output,,,,,0,0,trigger_outputs
0001,Training Data 3.zip,2024-02-27 20:39:11,2024-02-28T01:50:54+00:00,traffic-triggers-output,,,,,0,0,trigger_outputs
0001,Training Data 3.zip,2024-02-27 20:39:11,2024-02-28T01:50:54+00:00,traffic-triggers-output,,,,,0,0,trigger_outputs
0001,Training Data 3.zip,2024-02-27 20:39:11,2024-02-28T01:50:54+00:00,traffic-triggers-output,,,,,0,0,trigger_outputs
0001,Training Data 3.zip,2024-02-27 20:39:11,2024-02-28T01:50:54+00:00,traffic-triggers-output,,,,,0,0,trigger_outputs
0001,Training Data 3.zip,2024-02-27 20:39:11,2024-02-28T01:50:54+00:00,traffic-triggers-output,,,,,0,0,trigger_outputs
0001,Training Data 3.zip,2024-02-27 20:39:11,2024-02-28T01:50:54+00:00,traffic-triggers-output,,,,,0,0,trigger_outputs
0001,Training Data 3.zip,2024-02-27 20:39:11,2024-02-28T01:50:54+00:00,traffic-triggers-output,,,,,0,0,trigger_outputs
0001,Training Data 3.zip,2024-02-27 20:39:11,2024-02-28T01:50:54+00:00,traffic-triggers-output,,,,,0,0,trigger_outputs
0001,Training Data 3.zip,2024-02-27 20:39:11,2024-02-28T01:50:54+00:00,traffic-triggers-output,,,,,0,0,trigger_outputs
0001,Training Data 3.zip,2024-02-27 20:39:11,2024-02-28T01:50:54+00:00,traffic-triggers-output,,,,,0,0,trigger_outputs
0001,Training Data 3.zip,2024-02-27 20:39:11,2024-02-28T01:50:54+00:00,traffic-triggers-output,,,,,0,0,trigger_outputs
0001,Training Data 3.zip,2024-02-27 20:39:11,2024-02-28T01:50:54+00:00,traffic-triggers-output,,,,,0,0,trigger_outputs
0001,Training Data 3.zip,2024-02-27 20:39:11,2024-02-28T01:50:54+00:00,traffic-triggers-output,,,,,0,0,trigger_outputs
0001,Training Data 3.zip,2024-02-27 20:39:11,2024-02-28T01:50:54+00:00,traffic-triggers-output,,,,,0,0,trigger_outputs
0001,Training Data 3.zip,2024-02-27 20:39:11,2024-02-28T01:50:54+00:00,traffic-triggers-output,,,,,0,0,trigger_outputs
0001,Training Data 3.zip,2024-02-27 20:39:12,2024-02-28T01:50:54+00:00,traffic-triggers-output,,,,,0,0,trigger_outputs
0001,Training Data 3.zip,2024-02-27 20:39:12,2024-02-28T01:50:54+00:00,traffic-triggers-output,,,,,0,0,trigger_outputs
0001,Training Data 3.zip,2024-02-27 20:39:12,2024-02-28T01:50:54+00:00,traffic-triggers-output,,,,,0,0,trigger_outputs
0001,Training Data 3.zip,2024-02-27 20:39:12,2024-02-28T01:50:54+00:00,traffic-triggers-output,,,,,0,0,trigger_outputs
0001,Training Data 3.zip,2024-02-27 20:39:12,2024-02-28T01:50:54+00:00,traffic-triggers-output,,,,,0,0,trigger_outputs
0001,Training Data 3.zip,2024-02-27 20:39:12,2024-02-28T01:50:54+00:00,traffic-triggers-output,,,,,0,0,trigger_outputs
0001,Training Data 3.zip,2024-02-27 20:39:12,2024-02-28T01:50:54+00:00,traffic-triggers-output,,,,,0,0,trigger_outputs
0001,Training Data 3.zip,2024-02-27 20:39:12,2024-02-28T01:50:55+00:00,traffic-triggers-output,,,,,0,0,trigger_outputs
0001,Training Data 3.zip,2024-02-27 20:39:12,2024-02-28T01:50:55+00:00,traffic-triggers-output,,,,,0,0,trigger_outputs
0001,Training Data 3.zip,2024-02-27 20:39:12,2024-02-28T01:50:55+00:00,traffic-triggers-output,,,,,0,0,trigger_outputs
0001,Training Data 3.zip,2024-02-27 20:39:12,2024-02-28T01:50:55+00:00,traffic-triggers-output,,,,,0,0,trigger_outputs
0001,Training Data 3.zip,2024-02-27 20:39:12,2024-02-28T01:50:55+00:00,traffic-triggers-output,,,,,0,0,trigger_outputs
0001,Training Data 3.zip,2024-02-27 20:39:12,2024-02-28T01:50:55+00:00,traffic-triggers-output,,,,,0,0,trigger_outputs
0001,Training Data 3.zip,2024-02-27 20:39:12,2024-02-28T01:50:55+00:00,traffic-triggers-output,,,,,0,0,trigger_outputs
0001,Training Data 3.zip,2024-02-27 20:39:12,2024-02-28T01:50:55+00:00,traffic-triggers-output,,,,,0,0,trigger_outputs
0001,Training Data 3.zip,2024-02-27 20:39:12,2024-02-28T01:50:55+00:00,traffic-triggers-output,,,,,0,0,trigger_outputs
0001,Training Data 3.zip,2024-02-27 20:39:12,2024-02-28T01:50:55+00:00,traffic-triggers-output,,,,,0,0,trigger_outputs
0001,Training Data 3.zip,2024-02-27 20:39:12,2024-02-28T01:50:55+00:00,traffic-triggers-output,,,,,0,0,trigger_outputs
0001,Training Data 3.zip,2024-02-27 20:39:12,2024-02-28T01:50:55+00:00,traffic-triggers-output,,,,,0,0,trigger_outputs
0001,Training Data 3.zip,2024-02-27 20:39:12,2024-02-28T01:50:55+00:00,traffic-triggers-output,,,,,0,0,trigger_outputs
0001,Training Data 3.zip,2024-02-27 20:39:12,2024-02-28T01:50:55+00:00,traffic-triggers-output,,,,,0,0,trigger_outputs
0001,Training Data 3.zip,2024-02-27 20:39:12,2024-02-28T01:50:55+00:00,traffic-triggers-output,,,,,0,0,trigger_outputs
0001,Training Data 3.zip,2024-02-27 20:39:12,2024-02-28T01:50:55+00:00,traffic-triggers-output,,,,,0,0,trigger_outputs
0001,Training Data 3.zip,2024-02-27 20:39:12,2024-02-28T01:50:55+00:00,traffic-triggers-output,,,,,0,0,trigger_outputs
0001,Training Data 3.zip,2024-02-27 20:39:12,2024-02-28T01:50:55+00:00,traffic-triggers-output,,,,,0,0,trigger_outputs
0001,Training Data 3.zip,2024-02-27 20:39:12,2024-02-28T01:50:55+00:00,traffic-triggers-output,,,,,0,0,trigger_outputs
0001,Training Data 3.zip,2024-02-27 20:39:12,2024-02-28T01:50:55+00:00,traffic-triggers-output,,,,,0,0,trigger_outputs
0001,Training Data 3.zip,2024-02-27 20:39:12,2024-02-28T01:50:55+00:00,traffic-triggers-output,,,,,0,0,trigger_outputs
0001,Training Data 3.zip,2024-02-27 20:39:12,2024-02-28T01:50:55+00:00,traffic-triggers-output,,,,,0,0,trigger_outputs
0001,Training Data 3.zip,2024-02-27 20:39:12,2024-02-28T01:50:55+00:00,traffic-triggers-output,,,,,0,0,trigger_outputs
0001,Training Data 3.zip,2024-02-27 20:39:12,2024-02-28T01:50:55+00:00,traffic-triggers-output,,,,,0,0,trigger_outputs
0001,Training Data 3.zip,2024-02-27 20:39:12,2024-02-28T01:50:55+00:00,traffic-triggers-output,,,,,0,0,trigger_outputs
0001,Training Data 3.zip,2024-02-27 20:39:12,2024-02-28T01:50:55+00:00,traffic-triggers-output,,,,,0,0,trigger_outputs
0001,Training Data 3.zip,2024-02-27 20:39:12,2024-02-28T01:50:55+00:00,traffic-triggers-output,,,,,0,0,trigger_outputs
0001,Training Data 3.zip,2024-02-27 20:39:12,2024-02-28T01:50:55+00:00,traffic-triggers-output,,,,,0,0,trigger_outputs
0001,Training Data 3.zip,2024-02-27 20:39:12,2024-02-28T01:50:55+00:00,traffic-triggers-output,,,,,0,0,trigger_outputs
0001,Training Data 3.zip,2024-02-27 20:39:12,2024-02-28T01:50:55+00:00,traffic-triggers-output,,,,,0,0,trigger_outputs
0001,Training Data 3.zip,2024-02-27 20:39:12,2024-02-28T01:50:55+00:00,traffic-triggers-output,,,,,0,0,trigger_outputs
0001,Training Data 3.zip,2024-02-27 20:39:12,2024-02-28T01:50:55+00:00,traffic-triggers-output,,,,,0,0,trigger_outputs
0001,Training Data 3.zip,2024-02-27 20:39:12,2024-02-28T01:50:55+00:00,traffic-triggers-output,,,,,0,0,trigger_outputs
0001,Training Data 3.zip,2024-02-27 20:39:13,2024-02-28T01:50:55+00:00,traffic-triggers-output,,,,,0,0,trigger_outputs
0001,Training Data 3.zip,2024-02-27 20:39:13,2024-02-28T01:50:55+00:00,traffic-triggers-output,,,,,0,0,trigger_outputs
0001,Training Data 3.zip,2024-02-27 20:39:13,2024-02-28T01:50:55+00:00,traffic-triggers-output,,,,,0,0,trigger_outputs
0001,Training Data 3.zip,2024-02-27 20:39:13,2024-02-28T01:50:55+00:00,traffic-triggers-output,,,,,0,0,trigger_outputs
0001,Training Data 3.zip,2024-02-27 20:39:13,2024-02-28T01:50:55+00:00,traffic-triggers-output,,,,,0,0,trigger_outputs
0001,Training Data 3.zip,2024-02-27 20:39:13,2024-02-28T01:50:55+00:00,traffic-triggers-output,,,,,0,0,trigger_outputs
0001,Training Data 3.zip,2024-02-27 20:39:13,2024-02-28T01:50:55+00:00,traffic-triggers-output,,,,,0,0,trigger_outputs
0001,Training Data 3.zip,2024-02-27 20:39:13,2024-02-28T01:50:56+00:00,traffic-triggers-output,,,,,0,0,trigger_outputs
0001,Training Data 3.zip,2024-02-27 20:39:13,2024-02-28T01:50:56+00:00,traffic-triggers-output,,,,,0,0,trigger_outputs
0001,Training Data 3.zip,2024-02-27 20:39:13,2024-02-28T01:50:56+00:00,traffic-triggers-output,,,,,0,0,trigger_outputs
0001,Training Data 3.zip,2024-02-27 20:39:13,2024-02-28T01:50:56+00:00,traffic-triggers-output,,,,,0,0,trigger_outputs
0001,Training Data 3.zip,2024-02-27 20:39:13,2024-02-28T01:50:56+00:00,traffic-triggers-output,,,,,0,0,trigger_outputs
0001,Training Data 3.zip,2024-02-27 20:39:13,2024-02-28T01:50:56+00:00,traffic-triggers-output,,,,,0,0,trigger_outputs
0001,Training Data 3.zip,2024-02-27 20:39:13,2024-02-28T01:50:56+00:00,traffic-triggers-output,,,,,0,0,trigger_outputs
0001,Training Data 3.zip,2024-02-27 20:39:13,2024-02-28T01:50:56+00:00,traffic-triggers-output,,,,,0,0,trigger_outputs
0001,Training Data 3.zip,2024-02-27 20:39:13,2024-02-28T01:50:56+00:00,traffic-triggers-output,,,,,0,0,trigger_outputs
0001,Training Data 3.zip,2024-02-27 20:39:13,2024-02-28T01:50:56+00:00,traffic-triggers-output,,,,,0,0,trigger_outputs
0001,Training Data 3.zip,2024-02-27 20:39:13,2024-02-28T01:50:56+00:00,traffic-triggers-output,,,,,0,0,trigger_outputs
0001,Training Data 3.zip,2024-02-27 20:39:13,2024-02-28T01:50:56+00:00,traffic-triggers-output,,,,,0,0,trigger_outputs
0001,Training Data 3.zip,2024-02-27 20:39:13,2024-02-28T01:50:56+00:00,traffic-triggers-output,,,,,0,0,trigger_outputs
0001,Training Data 3.zip,2024-02-27 20:39:13,2024-02-28T01:50:56+00:00,traffic-triggers-output,,,,,0,0,trigger_outputs
0001,Training Data 3.zip,2024-02-27 20:39:13,2024-02-28T01:50:56+00:00,traffic-triggers-output,,,,,0,0,trigger_outputs
0001,Training Data 3.zip,2024-02-27 20:39:13,2024-02-28T01:50:56+00:00,traffic-triggers-output,,,,,0,0,trigger_outputs
0001,Training Data 3.zip,2024-02-27 20:39:13,2024-02-28T01:50:56+00:00,traffic-triggers-output,,,,,0,0,trigger_outputs
0001,Training Data 3.zip,2024-02-27 20:39:13,2024-02-28T01:50:56+00:00,traffic-triggers-output,,,,,0,0,trigger_outputs
0001,Training Data 3.zip,2024-02-27 20:39:13,2024-02-28T01:50:56+00:00,traffic-triggers-output,,,,,0,0,trigger_outputs
0001,Training Data 3.zip,2024-02-27 20:39:13,2024-02-28T01:50:56+00:00,traffic-triggers-output,,,,,0,0,trigger_outputs
0001,Training Data 3.zip,2024-02-27 20:39:13,2024-02-28T01:50:56+00:00,traffic-triggers-output,,,,,0,0,trigger_outputs
0001,Training Data 3.zip,2024-02-27 20:39:13,2024-02-28T01:50:56+00:00,traffic-triggers-output,,,,,0,0,trigger_outputs
0001,Training Data 3.zip,2024-02-27 20:39:13,2024-02-28T01:50:56+00:00,traffic-triggers-output,,,,,0,0,trigger_outputs
0001,Training Data 3.zip,2024-02-27 20:39:13,2024-02-28T01:50:56+00:00,traffic-triggers-output,,,,,0,0,trigger_outputs
0001,Training Data 3.zip,2024-02-27 20:39:13,2024-02-28T01:50:56+00:00,traffic-triggers-output,,,,,0,0,trigger_outputs
0001,Training Data 3.zip,2024-02-27 20:39:13,2024-02-28T01:50:56+00:00,traffic-triggers-output,,,,,0,0,trigger_outputs
0001,Training Data 3.zip,2024-02-27 20:39:13,2024-02-28T01:50:56+00:00,traffic-triggers-output,,,,,0,0,trigger_outputs
0001,Training Data 3.zip,2024-02-27 20:39:13,2024-02-28T01:50:56+00:00,traffic-triggers-output,,,,,0,0,trigger_outputs
0001,Training Data 3.zip,2024-02-27 20:39:13,2024-02-28T01:50:56+00:00,traffic-triggers-output,,,,,0,0,trigger_outputs
0001,Training Data 3.zip,2024-02-27 20:39:13,2024-02-28T01:50:56+00:00,traffic-triggers-output,,,,,0,0,trigger_outputs
0001,Training Data 3.zip,2024-02-27 20:39:13,2024-02-28T01:50:56+00:00,traffic-triggers-output,,,,,0,0,trigger_outputs
0001,Training Data 3.zip,2024-02-27 20:39:13,2024-02-28T01:50:56+00:00,traffic-triggers-output,,,,,0,0,trigger_outputs
0001,Training Data 3.zip,2024-02-27 20:39:13,2024-02-28T01:50:56+00:00,traffic-triggers-output,,,,,0,0,trigger_outputs
0001,Training Data 3.zip,2024-02-27 20:39:14,2024-02-28T01:50:56+00:00,traffic-triggers-output,,,,,0,0,trigger_outputs
0001,Training Data 3.zip,2024-02-27 20:39:14,2024-02-28T01:50:56+00:00,traffic-triggers-output,,,,,0,0,trigger_outputs
0001,Training Data 3.zip,2024-02-27 20:39:14,2024-02-28T01:50:56+00:00,traffic-triggers-output,,,,,0,0,trigger_outputs
0001,Training Data 3.zip,2024-02-27 20:39:14,2024-02-28T01:50:56+00:00,traffic-triggers-output,,,,,0,0,trigger_outputs
0001,Training Data 3.zip,2024-02-27 20:39:14,2024-02-28T01:50:56+00:00,traffic-triggers-output,,,,,0,0,trigger_outputs
0001,Training Data 3.zip,2024-02-27 20:39:14,2024-02-28T01:50:56+00:00,traffic-triggers-output,,,,,0,0,trigger_outputs
0001,Training Data 3.zip,2024-02-27 20:39:14,2024-02-28T01:50:56+00:00,traffic-triggers-output,,,,,0,0,trigger_outputs
0001,Training Data 3.zip,2024-02-27 20:39:14,2024-02-28T01:50:57+00:00,traffic-triggers-output,,,,,0,0,trigger_outputs
0001,Training Data 3.zip,2024-02-27 20:39:14,2024-02-28T01:50:57+00:00,traffic-triggers-output,,,,,0,0,trigger_outputs
0001,Training Data 3.zip,2024-02-27 20:39:14,2024-02-28T01:50:57+00:00,traffic-triggers-output,,,,,0,0,trigger_outputs
0001,Training Data 3.zip,2024-02-27 20:39:14,2024-02-28T01:50:57+00:00,traffic-triggers-output,,,,,0,0,trigger_outputs
0001,Training Data 3.zip,2024-02-27 20:39:14,2024-02-28T01:50:57+00:00,traffic-triggers-output,,,,,0,0,trigger_outputs
0001,Training Data 3.zip,2024-02-27 20:39:14,2024-02-28T01:50:57+00:00,traffic-triggers-output,,,,,0,0,trigger_outputs
0001,Training Data 3.zip,2024-02-27 20:39:14,2024-02-28T01:50:57+00:00,traffic-triggers-output,,,,,0,0,trigger_outputs
0001,Training Data 3.zip,2024-02-27 20:39:14,2024-02-28T01:50:57+00:00,traffic-triggers-output,,,,,0,0,trigger_outputs
0001,Training Data 3.zip,2024-02-27 20:39:14,2024-02-28T01:50:57+00:00,traffic-triggers-output,,,,,0,0,trigger_outputs
0001,Training Data 3.zip,2024-02-27 20:39:14,2024-02-28T01:50:57+00:00,traffic-triggers-output,,,,,0,0,trigger_outputs
0001,Training Data 3.zip,2024-02-27 20:39:14,2024-02-28T01:50:57+00:00,traffic-triggers-output,,,,,0,0,trigger_outputs
0001,Training Data 3.zip,2024-02-27 20:39:14,2024-02-28T01:50:57+00:00,traffic-triggers-output,,,,,0,0,trigger_outputs
0001,Training Data 3.zip,2024-02-27 20:39:14,2024-02-28T01:50:57+00:00,traffic-triggers-output,,,,,0,0,trigger_outputs
0001,Training Data 3.zip,2024-02-27 20:39:14,2024-02-28T01:50:57+00:00,traffic-triggers-output,,,,,0,0,trigger_outputs
0001,Training Data 3.zip,2024-02-27 20:39:14,2024-02-28T01:50:57+00:00,traffic-triggers-output,,,,,0,0,trigger_outputs
0001,Training Data 3.zip,2024-02-27 20:39:14,2024-02-28T01:50:57+00:00,traffic-triggers-output,,,,,0,0,trigger_outputs
0001,Training Data 3.zip,2024-02-27 20:39:14,2024-02-28T01:50:57+00:00,traffic-triggers-output,,,,,0,0,trigger_outputs
0001,Training Data 3.zip,2024-02-27 20:39:14,2024-02-28T01:50:57+00:00,traffic-triggers-output,,,,,0,0,trigger_outputs
0001,Training Data 3.zip,2024-02-27 20:39:14,2024-02-28T01:50:57+00:00,traffic-triggers-output,,,,,0,0,trigger_outputs
0001,Training Data 3.zip,2024-02-27 20:39:14,2024-02-28T01:50:57+00:00,traffic-triggers-output,,,,,0,0,trigger_outputs
0001,Training Data 3.zip,2024-02-27 20:39:14,2024-02-28T01:50:57+00:00,traffic-triggers-output,,,,,0,0,trigger_outputs
0001,Training Data 3.zip,2024-02-27 20:39:14,2024-02-28T01:50:57+00:00,traffic-triggers-output,,,,,0,0,trigger_outputs
0001,Training Data 3.zip,2024-02-27 20:39:14,2024-02-28T01:50:57+00:00,traffic-triggers-output,,,,,0,0,trigger_outputs
0001,Training Data 3.zip,2024-02-27 20:39:14,2024-02-28T01:50:57+00:00,traffic-triggers-output,,,,,0,0,trigger_outputs
0001,Training Data 3.zip,2024-02-27 20:39:14,2024-02-28T01:50:57+00:00,traffic-triggers-output,,,,,0,0,trigger_outputs
0001,Training Data 3.zip,2024-02-27 20:39:14,2024-02-28T01:50:57+00:00,traffic-triggers-output,,,,,0,0,trigger_outputs
0001,Training Data 3.zip,2024-02-27 20:39:14,2024-02-28T01:50:57+00:00,traffic-triggers-output,,,,,0,0,trigger_outputs
0001,Training Data 3.zip,2024-02-27 20:39:14,2024-02-28T01:50:57+00:00,traffic-triggers-output,,,,,0,0,trigger_outputs
0001,Training Data 3.zip,2024-02-27 20:39:14,2024-02-28T01:50:57+00:00,traffic-triggers-output,,,,,0,0,trigger_outputs
0001,Training Data 3.zip,2024-02-27 20:39:14,2024-02-28T01:50:57+00:00,traffic-triggers-output,,,,,0,0,trigger_outputs
0001,Training Data 3.zip,2024-02-27 20:39:14,2024-02-28T01:50:57+00:00,traffic-triggers-output,,,,,0,0,trigger_outputs
0001,Training Data 3.zip,2024-02-27 20:39:14,2024-02-28T01:50:57+00:00,traffic-triggers-output,,,,,0,0,trigger_outputs
0001,Training Data 3.zip,2024-02-27 20:39:14,2024-02-28T01:50:57+00:00,traffic-triggers-output,,,,,0,0,trigger_outputs
0001,Training Data 3.zip,2024-02-27 20:39:15,2024-02-28T01:50:57+00:00,traffic-triggers-output,,,,,0,0,trigger_outputs
0001,Training Data 3.zip,2024-02-27 20:39:15,2024-02-28T01:50:57+00:00,traffic-triggers-output,,,,,0,0,trigger_outputs
0001,Training Data 3.zip,2024-02-27 20:39:15,2024-02-28T01:50:57+00:00,traffic-triggers-output,,,,,0,0,trigger_outputs
0001,Training Data 3.zip,2024-02-27 20:39:15,2024-02-28T01:50:57+00:00,traffic-triggers-output,,,,,0,0,trigger_outputs
0001,Training Data 3.zip,2024-02-27 20:39:15,2024-02-28T01:50:57+00:00,traffic-triggers-output,,,,,0,0,trigger_outputs
0001,Training Data 3.zip,2024-02-27 20:39:15,2024-02-28T01:50:57+00:00,traffic-triggers-output,,,,,0,0,trigger_outputs
0001,Training Data 3.zip,2024-02-27 20:39:15,2024-02-28T01:50:57+00:00,traffic-triggers-output,,,,,0,0,trigger_outputs
0001,Training Data 3.zip,2024-02-27 20:39:15,2024-02-28T01:50:58+00:00,traffic-triggers-output,,,,,0,0,trigger_outputs
0001,Training Data 3.zip,2024-02-27 20:39:15,2024-02-28T01:50:58+00:00,traffic-triggers-output,,,,,0,0,trigger_outputs
0001,Training Data 3.zip,2024-02-27 20:39:15,2024-02-28T01:50:58+00:00,traffic-triggers-output,,,,,0,0,trigger_outputs
0001,Training Data 3.zip,2024-02-27 20:39:15,2024-02-28T01:50:58+00:00,traffic-triggers-output,,,,,0,0,trigger_outputs
0001,Training Data 3.zip,2024-02-27 20:39:15,2024-02-28T01:50:58+00:00,traffic-triggers-output,,,,,0,0,trigger_outputs
0001,Training Data 3.zip,2024-02-27 20:39:15,2024-02-28T01:50:58+00:00,traffic-triggers-output,,,,,0,0,trigger_outputs
0001,Training Data 3.zip,2024-02-27 20:39:15,2024-02-28T01:50:58+00:00,traffic-triggers-output,,,,,0,0,trigger_outputs
0001,Training Data 3.zip,2024-02-27 20:39:15,2024-02-28T01:50:58+00:00,traffic-triggers-output,,,,,0,0,trigger_outputs
0001,Training Data 3.zip,2024-02-27 20:39:15,2024-02-28T01:50:58+00:00,traffic-triggers-output,,,,,0,0,trigger_outputs
0001,Training Data 3.zip,2024-02-27 20:39:15,2024-02-28T01:50:58+00:00,traffic-triggers-output,,,,,0,0,trigger_outputs
0001,Training Data 3.zip,2024-02-27 20:39:15,2024-02-28T01:50:58+00:00,traffic-triggers-output,,,,,0,0,trigger_outputs
0001,Training Data 3.zip,2024-02-27 20:39:15,2024-02-28T01:50:58+00:00,traffic-triggers-output,,,,,0,0,trigger_outputs
0001,Training Data 3.zip,2024-02-27 20:39:15,2024-02-28T01:50:58+00:00,traffic-triggers-output,,,,,0,0,trigger_outputs
0001,Training Data 3.zip,2024-02-27 20:39:15,2024-02-28T01:50:58+00:00,traffic-triggers-output,,,,,0,0,trigger_outputs
0001,Training Data 3.zip,2024-02-27 20:39:15,2024-02-28T01:50:58+00:00,traffic-triggers-output,,,,,0,0,trigger_outputs
0001,Training Data 3.zip,2024-02-27 20:39:15,2024-02-28T01:50:58+00:00,traffic-triggers-output,,,,,0,0,trigger_outputs
0001,Training Data 3.zip,2024-02-27 20:39:15,2024-02-28T01:50:58+00:00,traffic-triggers-output,,,,,0,0,trigger_outputs
0001,Training Data 3.zip,2024-02-27 20:39:15,2024-02-28T01:50:58+00:00,traffic-triggers-output,,,,,0,0,trigger_outputs
0001,Training Data 3.zip,2024-02-27 20:39:15,2024-02-28T01:50:58+00:00,traffic-triggers-output,,,,,0,0,trigger_outputs
0001,Training Data 3.zip,2024-02-27 20:39:15,2024-02-28T01:50:58+00:00,traffic-triggers-output,,,,,0,0,trigger_outputs
0001,Training Data 3.zip,2024-02-27 20:39:15,2024-02-28T01:50:58+00:00,traffic-triggers-output,,,,,0,0,trigger_outputs
0001,Training Data 3.zip,2024-02-27 20:39:15,2024-02-28T01:50:58+00:00,traffic-triggers-output,,,,,0,0,trigger_outputs
0001,Training Data 3.zip,2024-02-27 20:39:15,2024-02-28T01:50:58+00:00,traffic-triggers-output,,,,,0,0,trigger_outputs
0001,Training Data 3.zip,2024-02-27 20:39:15,2024-02-28T01:50:58+00:00,traffic-triggers-output,,,,,0,0,trigger_outputs
0001,Training Data 3.zip,2024-02-27 20:39:15,2024-02-28T01:50:58+00:00,traffic-triggers-output,,,,,0,0,trigger_outputs
0001,Training Data 3.zip,2024-02-27 20:39:15,2024-02-28T01:50:58+00:00,traffic-triggers-output,,,,,0,0,trigger_outputs
0001,Training Data 3.zip,2024-02-27 20:39:15,2024-02-28T01:50:58+00:00,traffic-triggers-output,,,,,0,0,trigger_outputs
0001,Training Data 3.zip,2024-02-27 20:39:15,2024-02-28T01:50:58+00:00,traffic-triggers-output,,,,,0,0,trigger_outputs
0001,Training Data 3.zip,2024-02-27 20:39:15,2024-02-28T01:50:58+00:00,traffic-triggers-output,,,,,0,0,trigger_outputs
0001,Training Data 3.zip,2024-02-27 20:39:15,2024-02-28T01:50:58+00:00,traffic-triggers-output,,,,,0,0,trigger_outputs
0001,Training Data 3.zip,2024-02-27 20:39:15,2024-02-28T01:50:58+00:00,traffic-triggers-output,,,,,0,0,trigger_outputs
0001,Training Data 3.zip,2024-02-27 20:39:15,2024-02-28T01:50:58+00:00,traffic-triggers-output,,,,,0,0,trigger_outputs
0001,Training Data 3.zip,2024-02-27 20:39:15,2024-02-28T01:50:58+00:00,traffic-triggers-output,,,,,0,0,trigger_outputs
0001,Training Data 3.zip,2024-02-27 20:39:16,2024-02-28T01:50:58+00:00,traffic-triggers-output,,,,,0,0,trigger_outputs
0001,Training Data 3.zip,2024-02-27 20:39:16,2024-02-28T01:50:58+00:00,traffic-triggers-output,,,,,0,0,trigger_outputs
0001,Training Data 3.zip,2024-02-27 20:39:16,2024-02-28T01:50:58+00:00,traffic-triggers-output,,,,,0,0,trigger_outputs
0001,Training Data 3.zip,2024-02-27 20:39:16,2024-02-28T01:50:58+00:00,traffic-triggers-output,,,,,0,0,trigger_outputs
0001,Training Data 3.zip,2024-02-27 20:39:16,2024-02-28T01:50:58+00:00,traffic-triggers-output,,,,,0,0,trigger_outputs
0001,Training Data 3.zip,2024-02-27 20:39:16,2024-02-28T01:50:58+00:00,traffic-triggers-output,,,,,0,0,trigger_outputs
0001,Training Data 3.zip,2024-02-27 20:39:16,2024-02-28T01:50:58+00:00,traffic-triggers-output,,,,,0,0,trigger_outputs
0001,Training Data 3.zip,2024-02-27 20:39:16,2024-02-28T01:50:59+00:00,traffic-triggers-output,,,,,0,0,trigger_outputs
0001,Training Data 3.zip,2024-02-27 20:39:16,2024-02-28T01:50:59+00:00,traffic-triggers-output,,,,,0,0,trigger_outputs
0001,Training Data 3.zip,2024-02-27 20:39:16,2024-02-28T01:50:59+00:00,traffic-triggers-output,,,,,0,0,trigger_outputs
0001,Training Data 3.zip,2024-02-27 20:39:16,2024-02-28T01:50:59+00:00,traffic-triggers-output,,,,,0,0,trigger_outputs
0001,Training Data 3.zip,2024-02-27 20:39:16,2024-02-28T01:50:59+00:00,traffic-triggers-output,,,,,0,0,trigger_outputs
0001,Training Data 3.zip,2024-02-27 20:39:16,2024-02-28T01:50:59+00:00,traffic-triggers-output,,,,,0,0,trigger_outputs
0001,Training Data 3.zip,2024-02-27 20:39:16,2024-02-28T01:50:59+00:00,traffic-triggers-output,,,,,0,0,trigger_outputs
0001,Training Data 3.zip,2024-02-27 20:39:16,2024-02-28T01:50:59+00:00,traffic-triggers-output,,,,,0,0,trigger_outputs
0001,Training Data 3.zip,2024-02-27 20:39:16,2024-02-28T01:50:59+00:00,traffic-triggers-output,,,,,0,0,trigger_outputs
0001,Training Data 3.zip,2024-02-27 20:39:16,2024-02-28T01:50:59+00:00,traffic-triggers-output,,,,,0,0,trigger_outputs
0001,Training Data 3.zip,2024-02-27 20:39:16,2024-02-28T01:50:59+00:00,traffic-triggers-output,,,,,0,0,trigger_outputs
0001,Training Data 3.zip,2024-02-27 20:39:16,2024-02-28T01:50:59+00:00,traffic-triggers-output,,,,,0,0,trigger_outputs
0001,Training Data 3.zip,2024-02-27 20:39:16,2024-02-28T01:50:59+00:00,traffic-triggers-output,,,,,0,0,trigger_outputs
0001,Training Data 3.zip,2024-02-27 20:39:16,2024-02-28T01:50:59+00:00,traffic-triggers-output,,,,,0,0,trigger_outputs
0001,Training Data 3.zip,2024-02-27 20:39:16,2024-02-28T01:50:59+00:00,traffic-triggers-output,,,,,0,0,trigger_outputs
0001,Training Data 3.zip,2024-02-27 20:39:16,2024-02-28T01:50:59+00:00,traffic-triggers-output,,,,,0,0,trigger_outputs
0001,Training Data 3.zip,2024-02-27 20:39:16,2024-02-28T01:50:59+00:00,traffic-triggers-output,,,,,0,0,trigger_outputs
0001,Training Data 3.zip,2024-02-27 20:39:16,2024-02-28T01:50:59+00:00,traffic-triggers-output,,,,,0,0,trigger_outputs
0001,Training Data 3.zip,2024-02-27 20:39:16,2024-02-28T01:50:59+00:00,traffic-triggers-output,,,,,0,0,trigger_outputs
0001,Training Data 3.zip,2024-02-27 20:39:16,2024-02-28T01:50:59+00:00,traffic-triggers-output,,,,,0,0,trigger_outputs
0001,Training Data 3.zip,2024-02-27 20:39:16,2024-02-28T01:50:59+00:00,traffic-triggers-output,,,,,0,0,trigger_outputs
0001,Training Data 3.zip,2024-02-27 20:39:16,2024-02-28T01:50:59+00:00,traffic-triggers-output,,,,,0,0,trigger_outputs
0001,Training Data 3.zip,2024-02-27 20:39:16,2024-02-28T01:50:59+00:00,traffic-triggers-output,,,,,0,0,trigger_outputs
0001,Training Data 3.zip,2024-02-27 20:39:16,2024-02-28T01:50:59+00:00,traffic-triggers-output,,,,,0,0,trigger_outputs
0001,Training Data 3.zip,2024-02-27 20:39:16,2024-02-28T01:50:59+00:00,traffic-triggers-output,,,,,0,0,trigger_outputs
0001,Training Data 3.zip,2024-02-27 20:39:16,2024-02-28T01:50:59+00:00,traffic-triggers-output,,,,,0,0,trigger_outputs
0001,Training Data 3.zip,2024-02-27 20:39:16,2024-02-28T01:50:59+00:00,traffic-triggers-output,,,,,0,0,trigger_outputs
0001,Training Data 3.zip,2024-02-27 20:39:16,2024-02-28T01:50:59+00:00,traffic-triggers-output,,,,,0,0,trigger_outputs
0001,Training Data 3.zip,2024-02-27 20:39:16,2024-02-28T01:50:59+00:00,traffic-triggers-output,,,,,0,0,trigger_outputs
0001,Training Data 3.zip,2024-02-27 20:39:16,2024-02-28T01:50:59+00:00,traffic-triggers-output,,,,,0,0,trigger_outputs
0001,Training Data 3.zip,2024-02-27 20:39:16,2024-02-28T01:50:59+00:00,traffic-triggers-output,,,,,0,0,trigger_outputs
0001,Training Data 3.zip,2024-02-27 20:39:16,2024-02-28T01:50:59+00:00,traffic-triggers-output,,,,,0,0,trigger_outputs
0001,Training Data 3.zip,2024-02-27 20:39:16,2024-02-28T01:50:59+00:00,traffic-triggers-output,,,,,0,0,trigger_outputs
0001,Training Data 3.zip,2024-02-27 20:39:17,2024-02-28T01:50:59+00:00,traffic-triggers-output,,,,,0,0,trigger_outputs
0001,Training Data 3.zip,2024-02-27 20:39:17,2024-02-28T01:50:59+00:00,traffic-triggers-output,,,,,0,0,trigger_outputs
0001,Training Data 3.zip,2024-02-27 20:39:17,2024-02-28T01:50:59+00:00,traffic-triggers-output,,,,,0,0,trigger_outputs
0001,Training Data 3.zip,2024-02-27 20:39:17,2024-02-28T01:50:59+00:00,traffic-triggers-output,,,,,0,0,trigger_outputs
0001,Training Data 3.zip,2024-02-27 20:39:17,2024-02-28T01:50:59+00:00,traffic-triggers-output,,,,,0,0,trigger_outputs
0001,Training Data 3.zip,2024-02-27 20:39:17,2024-02-28T01:50:59+00:00,traffic-triggers-output,,,,,0,0,trigger_outputs
0001,Training Data 3.zip,2024-02-27 20:39:17,2024-02-28T01:50:59+00:00,traffic-triggers-output,,,,,0,0,trigger_outputs
0001,Training Data 3.zip,2024-02-27 20:39:17,2024-02-28T01:51:00+00:00,traffic-triggers-output,,,,,0,0,trigger_outputs
0001,Training Data 3.zip,2024-02-27 20:39:17,2024-02-28T01:51:00+00:00,traffic-triggers-output,,,,,0,0,trigger_outputs
0001,Training Data 3.zip,2024-02-27 20:39:17,2024-02-28T01:51:00+00:00,traffic-triggers-output,,,,,0,0,trigger_outputs
0001,Training Data 3.zip,2024-02-27 20:39:17,2024-02-28T01:51:00+00:00,traffic-triggers-output,,,,,0,0,trigger_outputs
0001,Training Data 3.zip,2024-02-27 20:39:17,2024-02-28T01:51:00+00:00,traffic-triggers-output,,,,,0,0,trigger_outputs
0001,Training Data 3.zip,2024-02-27 20:39:17,2024-02-28T01:51:00+00:00,traffic-triggers-output,,,,,0,0,trigger_outputs
0001,Training Data 3.zip,2024-02-27 20:39:17,2024-02-28T01:51:00+00:00,traffic-triggers-output,,,,,0,0,trigger_outputs
0001,Training Data 3.zip,2024-02-27 20:39:17,2024-02-28T01:51:00+00:00,traffic-triggers-output,,,,,0,0,trigger_outputs
0001,Training Data 3.zip,2024-02-27 20:39:17,2024-02-28T01:51:00+00:00,traffic-triggers-output,,,,,0,0,trigger_outputs
0001,Training Data 3.zip,2024-02-27 20:39:17,2024-02-28T01:51:00+00:00,traffic-triggers-output,,,,,0,0,trigger_outputs
0001,Training Data 3.zip,2024-02-27 20:39:17,2024-02-28T01:51:00+00:00,traffic-triggers-output,,,,,0,0,trigger_outputs
0001,Training Data 3.zip,2024-02-27 20:39:17,2024-02-28T01:51:00+00:00,traffic-triggers-output,,,,,0,0,trigger_outputs
0001,Training Data 3.zip,2024-02-27 20:39:17,2024-02-28T01:51:00+00:00,traffic-triggers-output,,,,,0,0,trigger_outputs
0001,Training Data 3.zip,2024-02-27 20:39:17,2024-02-28T01:51:00+00:00,traffic-triggers-output,,,,,0,0,trigger_outputs
0001,Training Data 3.zip,2024-02-27 20:39:17,2024-02-28T01:51:00+00:00,traffic-triggers-output,,,,,0,0,trigger_outputs
0001,Training Data 3.zip,2024-02-27 20:39:17,2024-02-28T01:51:00+00:00,traffic-triggers-output,,,,,0,0,trigger_outputs
0001,Training Data 3.zip,2024-02-27 20:39:17,2024-02-28T01:51:00+00:00,traffic-triggers-output,,,,,0,0,trigger_outputs
0001,Training Data 3.zip,2024-02-27 20:39:17,2024-02-28T01:51:00+00:00,traffic-triggers-output,,,,,0,0,trigger_outputs
0001,Training Data 3.zip,2024-02-27 20:39:17,2024-02-28T01:51:00+00:00,traffic-triggers-output,,,,,0,0,trigger_outputs
0001,Training Data 3.zip,2024-02-27 20:39:17,2024-02-28T01:51:00+00:00,traffic-triggers-output,,,,,0,0,trigger_outputs
0001,Training Data 3.zip,2024-02-27 20:39:17,2024-02-28T01:51:00+00:00,traffic-triggers-output,,,,,0,0,trigger_outputs
0001,Training Data 3.zip,2024-02-27 20:39:17,2024-02-28T01:51:00+00:00,traffic-triggers-output,,,,,0,0,trigger_outputs
0001,Training Data 3.zip,2024-02-27 20:39:17,2024-02-28T01:51:00+00:00,traffic-triggers-output,,,,,0,0,trigger_outputs
0001,Training Data 3.zip,2024-02-27 20:39:17,2024-02-28T01:51:00+00:00,traffic-triggers-output,,,,,0,0,trigger_outputs
0001,Training Data 3.zip,2024-02-27 20:39:17,2024-02-28T01:51:00+00:00,traffic-triggers-output,,,,,0,0,trigger_outputs
0001,Training Data 3.zip,2024-02-27 20:39:17,2024-02-28T01:51:00+00:00,traffic-triggers-output,,,,,0,0,trigger_outputs
0001,Training Data 3.zip,2024-02-27 20:39:17,2024-02-28T01:51:00+00:00,traffic-triggers-output,,,,,0,0,trigger_outputs
0001,Training Data 3.zip,2024-02-27 20:39:17,2024-02-28T01:51:00+00:00,traffic-triggers-output,,,,,0,0,trigger_outputs
0001,Training Data 3.zip,2024-02-27 20:39:17,2024-02-28T01:51:00+00:00,traffic-triggers-output,,,,,0,0,trigger_outputs
0001,Training Data 3.zip,2024-02-27 20:39:17,2024-02-28T01:51:00+00:00,traffic-triggers-output,,,,,0,0,trigger_outputs
0001,Training Data 3.zip,2024-02-27 20:39:17,2024-02-28T01:51:00+00:00,traffic-triggers-output,,,,,0,0,trigger_outputs
0001,Training Data 3.zip,2024-02-27 20:39:17,2024-02-28T01:51:00+00:00,traffic-triggers-output,,,,,0,0,trigger_outputs
0001,Training Data 3.zip,2024-02-27 20:39:17,2024-02-28T01:51:00+00:00,traffic-triggers-output,,,,,0,0,trigger_outputs
0001,Training Data 3.zip,2024-02-27 20:39:18,2024-02-28T01:51:00+00:00,traffic-triggers-output,,,,,0,0,trigger_outputs
0001,Training Data 3.zip,2024-02-27 20:39:18,2024-02-28T01:51:00+00:00,traffic-triggers-output,,,,,0,0,trigger_outputs
0001,Training Data 3.zip,2024-02-27 20:39:18,2024-02-28T01:51:00+00:00,traffic-triggers-output,,,,,0,0,trigger_outputs
0001,Training Data 3.zip,2024-02-27 20:39:18,2024-02-28T01:51:00+00:00,traffic-triggers-output,,,,,0,0,trigger_outputs
0001,Training Data 3.zip,2024-02-27 20:39:18,2024-02-28T01:51:00+00:00,traffic-triggers-output,,,,,0,0,trigger_outputs
0001,Training Data 3.zip,2024-02-27 20:39:18,2024-02-28T01:51:00+00:00,traffic-triggers-output,,,,,0,0,trigger_outputs
0001,Training Data 3.zip,2024-02-27 20:39:18,2024-02-28T01:51:00+00:00,traffic-triggers-output,,,,,0,0,trigger_outputs
0001,Training Data 3.zip,2024-02-27 20:39:18,2024-02-28T01:51:01+00:00,traffic-triggers-output,,,,,0,0,trigger_outputs
0001,Training Data 3.zip,2024-02-27 20:39:18,2024-02-28T01:51:01+00:00,traffic-triggers-output,,,,,0,0,trigger_outputs
0001,Training Data 3.zip,2024-02-27 20:39:18,2024-02-28T01:51:01+00:00,traffic-triggers-output,,,,,0,0,trigger_outputs
0001,Training Data 3.zip,2024-02-27 20:39:18,2024-02-28T01:51:01+00:00,traffic-triggers-output,,,,,0,0,trigger_outputs
0001,Training Data 3.zip,2024-02-27 20:39:18,2024-02-28T01:51:01+00:00,traffic-triggers-output,,,,,0,0,trigger_outputs
0001,Training Data 3.zip,2024-02-27 20:39:18,2024-02-28T01:51:01+00:00,traffic-triggers-output,,,,,0,0,trigger_outputs
0001,Training Data 3.zip,2024-02-27 20:39:18,2024-02-28T01:51:01+00:00,traffic-triggers-output,,,,,0,0,trigger_outputs
0001,Training Data 3.zip,2024-02-27 20:39:18,2024-02-28T01:51:01+00:00,traffic-triggers-output,,,,,0,0,trigger_outputs
0001,Training Data 3.zip,2024-02-27 20:39:18,2024-02-28T01:51:01+00:00,traffic-triggers-output,,,,,0,0,trigger_outputs
0001,Training Data 3.zip,2024-02-27 20:39:18,2024-02-28T01:51:01+00:00,traffic-triggers-output,,,,,0,0,trigger_outputs
0001,Training Data 3.zip,2024-02-27 20:39:18,2024-02-28T01:51:01+00:00,traffic-triggers-output,,,,,0,0,trigger_outputs
0001,Training Data 3.zip,2024-02-27 20:39:18,2024-02-28T01:51:01+00:00,traffic-triggers-output,,,,,0,0,trigger_outputs
0001,Training Data 3.zip,2024-02-27 20:39:18,2024-02-28T01:51:01+00:00,traffic-triggers-output,,,,,0,0,trigger_outputs
0001,Training Data 3.zip,2024-02-27 20:39:18,2024-02-28T01:51:01+00:00,traffic-triggers-output,,,,,0,0,trigger_outputs
0001,Training Data 3.zip,2024-02-27 20:39:18,2024-02-28T01:51:01+00:00,traffic-triggers-output,,,,,0,0,trigger_outputs
0001,Training Data 3.zip,2024-02-27 20:39:18,2024-02-28T01:51:01+00:00,traffic-triggers-output,,,,,0,0,trigger_outputs
0001,Training Data 3.zip,2024-02-27 20:39:18,2024-02-28T01:51:01+00:00,traffic-triggers-output,,,,,0,0,trigger_outputs
0001,Training Data 3.zip,2024-02-27 20:39:18,2024-02-28T01:51:01+00:00,traffic-triggers-output,,,,,0,0,trigger_outputs
0001,Training Data 3.zip,2024-02-27 20:39:18,2024-02-28T01:51:01+00:00,traffic-triggers-output,,,,,0,0,trigger_outputs
0001,Training Data 3.zip,2024-02-27 20:39:18,2024-02-28T01:51:01+00:00,traffic-triggers-output,,,,,0,0,trigger_outputs
0001,Training Data 3.zip,2024-02-27 20:39:18,2024-02-28T01:51:01+00:00,traffic-triggers-output,,,,,0,0,trigger_outputs
0001,Training Data 3.zip,2024-02-27 20:39:18,2024-02-28T01:51:01+00:00,traffic-triggers-output,,,,,0,0,trigger_outputs
0001,Training Data 3.zip,2024-02-27 20:39:18,2024-02-28T01:51:01+00:00,traffic-triggers-output,,,,,0,0,trigger_outputs
0001,Training Data 3.zip,2024-02-27 20:39:18,2024-02-28T01:51:01+00:00,traffic-triggers-output,,,,,0,0,trigger_outputs
0001,Training Data 3.zip,2024-02-27 20:39:18,2024-02-28T01:51:01+00:00,traffic-triggers-output,,,,,0,0,trigger_outputs
0001,Training Data 3.zip,2024-02-27 20:39:18,2024-02-28T01:51:01+00:00,traffic-triggers-output,,,,,0,0,trigger_outputs
0001,Training Data 3.zip,2024-02-27 20:39:18,2024-02-28T01:51:01+00:00,traffic-triggers-output,,,,,0,0,trigger_outputs
0001,Training Data 3.zip,2024-02-27 20:39:18,2024-02-28T01:51:01+00:00,traffic-triggers-output,,,,,0,0,trigger_outputs
0001,Training Data 3.zip,2024-02-27 20:39:18,2024-02-28T01:51:01+00:00,traffic-triggers-output,,,,,0,0,trigger_outputs
0001,Training Data 3.zip,2024-02-27 20:39:18,2024-02-28T01:51:01+00:00,traffic-triggers-output,,,,,0,0,trigger_outputs
0001,Training Data 3.zip,2024-02-27 20:39:18,2024-02-28T01:51:01+00:00,traffic-triggers-output,,,,,0,0,trigger_outputs
0001,Training Data 3.zip,2024-02-27 20:39:18,2024-02-28T01:51:01+00:00,traffic-triggers-output,,,,,0,0,trigger_outputs
0001,Training Data 3.zip,2024-02-27 20:39:18,2024-02-28T01:51:01+00:00,traffic-triggers-output,,,,,0,0,trigger_outputs
0001,Training Data 3.zip,2024-02-27 20:39:19,2024-02-28T01:51:01+00:00,traffic-triggers-output,,,,,0,0,trigger_outputs
0001,Training Data 3.zip,2024-02-27 20:39:19,2024-02-28T01:51:01+00:00,traffic-triggers-output,,,,,0,0,trigger_outputs
0001,Training Data 3.zip,2024-02-27 20:39:19,2024-02-28T01:51:01+00:00,traffic-triggers-output,,,,,0,0,trigger_outputs
0001,Training Data 3.zip,2024-02-27 20:39:19,2024-02-28T01:51:01+00:00,traffic-triggers-output,,,,,0,0,trigger_outputs
0001,Training Data 3.zip,2024-02-27 20:39:19,2024-02-28T01:51:01+00:00,traffic-triggers-output,,,,,0,0,trigger_outputs
0001,Training Data 3.zip,2024-02-27 20:39:19,2024-02-28T01:51:01+00:00,traffic-triggers-output,,,,,0,0,trigger_outputs
0001,Training Data 3.zip,2024-02-27 20:39:19,2024-02-28T01:51:01+00:00,traffic-triggers-output,,,,,0,0,trigger_outputs
0001,Training Data 3.zip,2024-02-27 20:39:19,2024-02-28T01:51:02+00:00,traffic-triggers-output,,,,,0,0,trigger_outputs
0001,Training Data 3.zip,2024-02-27 20:39:19,2024-02-28T01:51:02+00:00,traffic-triggers-output,,,,,0,0,trigger_outputs
0001,Training Data 3.zip,2024-02-27 20:39:19,2024-02-28T01:51:02+00:00,traffic-triggers-output,,,,,0,0,trigger_outputs
0001,Training Data 3.zip,2024-02-27 20:39:19,2024-02-28T01:51:02+00:00,traffic-triggers-output,,,,,0,0,trigger_outputs
0001,Training Data 3.zip,2024-02-27 20:39:19,2024-02-28T01:51:02+00:00,traffic-triggers-output,,,,,0,0,trigger_outputs
0001,Training Data 3.zip,2024-02-27 20:39:19,2024-02-28T01:51:02+00:00,traffic-triggers-output,,,,,0,0,trigger_outputs
0001,Training Data 3.zip,2024-02-27 20:39:19,2024-02-28T01:51:02+00:00,traffic-triggers-output,,,,,0,0,trigger_outputs
0001,Training Data 3.zip,2024-02-27 20:39:19,2024-02-28T01:51:02+00:00,traffic-triggers-output,,,,,0,0,trigger_outputs
0001,Training Data 3.zip,2024-02-27 20:39:19,2024-02-28T01:51:02+00:00,traffic-triggers-output,,,,,0,0,trigger_outputs
0001,Training Data 3.zip,2024-02-27 20:39:19,2024-02-28T01:51:02+00:00,traffic-triggers-output,,,,,0,0,trigger_outputs
0001,Training Data 3.zip,2024-02-27 20:39:19,2024-02-28T01:51:02+00:00,traffic-triggers-output,,,,,0,0,trigger_outputs
0001,Training Data 3.zip,2024-02-27 20:39:19,2024-02-28T01:51:02+00:00,traffic-triggers-output,,,,,0,0,trigger_outputs
0001,Training Data 3.zip,2024-02-27 20:39:19,2024-02-28T01:51:02+00:00,traffic-triggers-output,,,,,0,0,trigger_outputs
0001,Training Data 3.zip,2024-02-27 20:39:19,2024-02-28T01:51:02+00:00,traffic-triggers-output,,,,,0,0,trigger_outputs
0001,Training Data 3.zip,2024-02-27 20:39:19,2024-02-28T01:51:02+00:00,traffic-triggers-output,,,,,0,0,trigger_outputs
0001,Training Data 3.zip,2024-02-27 20:39:19,2024-02-28T01:51:02+00:00,traffic-triggers-output,,,,,0,0,trigger_outputs
0001,Training Data 3.zip,2024-02-27 20:39:19,2024-02-28T01:51:02+00:00,traffic-triggers-output,,,,,0,0,trigger_outputs
0001,Training Data 3.zip,2024-02-27 20:39:19,2024-02-28T01:51:02+00:00,traffic-triggers-output,,,,,0,0,trigger_outputs
0001,Training Data 3.zip,2024-02-27 20:39:19,2024-02-28T01:51:02+00:00,traffic-triggers-output,,,,,0,0,trigger_outputs
0001,Training Data 3.zip,2024-02-27 20:39:19,2024-02-28T01:51:02+00:00,traffic-triggers-output,,,,,0,0,trigger_outputs
0001,Training Data 3.zip,2024-02-27 20:39:19,2024-02-28T01:51:02+00:00,traffic-triggers-output,,,,,0,0,trigger_outputs
0001,Training Data 3.zip,2024-02-27 20:39:19,2024-02-28T01:51:02+00:00,traffic-triggers-output,,,,,0,0,trigger_outputs
0001,Training Data 3.zip,2024-02-27 20:39:19,2024-02-28T01:51:02+00:00,traffic-triggers-output,,,,,0,0,trigger_outputs
0001,Training Data 3.zip,2024-02-27 20:39:19,2024-02-28T01:51:02+00:00,traffic-triggers-output,,,,,0,0,trigger_outputs
0001,Training Data 3.zip,2024-02-27 20:39:19,2024-02-28T01:51:02+00:00,traffic-triggers-output,,,,,0,0,trigger_outputs
0001,Training Data 3.zip,2024-02-27 20:39:19,2024-02-28T01:51:02+00:00,traffic-triggers-output,,,,,0,0,trigger_outputs
0001,Training Data 3.zip,2024-02-27 20:39:19,2024-02-28T01:51:02+00:00,traffic-triggers-output,,,,,0,0,trigger_outputs
0001,Training Data 3.zip,2024-02-27 20:39:19,2024-02-28T01:51:02+00:00,traffic-triggers-output,,,,,0,0,trigger_outputs
0001,Training Data 3.zip,2024-02-27 20:39:19,2024-02-28T01:51:02+00:00,traffic-triggers-output,,,,,0,0,trigger_outputs
0001,Training Data 3.zip,2024-02-27 20:39:19,2024-02-28T01:51:02+00:00,traffic-triggers-output,,,,,0,0,trigger_outputs
0001,Training Data 3.zip,2024-02-27 20:39:19,2024-02-28T01:51:02+00:00,traffic-triggers-output,,,,,0,0,trigger_outputs
0001,Training Data 3.zip,2024-02-27 20:39:19,2024-02-28T01:51:02+00:00,traffic-triggers-output,,,,,0,0,trigger_outputs
0001,Training Data 3.zip,2024-02-27 20:39:19,2024-02-28T01:51:02+00:00,traffic-triggers-output,,,,,0,0,trigger_outputs
0001,Training Data 3.zip,2024-02-27 20:39:20,2024-02-28T01:51:02+00:00,traffic-triggers-output,,,,,0,0,trigger_outputs
0001,Training Data 3.zip,2024-02-27 20:39:20,2024-02-28T01:51:02+00:00,traffic-triggers-output,,,,,0,0,trigger_outputs
0001,Training Data 3.zip,2024-02-27 20:39:20,2024-02-28T01:51:02+00:00,traffic-triggers-output,,,,,0,0,trigger_outputs
0001,Training Data 3.zip,2024-02-27 20:39:20,2024-02-28T01:51:02+00:00,traffic-triggers-output,,,,,0,0,trigger_outputs
0001,Training Data 3.zip,2024-02-27 20:39:20,2024-02-28T01:51:02+00:00,traffic-triggers-output,,,,,0,0,trigger_outputs
0001,Training Data 3.zip,2024-02-27 20:39:20,2024-02-28T01:51:02+00:00,traffic-triggers-output,,,,,0,0,trigger_outputs
0001,Training Data 3.zip,2024-02-27 20:39:20,2024-02-28T01:51:02+00:00,traffic-triggers-output,,,,,0,0,trigger_outputs
0001,Training Data 3.zip,2024-02-27 20:39:20,2024-02-28T01:51:03+00:00,traffic-triggers-output,,,,,0,0,trigger_outputs
0001,Training Data 3.zip,2024-02-27 20:39:20,2024-02-28T01:51:03+00:00,traffic-triggers-output,,,,,0,0,trigger_outputs
0001,Training Data 3.zip,2024-02-27 20:39:20,2024-02-28T01:51:03+00:00,traffic-triggers-output,,,,,0,0,trigger_outputs
0001,Training Data 3.zip,2024-02-27 20:39:20,2024-02-28T01:51:03+00:00,traffic-triggers-output,,,,,0,0,trigger_outputs
0001,Training Data 3.zip,2024-02-27 20:39:20,2024-02-28T01:51:03+00:00,traffic-triggers-output,,,,,0,0,trigger_outputs
0001,Training Data 3.zip,2024-02-27 20:39:20,2024-02-28T01:51:03+00:00,traffic-triggers-output,,,,,0,0,trigger_outputs
0001,Training Data 3.zip,2024-02-27 20:39:20,2024-02-28T01:51:03+00:00,traffic-triggers-output,,,,,0,0,trigger_outputs
0001,Training Data 3.zip,2024-02-27 20:39:20,2024-02-28T01:51:03+00:00,traffic-triggers-output,,,,,0,0,trigger_outputs
0001,Training Data 3.zip,2024-02-27 20:39:20,2024-02-28T01:51:03+00:00,traffic-triggers-output,,,,,0,0,trigger_outputs
0001,Training Data 3.zip,2024-02-27 20:39:20,2024-02-28T01:51:03+00:00,traffic-triggers-output,,,,,0,0,trigger_outputs
0001,Training Data 3.zip,2024-02-27 20:39:20,2024-02-28T01:51:03+00:00,traffic-triggers-output,,,,,0,0,trigger_outputs
0001,Training Data 3.zip,2024-02-27 20:39:20,2024-02-28T01:51:03+00:00,traffic-triggers-output,,,,,0,0,trigger_outputs
0001,Training Data 3.zip,2024-02-27 20:39:20,2024-02-28T01:51:03+00:00,traffic-triggers-output,,,,,0,0,trigger_outputs
0001,Training Data 3.zip,2024-02-27 20:39:20,2024-02-28T01:51:03+00:00,traffic-triggers-output,,,,,0,0,trigger_outputs
0001,Training Data 3.zip,2024-02-27 20:39:20,2024-02-28T01:51:03+00:00,traffic-triggers-output,,,,,0,0,trigger_outputs
0001,Training Data 3.zip,2024-02-27 20:39:20,2024-02-28T01:51:03+00:00,traffic-triggers-output,,,,,0,0,trigger_outputs
0001,Training Data 3.zip,2024-02-27 20:39:20,2024-02-28T01:51:03+00:00,traffic-triggers-output,,,,,0,0,trigger_outputs
0001,Training Data 3.zip,2024-02-27 20:39:20,2024-02-28T01:51:03+00:00,traffic-triggers-output,,,,,0,0,trigger_outputs
0001,Training Data 3.zip,2024-02-27 20:39:20,2024-02-28T01:51:03+00:00,traffic-triggers-output,,,,,0,0,trigger_outputs
0001,Training Data 3.zip,2024-02-27 20:39:20,2024-02-28T01:51:03+00:00,traffic-triggers-output,,,,,0,0,trigger_outputs
0001,Training Data 3.zip,2024-02-27 20:39:20,2024-02-28T01:51:03+00:00,traffic-triggers-output,,,,,0,0,trigger_outputs
0001,Training Data 3.zip,2024-02-27 20:39:20,2024-02-28T01:51:03+00:00,traffic-triggers-output,,,,,0,0,trigger_outputs
0001,Training Data 3.zip,2024-02-27 20:39:20,2024-02-28T01:51:03+00:00,traffic-triggers-output,,,,,0,0,trigger_outputs
0001,Training Data 3.zip,2024-02-27 20:39:20,2024-02-28T01:51:03+00:00,traffic-triggers-output,,,,,0,0,trigger_outputs
0001,Training Data 3.zip,2024-02-27 20:39:20,2024-02-28T01:51:03+00:00,traffic-triggers-output,,,,,0,0,trigger_outputs
0001,Training Data 3.zip,2024-02-27 20:39:20,2024-02-28T01:51:03+00:00,traffic-triggers-output,,,,,0,0,trigger_outputs
0001,Training Data 3.zip,2024-02-27 20:39:20,2024-02-28T01:51:03+00:00,traffic-triggers-output,,,,,0,0,trigger_outputs
0001,Training Data 3.zip,2024-02-27 20:39:20,2024-02-28T01:51:03+00:00,traffic-triggers-output,,,,,0,0,trigger_outputs
0001,Training Data 3.zip,2024-02-27 20:39:20,2024-02-28T01:51:03+00:00,traffic-triggers-output,,,,,0,0,trigger_outputs
0001,Training Data 3.zip,2024-02-27 20:39:20,2024-02-28T01:51:03+00:00,traffic-triggers-output,,,,,0,0,trigger_outputs
0001,Training Data 3.zip,2024-02-27 20:39:20,2024-02-28T01:51:03+00:00,traffic-triggers-output,,,,,0,0,trigger_outputs
0001,Training Data 3.zip,2024-02-27 20:39:20,2024-02-28T01:51:03+00:00,traffic-triggers-output,,,,,0,0,trigger_outputs
0001,Training Data 3.zip,2024-02-27 20:39:20,2024-02-28T01:51:03+00:00,traffic-triggers-output,,,,,0,0,trigger_outputs
0001,Training Data 3.zip,2024-02-27 20:39:21,2024-02-28T01:51:03+00:00,traffic-triggers-output,,,,,0,0,trigger_outputs
0001,Training Data 3.zip,2024-02-27 20:39:21,2024-02-28T01:51:03+00:00,traffic-triggers-output,,,,,0,0,trigger_outputs
0001,Training Data 3.zip,2024-02-27 20:39:21,2024-02-28T01:51:03+00:00,traffic-triggers-output,,,,,0,0,trigger_outputs
0001,Training Data 3.zip,2024-02-27 20:39:21,2024-02-28T01:51:03+00:00,traffic-triggers-output,,,,,0,0,trigger_outputs
0001,Training Data 3.zip,2024-02-27 20:39:21,2024-02-28T01:51:03+00:00,traffic-triggers-output,,,,,0,0,trigger_outputs
0001,Training Data 3.zip,2024-02-27 20:39:21,2024-02-28T01:51:03+00:00,traffic-triggers-output,,,,,0,0,trigger_outputs
0001,Training Data 3.zip,2024-02-27 20:39:21,2024-02-28T01:51:03+00:00,traffic-triggers-output,,,,,0,0,trigger_outputs
0001,Training Data 3.zip,2024-02-27 20:39:21,2024-02-28T01:51:04+00:00,traffic-triggers-output,,,,,0,0,trigger_outputs
0001,Training Data 3.zip,2024-02-27 20:39:21,2024-02-28T01:51:04+00:00,traffic-triggers-output,,,,,0,0,trigger_outputs
0001,Training Data 3.zip,2024-02-27 20:39:21,2024-02-28T01:51:04+00:00,traffic-triggers-output,,,,,0,0,trigger_outputs
0001,Training Data 3.zip,2024-02-27 20:39:21,2024-02-28T01:51:04+00:00,traffic-triggers-output,,,,,0,0,trigger_outputs
0001,Training Data 3.zip,2024-02-27 20:39:21,2024-02-28T01:51:04+00:00,traffic-triggers-output,,,,,0,0,trigger_outputs
0001,Training Data 3.zip,2024-02-27 20:39:21,2024-02-28T01:51:04+00:00,traffic-triggers-output,,,,,0,0,trigger_outputs
0001,Training Data 3.zip,2024-02-27 20:39:21,2024-02-28T01:51:04+00:00,traffic-triggers-output,,,,,0,0,trigger_outputs
0001,Training Data 3.zip,2024-02-27 20:39:21,2024-02-28T01:51:04+00:00,traffic-triggers-output,,,,,0,0,trigger_outputs
0001,Training Data 3.zip,2024-02-27 20:39:21,2024-02-28T01:51:04+00:00,traffic-triggers-output,,,,,0,0,trigger_outputs
0001,Training Data 3.zip,2024-02-27 20:39:21,2024-02-28T01:51:04+00:00,traffic-triggers-output,,,,,0,0,trigger_outputs
0001,Training Data 3.zip,2024-02-27 20:39:21,2024-02-28T01:51:04+00:00,traffic-triggers-output,,,,,0,0,trigger_outputs
0001,Training Data 3.zip,2024-02-27 20:39:21,2024-02-28T01:51:04+00:00,traffic-triggers-output,,,,,0,0,trigger_outputs
0001,Training Data 3.zip,2024-02-27 20:39:21,2024-02-28T01:51:04+00:00,traffic-triggers-output,,,,,0,0,trigger_outputs
0001,Training Data 3.zip,2024-02-27 20:39:21,2024-02-28T01:51:04+00:00,traffic-triggers-output,,,,,0,0,trigger_outputs
0001,Training Data 3.zip,2024-02-27 20:39:21,2024-02-28T01:51:04+00:00,traffic-triggers-output,,,,,0,0,trigger_outputs
0001,Training Data 3.zip,2024-02-27 20:39:21,2024-02-28T01:51:04+00:00,traffic-triggers-output,,,,,0,0,trigger_outputs
0001,Training Data 3.zip,2024-02-27 20:39:21,2024-02-28T01:51:04+00:00,traffic-triggers-output,,,,,0,0,trigger_outputs
0001,Training Data 3.zip,2024-02-27 20:39:21,2024-02-28T01:51:04+00:00,traffic-triggers-output,,,,,0,0,trigger_outputs
0001,Training Data 3.zip,2024-02-27 20:39:21,2024-02-28T01:51:04+00:00,traffic-triggers-output,,,,,0,0,trigger_outputs
0001,Training Data 3.zip,2024-02-27 20:39:21,2024-02-28T01:51:04+00:00,traffic-triggers-output,,,,,0,0,trigger_outputs
0001,Training Data 3.zip,2024-02-27 20:39:21,2024-02-28T01:51:04+00:00,traffic-triggers-output,,,,,0,0,trigger_outputs
0001,Training Data 3.zip,2024-02-27 20:39:21,2024-02-28T01:51:04+00:00,traffic-triggers-output,,,,,0,0,trigger_outputs
0001,Training Data 3.zip,2024-02-27 20:39:21,2024-02-28T01:51:04+00:00,traffic-triggers-output,,,,,0,0,trigger_outputs
0001,Training Data 3.zip,2024-02-27 20:39:21,2024-02-28T01:51:04+00:00,traffic-triggers-output,,,,,0,0,trigger_outputs
0001,Training Data 3.zip,2024-02-27 20:39:21,2024-02-28T01:51:04+00:00,traffic-triggers-output,,,,,0,0,trigger_outputs
0001,Training Data 3.zip,2024-02-27 20:39:21,2024-02-28T01:51:04+00:00,traffic-triggers-output,,,,,0,0,trigger_outputs
0001,Training Data 3.zip,2024-02-27 20:39:21,2024-02-28T01:51:04+00:00,traffic-triggers-output,,,,,0,0,trigger_outputs
0001,Training Data 3.zip,2024-02-27 20:39:21,2024-02-28T01:51:04+00:00,traffic-triggers-output,,,,,0,0,trigger_outputs
0001,Training Data 3.zip,2024-02-27 20:39:21,2024-02-28T01:51:04+00:00,traffic-triggers-output,,,,,0,0,trigger_outputs
0001,Training Data 3.zip,2024-02-27 20:39:21,2024-02-28T01:51:04+00:00,traffic-triggers-output,,,,,0,0,trigger_outputs
0001,Training Data 3.zip,2024-02-27 20:39:21,2024-02-28T01:51:04+00:00,traffic-triggers-output,,,,,0,0,trigger_outputs
0001,Training Data 3.zip,2024-02-27 20:39:21,2024-02-28T01:51:04+00:00,traffic-triggers-output,,,,,0,0,trigger_outputs
0001,Training Data 3.zip,2024-02-27 20:39:21,2024-02-28T01:51:04+00:00,traffic-triggers-output,,,,,0,0,trigger_outputs
0001,Training Data 3.zip,2024-02-27 20:39:22,2024-02-28T01:51:04+00:00,traffic-triggers-output,,,,,0,0,trigger_outputs
0001,Training Data 3.zip,2024-02-27 20:39:22,2024-02-28T01:51:04+00:00,traffic-triggers-output,,,,,0,0,trigger_outputs
0001,Training Data 3.zip,2024-02-27 20:39:22,2024-02-28T01:51:04+00:00,traffic-triggers-output,,,,,0,0,trigger_outputs
0001,Training Data 3.zip,2024-02-27 20:39:22,2024-02-28T01:51:04+00:00,traffic-triggers-output,,,,,0,0,trigger_outputs
0001,Training Data 3.zip,2024-02-27 20:39:22,2024-02-28T01:51:04+00:00,traffic-triggers-output,,,,,0,0,trigger_outputs
0001,Training Data 3.zip,2024-02-27 20:39:22,2024-02-28T01:51:04+00:00,traffic-triggers-output,,,,,0,0,trigger_outputs
0001,Training Data 3.zip,2024-02-27 20:39:22,2024-02-28T01:51:04+00:00,traffic-triggers-output,,,,,0,0,trigger_outputs
0001,Training Data 3.zip,2024-02-27 20:39:22,2024-02-28T01:51:05+00:00,traffic-triggers-output,,,,,0,0,trigger_outputs
0001,Training Data 3.zip,2024-02-27 20:39:22,2024-02-28T01:51:05+00:00,traffic-triggers-output,,,,,0,0,trigger_outputs
0001,Training Data 3.zip,2024-02-27 20:39:22,2024-02-28T01:51:05+00:00,traffic-triggers-output,,,,,0,0,trigger_outputs
0001,Training Data 3.zip,2024-02-27 20:39:22,2024-02-28T01:51:05+00:00,traffic-triggers-output,,,,,0,0,trigger_outputs
0001,Training Data 3.zip,2024-02-27 20:39:22,2024-02-28T01:51:05+00:00,traffic-triggers-output,,,,,0,0,trigger_outputs
0001,Training Data 3.zip,2024-02-27 20:39:22,2024-02-28T01:51:05+00:00,traffic-triggers-output,,,,,0,0,trigger_outputs
0001,Training Data 3.zip,2024-02-27 20:39:22,2024-02-28T01:51:05+00:00,traffic-triggers-output,,,,,0,0,trigger_outputs
0001,Training Data 3.zip,2024-02-27 20:39:22,2024-02-28T01:51:05+00:00,traffic-triggers-output,,,,,0,0,trigger_outputs
0001,Training Data 3.zip,2024-02-27 20:39:22,2024-02-28T01:51:05+00:00,traffic-triggers-output,,,,,0,0,trigger_outputs
0001,Training Data 3.zip,2024-02-27 20:39:22,2024-02-28T01:51:05+00:00,traffic-triggers-output,,,,,0,0,trigger_outputs
0001,Training Data 3.zip,2024-02-27 20:39:22,2024-02-28T01:51:05+00:00,traffic-triggers-output,,,,,0,0,trigger_outputs
0001,Training Data 3.zip,2024-02-27 20:39:22,2024-02-28T01:51:05+00:00,traffic-triggers-output,,,,,0,0,trigger_outputs
0001,Training Data 3.zip,2024-02-27 20:39:22,2024-02-28T01:51:05+00:00,traffic-triggers-output,,,,,0,0,trigger_outputs
0001,Training Data 3.zip,2024-02-27 20:39:22,2024-02-28T01:51:05+00:00,traffic-triggers-output,,,,,0,0,trigger_outputs
0001,Training Data 3.zip,2024-02-27 20:39:22,2024-02-28T01:51:05+00:00,traffic-triggers-output,,,,,0,0,trigger_outputs
0001,Training Data 3.zip,2024-02-27 20:39:22,2024-02-28T01:51:05+00:00,traffic-triggers-output,,,,,0,0,trigger_outputs
0001,Training Data 3.zip,2024-02-27 20:39:22,2024-02-28T01:51:05+00:00,traffic-triggers-output,,,,,0,0,trigger_outputs
0001,Training Data 3.zip,2024-02-27 20:39:22,2024-02-28T01:51:05+00:00,traffic-triggers-output,,,,,0,0,trigger_outputs
0001,Training Data 3.zip,2024-02-27 20:39:22,2024-02-28T01:51:05+00:00,traffic-triggers-output,,,,,0,0,trigger_outputs
0001,Training Data 3.zip,2024-02-27 20:39:22,2024-02-28T01:51:05+00:00,traffic-triggers-output,,,,,0,0,trigger_outputs
0001,Training Data 3.zip,2024-02-27 20:39:22,2024-02-28T01:51:05+00:00,traffic-triggers-output,,,,,0,0,trigger_outputs
0001,Training Data 3.zip,2024-02-27 20:39:22,2024-02-28T01:51:05+00:00,traffic-triggers-output,,,,,0,0,trigger_outputs
0001,Training Data 3.zip,2024-02-27 20:39:22,2024-02-28T01:51:05+00:00,traffic-triggers-output,,,,,0,0,trigger_outputs
0001,Training Data 3.zip,2024-02-27 20:39:22,2024-02-28T01:51:05+00:00,traffic-triggers-output,,,,,0,0,trigger_outputs
0001,Training Data 3.zip,2024-02-27 20:39:22,2024-02-28T01:51:05+00:00,traffic-triggers-output,,,,,0,0,trigger_outputs
0001,Training Data 3.zip,2024-02-27 20:39:22,2024-02-28T01:51:05+00:00,traffic-triggers-output,,,,,0,0,trigger_outputs
0001,Training Data 3.zip,2024-02-27 20:39:22,2024-02-28T01:51:05+00:00,traffic-triggers-output,,,,,0,0,trigger_outputs
0001,Training Data 3.zip,2024-02-27 20:39:22,2024-02-28T01:51:05+00:00,traffic-triggers-output,,,,,0,0,trigger_outputs
0001,Training Data 3.zip,2024-02-27 20:39:22,2024-02-28T01:51:05+00:00,traffic-triggers-output,,,,,0,0,trigger_outputs
0001,Training Data 3.zip,2024-02-27 20:39:22,2024-02-28T01:51:05+00:00,traffic-triggers-output,,,,,0,0,trigger_outputs
0001,Training Data 3.zip,2024-02-27 20:39:22,2024-02-28T01:51:05+00:00,traffic-triggers-output,,,,,0,0,trigger_outputs
0001,Training Data 3.zip,2024-02-27 20:39:22,2024-02-28T01:51:05+00:00,traffic-triggers-output,,,,,0,0,trigger_outputs
0001,Training Data 3.zip,2024-02-27 20:39:22,2024-02-28T01:51:05+00:00,traffic-triggers-output,,,,,0,0,trigger_outputs
0001,Training Data 3.zip,2024-02-27 20:39:23,2024-02-28T01:51:05+00:00,traffic-triggers-output,,,,,0,0,trigger_outputs
0001,Training Data 3.zip,2024-02-27 20:39:23,2024-02-28T01:51:05+00:00,traffic-triggers-output,,,,,0,0,trigger_outputs
0001,Training Data 3.zip,2024-02-27 20:39:23,2024-02-28T01:51:05+00:00,traffic-triggers-output,,,,,0,0,trigger_outputs
0001,Training Data 3.zip,2024-02-27 20:39:23,2024-02-28T01:51:05+00:00,traffic-triggers-output,,,,,0,0,trigger_outputs
0001,Training Data 3.zip,2024-02-27 20:39:23,2024-02-28T01:51:05+00:00,traffic-triggers-output,,,,,0,0,trigger_outputs
0001,Training Data 3.zip,2024-02-27 20:39:23,2024-02-28T01:51:05+00:00,traffic-triggers-output,,,,,0,0,trigger_outputs
0001,Training Data 3.zip,2024-02-27 20:39:23,2024-02-28T01:51:05+00:00,traffic-triggers-output,,,,,0,0,trigger_outputs
0001,Training Data 3.zip,2024-02-27 20:39:23,2024-02-28T01:51:06+00:00,traffic-triggers-output,,,,,0,0,trigger_outputs
0001,Training Data 3.zip,2024-02-27 20:39:23,2024-02-28T01:51:06+00:00,traffic-triggers-output,,,,,0,0,trigger_outputs
0001,Training Data 3.zip,2024-02-27 20:39:23,2024-02-28T01:51:06+00:00,traffic-triggers-output,,,,,0,0,trigger_outputs
0001,Training Data 3.zip,2024-02-27 20:39:23,2024-02-28T01:51:06+00:00,traffic-triggers-output,,,,,0,0,trigger_outputs
0001,Training Data 3.zip,2024-02-27 20:39:23,2024-02-28T01:51:06+00:00,traffic-triggers-output,,,,,0,0,trigger_outputs
0001,Training Data 3.zip,2024-02-27 20:39:23,2024-02-28T01:51:06+00:00,traffic-triggers-output,,,,,0,0,trigger_outputs
0001,Training Data 3.zip,2024-02-27 20:39:23,2024-02-28T01:51:06+00:00,traffic-triggers-output,,,,,0,0,trigger_outputs
0001,Training Data 3.zip,2024-02-27 20:39:23,2024-02-28T01:51:06+00:00,traffic-triggers-output,,,,,0,0,trigger_outputs
0001,Training Data 3.zip,2024-02-27 20:39:23,2024-02-28T01:51:06+00:00,traffic-triggers-output,,,,,0,0,trigger_outputs
0001,Training Data 3.zip,2024-02-27 20:39:23,2024-02-28T01:51:06+00:00,traffic-triggers-output,,,,,0,0,trigger_outputs
0001,Training Data 3.zip,2024-02-27 20:39:23,2024-02-28T01:51:06+00:00,traffic-triggers-output,,,,,0,0,trigger_outputs
0001,Training Data 3.zip,2024-02-27 20:39:23,2024-02-28T01:51:06+00:00,traffic-triggers-output,,,,,0,0,trigger_outputs
0001,Training Data 3.zip,2024-02-27 20:39:23,2024-02-28T01:51:06+00:00,traffic-triggers-output,,,,,0,0,trigger_outputs
0001,Training Data 3.zip,2024-02-27 20:39:23,2024-02-28T01:51:06+00:00,traffic-triggers-output,,,,,0,0,trigger_outputs
0001,Training Data 3.zip,2024-02-27 20:39:23,2024-02-28T01:51:06+00:00,traffic-triggers-output,,,,,0,0,trigger_outputs
0001,Training Data 3.zip,2024-02-27 20:39:23,2024-02-28T01:51:06+00:00,traffic-triggers-output,,,,,0,0,trigger_outputs
0001,Training Data 3.zip,2024-02-27 20:39:23,2024-02-28T01:51:06+00:00,traffic-triggers-output,,,,,0,0,trigger_outputs
0001,Training Data 3.zip,2024-02-27 20:39:23,2024-02-28T01:51:06+00:00,traffic-triggers-output,,,,,0,0,trigger_outputs
0001,Training Data 3.zip,2024-02-27 20:39:23,2024-02-28T01:51:06+00:00,traffic-triggers-output,,,,,0,0,trigger_outputs
0001,Training Data 3.zip,2024-02-27 20:39:23,2024-02-28T01:51:06+00:00,traffic-triggers-output,,,,,0,0,trigger_outputs
0001,Training Data 3.zip,2024-02-27 20:39:23,2024-02-28T01:51:06+00:00,traffic-triggers-output,,,,,0,0,trigger_outputs
0001,Training Data 3.zip,2024-02-27 20:39:23,2024-02-28T01:51:06+00:00,traffic-triggers-output,,,,,0,0,trigger_outputs
0001,Training Data 3.zip,2024-02-27 20:39:23,2024-02-28T01:51:06+00:00,traffic-triggers-output,,,,,0,0,trigger_outputs
0001,Training Data 3.zip,2024-02-27 20:39:23,2024-02-28T01:51:06+00:00,traffic-triggers-output,,,,,0,0,trigger_outputs
0001,Training Data 3.zip,2024-02-27 20:39:23,2024-02-28T01:51:06+00:00,traffic-triggers-output,,,,,0,0,trigger_outputs
0001,Training Data 3.zip,2024-02-27 20:39:23,2024-02-28T01:51:06+00:00,traffic-triggers-output,,,,,0,0,trigger_outputs
0001,Training Data 3.zip,2024-02-27 20:39:23,2024-02-28T01:51:06+00:00,traffic-triggers-output,,,,,0,0,trigger_outputs
0001,Training Data 3.zip,2024-02-27 20:39:23,2024-02-28T01:51:06+00:00,traffic-triggers-output,,,,,0,0,trigger_outputs
0001,Training Data 3.zip,2024-02-27 20:39:23,2024-02-28T01:51:06+00:00,traffic-triggers-output,,,,,0,0,trigger_outputs
0001,Training Data 3.zip,2024-02-27 20:39:23,2024-02-28T01:51:06+00:00,traffic-triggers-output,,,,,0,0,trigger_outputs
0001,Training Data 3.zip,2024-02-27 20:39:23,2024-02-28T01:51:06+00:00,traffic-triggers-output,,,,,0,0,trigger_outputs
0001,Training Data 3.zip,2024-02-27 20:39:23,2024-02-28T01:51:06+00:00,traffic-triggers-output,,,,,0,0,trigger_outputs
0001,Training Data 3.zip,2024-02-27 20:39:23,2024-02-28T01:51:06+00:00,traffic-triggers-output,,,,,0,0,trigger_outputs
0001,Training Data 3.zip,2024-02-27 20:39:24,2024-02-28T01:51:06+00:00,traffic-triggers-output,,,,,0,0,trigger_outputs
0001,Training Data 3.zip,2024-02-27 20:39:24,2024-02-28T01:51:06+00:00,traffic-triggers-output,,,,,0,0,trigger_outputs
0001,Training Data 3.zip,2024-02-27 20:39:24,2024-02-28T01:51:06+00:00,traffic-triggers-output,,,,,0,0,trigger_outputs
0001,Training Data 3.zip,2024-02-27 20:39:24,2024-02-28T01:51:06+00:00,traffic-triggers-output,,,,,0,0,trigger_outputs
0001,Training Data 3.zip,2024-02-27 20:39:24,2024-02-28T01:51:06+00:00,traffic-triggers-output,,,,,0,0,trigger_outputs
0001,Training Data 3.zip,2024-02-27 20:39:24,2024-02-28T01:51:06+00:00,traffic-triggers-output,,,,,0,0,trigger_outputs
0001,Training Data 3.zip,2024-02-27 20:39:24,2024-02-28T01:51:06+00:00,traffic-triggers-output,,,,,0,0,trigger_outputs
0001,Training Data 3.zip,2024-02-27 20:39:24,2024-02-28T01:51:07+00:00,traffic-triggers-output,,,,,0,0,trigger_outputs
0001,Training Data 3.zip,2024-02-27 20:39:24,2024-02-28T01:51:07+00:00,traffic-triggers-output,,,,,0,0,trigger_outputs
0001,Training Data 3.zip,2024-02-27 20:39:24,2024-02-28T01:51:07+00:00,traffic-triggers-output,,,,,0,0,trigger_outputs
0001,Training Data 3.zip,2024-02-27 20:39:24,2024-02-28T01:51:07+00:00,traffic-triggers-output,,,,,0,0,trigger_outputs
0001,Training Data 3.zip,2024-02-27 20:39:24,2024-02-28T01:51:07+00:00,traffic-triggers-output,,,,,0,0,trigger_outputs
0001,Training Data 3.zip,2024-02-27 20:39:24,2024-02-28T01:51:07+00:00,traffic-triggers-output,,,,,0,0,trigger_outputs
0001,Training Data 3.zip,2024-02-27 20:39:24,2024-02-28T01:51:07+00:00,traffic-triggers-output,,,,,0,0,trigger_outputs
0001,Training Data 3.zip,2024-02-27 20:39:24,2024-02-28T01:51:07+00:00,traffic-triggers-output,,,,,0,0,trigger_outputs
0001,Training Data 3.zip,2024-02-27 20:39:24,2024-02-28T01:51:07+00:00,traffic-triggers-output,,,,,0,0,trigger_outputs
0001,Training Data 3.zip,2024-02-27 20:39:24,2024-02-28T01:51:07+00:00,traffic-triggers-output,,,,,0,0,trigger_outputs
0001,Training Data 3.zip,2024-02-27 20:39:24,2024-02-28T01:51:07+00:00,traffic-triggers-output,,,,,0,0,trigger_outputs
0001,Training Data 3.zip,2024-02-27 20:39:24,2024-02-28T01:51:07+00:00,traffic-triggers-output,,,,,0,0,trigger_outputs
0001,Training Data 3.zip,2024-02-27 20:39:24,2024-02-28T01:51:07+00:00,traffic-triggers-output,,,,,0,0,trigger_outputs
0001,Training Data 3.zip,2024-02-27 20:39:24,2024-02-28T01:51:07+00:00,traffic-triggers-output,,,,,0,0,trigger_outputs
0001,Training Data 3.zip,2024-02-27 20:39:24,2024-02-28T01:51:07+00:00,traffic-triggers-output,,,,,0,0,trigger_outputs
0001,Training Data 3.zip,2024-02-27 20:39:24,2024-02-28T01:51:07+00:00,traffic-triggers-output,,,,,0,0,trigger_outputs
0001,Training Data 3.zip,2024-02-27 20:39:24,2024-02-28T01:51:07+00:00,traffic-triggers-output,,,,,0,0,trigger_outputs
0001,Training Data 3.zip,2024-02-27 20:39:24,2024-02-28T01:51:07+00:00,traffic-triggers-output,,,,,0,0,trigger_outputs
0001,Training Data 3.zip,2024-02-27 20:39:24,2024-02-28T01:51:07+00:00,traffic-triggers-output,,,,,0,0,trigger_outputs
0001,Training Data 3.zip,2024-02-27 20:39:24,2024-02-28T01:51:07+00:00,traffic-triggers-output,,,,,0,0,trigger_outputs
0001,Training Data 3.zip,2024-02-27 20:39:24,2024-02-28T01:51:07+00:00,traffic-triggers-output,,,,,0,0,trigger_outputs
0001,Training Data 3.zip,2024-02-27 20:39:24,2024-02-28T01:51:07+00:00,traffic-triggers-output,,,,,0,0,trigger_outputs
0001,Training Data 3.zip,2024-02-27 20:39:24,2024-02-28T01:51:07+00:00,traffic-triggers-output,,,,,0,0,trigger_outputs
0001,Training Data 3.zip,2024-02-27 20:39:24,2024-02-28T01:51:07+00:00,traffic-triggers-output,,,,,0,0,trigger_outputs
0001,Training Data 3.zip,2024-02-27 20:39:24,2024-02-28T01:51:07+00:00,traffic-triggers-output,,,,,0,0,trigger_outputs
0001,Training Data 3.zip,2024-02-27 20:39:24,2024-02-28T01:51:07+00:00,traffic-triggers-output,,,,,0,0,trigger_outputs
0001,Training Data 3.zip,2024-02-27 20:39:24,2024-02-28T01:51:07+00:00,traffic-triggers-output,,,,,0,0,trigger_outputs
0001,Training Data 3.zip,2024-02-27 20:39:24,2024-02-28T01:51:07+00:00,traffic-triggers-output,,,,,0,0,trigger_outputs
0001,Training Data 3.zip,2024-02-27 20:39:24,2024-02-28T01:51:07+00:00,traffic-triggers-output,,,,,0,0,trigger_outputs
0001,Training Data 3.zip,2024-02-27 20:39:24,2024-02-28T01:51:07+00:00,traffic-triggers-output,,,,,0,0,trigger_outputs
0001,Training Data 3.zip,2024-02-27 20:39:24,2024-02-28T01:51:07+00:00,traffic-triggers-output,,,,,0,0,trigger_outputs
0001,Training Data 3.zip,2024-02-27 20:39:24,2024-02-28T01:51:07+00:00,traffic-triggers-output,,,,,0,0,trigger_outputs
0001,Training Data 3.zip,2024-02-27 20:39:24,2024-02-28T01:51:07+00:00,traffic-triggers-output,,,,,0,0,trigger_outputs
0001,Training Data 3.zip,2024-02-27 20:39:25,2024-02-28T01:51:07+00:00,traffic-triggers-output,,,,,0,0,trigger_outputs
0001,Training Data 3.zip,2024-02-27 20:39:25,2024-02-28T01:51:07+00:00,traffic-triggers-output,,,,,0,0,trigger_outputs
0001,Training Data 3.zip,2024-02-27 20:39:25,2024-02-28T01:51:07+00:00,traffic-triggers-output,,,,,0,0,trigger_outputs
0001,Training Data 3.zip,2024-02-27 20:39:25,2024-02-28T01:51:07+00:00,traffic-triggers-output,,,,,0,0,trigger_outputs
0001,Training Data 3.zip,2024-02-27 20:39:25,2024-02-28T01:51:07+00:00,traffic-triggers-output,,,,,0,0,trigger_outputs
0001,Training Data 3.zip,2024-02-27 20:39:25,2024-02-28T01:51:07+00:00,traffic-triggers-output,,,,,0,0,trigger_outputs
0001,Training Data 3.zip,2024-02-27 20:39:25,2024-02-28T01:51:07+00:00,traffic-triggers-output,,,,,0,0,trigger_outputs
0001,Training Data 3.zip,2024-02-27 20:39:25,2024-02-28T01:51:08+00:00,traffic-triggers-output,,,,,0,0,trigger_outputs
0001,Training Data 3.zip,2024-02-27 20:39:25,2024-02-28T01:51:08+00:00,traffic-triggers-output,,,,,0,0,trigger_outputs
0001,Training Data 3.zip,2024-02-27 20:39:25,2024-02-28T01:51:08+00:00,traffic-triggers-output,,,,,0,0,trigger_outputs
0001,Training Data 3.zip,2024-02-27 20:39:25,2024-02-28T01:51:08+00:00,traffic-triggers-output,,,,,0,0,trigger_outputs
0001,Training Data 3.zip,2024-02-27 20:39:25,2024-02-28T01:51:08+00:00,traffic-triggers-output,,,,,0,0,trigger_outputs
0001,Training Data 3.zip,2024-02-27 20:39:25,2024-02-28T01:51:08+00:00,traffic-triggers-output,,,,,0,0,trigger_outputs
0001,Training Data 3.zip,2024-02-27 20:39:25,2024-02-28T01:51:08+00:00,traffic-triggers-output,,,,,0,0,trigger_outputs
0001,Training Data 3.zip,2024-02-27 20:39:25,2024-02-28T01:51:08+00:00,traffic-triggers-output,,,,,0,0,trigger_outputs
0001,Training Data 3.zip,2024-02-27 20:39:25,2024-02-28T01:51:08+00:00,traffic-triggers-output,,,,,0,0,trigger_outputs
0001,Training Data 3.zip,2024-02-27 20:39:25,2024-02-28T01:51:08+00:00,traffic-triggers-output,,,,,0,0,trigger_outputs
0001,Training Data 3.zip,2024-02-27 20:39:25,2024-02-28T01:51:08+00:00,traffic-triggers-output,,,,,0,0,trigger_outputs
0001,Training Data 3.zip,2024-02-27 20:39:25,2024-02-28T01:51:08+00:00,traffic-triggers-output,,,,,0,0,trigger_outputs
0001,Training Data 3.zip,2024-02-27 20:39:25,2024-02-28T01:51:08+00:00,traffic-triggers-output,,,,,0,0,trigger_outputs
0001,Training Data 3.zip,2024-02-27 20:39:25,2024-02-28T01:51:08+00:00,traffic-triggers-output,,,,,0,0,trigger_outputs
0001,Training Data 3.zip,2024-02-27 20:39:25,2024-02-28T01:51:08+00:00,traffic-triggers-output,,,,,0,0,trigger_outputs
0001,Training Data 3.zip,2024-02-27 20:39:25,2024-02-28T01:51:08+00:00,traffic-triggers-output,,,,,0,0,trigger_outputs
0001,Training Data 3.zip,2024-02-27 20:39:25,2024-02-28T01:51:08+00:00,traffic-triggers-output,,,,,0,0,trigger_outputs
0001,Training Data 3.zip,2024-02-27 20:39:25,2024-02-28T01:51:08+00:00,traffic-triggers-output,,,,,0,0,trigger_outputs
0001,Training Data 3.zip,2024-02-27 20:39:25,2024-02-28T01:51:08+00:00,traffic-triggers-output,,,,,0,0,trigger_outputs
0001,Training Data 3.zip,2024-02-27 20:39:25,2024-02-28T01:51:08+00:00,traffic-triggers-output,,,,,0,0,trigger_outputs
0001,Training Data 3.zip,2024-02-27 20:39:25,2024-02-28T01:51:08+00:00,traffic-triggers-output,,,,,0,0,trigger_outputs
0001,Training Data 3.zip,2024-02-27 20:39:25,2024-02-28T01:51:08+00:00,traffic-triggers-output,,,,,0,0,trigger_outputs
0001,Training Data 3.zip,2024-02-27 20:39:25,2024-02-28T01:51:08+00:00,traffic-triggers-output,,,,,0,0,trigger_outputs
0001,Training Data 3.zip,2024-02-27 20:39:25,2024-02-28T01:51:08+00:00,traffic-triggers-output,,,,,0,0,trigger_outputs
0001,Training Data 3.zip,2024-02-27 20:39:25,2024-02-28T01:51:08+00:00,traffic-triggers-output,,,,,0,0,trigger_outputs
0001,Training Data 3.zip,2024-02-27 20:39:25,2024-02-28T01:51:08+00:00,traffic-triggers-output,,,,,0,0,trigger_outputs
0001,Training Data 3.zip,2024-02-27 20:39:25,2024-02-28T01:51:08+00:00,traffic-triggers-output,,,,,0,0,trigger_outputs
0001,Training Data 3.zip,2024-02-27 20:39:25,2024-02-28T01:51:08+00:00,traffic-triggers-output,,,,,0,0,trigger_outputs
0001,Training Data 3.zip,2024-02-27 20:39:25,2024-02-28T01:51:08+00:00,traffic-triggers-output,,,,,0,0,trigger_outputs
0001,Training Data 3.zip,2024-02-27 20:39:25,2024-02-28T01:51:08+00:00,traffic-triggers-output,,,,,0,0,trigger_outputs
0001,Training Data 3.zip,2024-02-27 20:39:25,2024-02-28T01:51:08+00:00,traffic-triggers-output,,,,,0,0,trigger_outputs
0001,Training Data 3.zip,2024-02-27 20:39:25,2024-02-28T01:51:08+00:00,traffic-triggers-output,,,,,0,0,trigger_outputs
0001,Training Data 3.zip,2024-02-27 20:39:25,2024-02-28T01:51:08+00:00,traffic-triggers-output,,,,,0,0,trigger_outputs
0001,Training Data 3.zip,2024-02-27 20:39:26,2024-02-28T01:51:08+00:00,traffic-triggers-output,,,,,0,0,trigger_outputs
0001,Training Data 3.zip,2024-02-27 20:39:26,2024-02-28T01:51:08+00:00,traffic-triggers-output,,,,,0,0,trigger_outputs
0001,Training Data 3.zip,2024-02-27 20:39:26,2024-02-28T01:51:08+00:00,traffic-triggers-output,,,,,0,0,trigger_outputs
0001,Training Data 3.zip,2024-02-27 20:39:26,2024-02-28T01:51:08+00:00,traffic-triggers-output,,,,,0,0,trigger_outputs
0001,Training Data 3.zip,2024-02-27 20:39:26,2024-02-28T01:51:08+00:00,traffic-triggers-output,,,,,0,0,trigger_outputs
0001,Training Data 3.zip,2024-02-27 20:39:26,2024-02-28T01:51:08+00:00,traffic-triggers-output,,,,,0,0,trigger_outputs
0001,Training Data 3.zip,2024-02-27 20:39:26,2024-02-28T01:51:08+00:00,traffic-triggers-output,,,,,0,0,trigger_outputs
0001,Training Data 3.zip,2024-02-27 20:39:26,2024-02-28T01:51:09+00:00,traffic-triggers-output,,,,,0,0,trigger_outputs
0001,Training Data 3.zip,2024-02-27 20:39:26,2024-02-28T01:51:09+00:00,traffic-triggers-output,,,,,0,0,trigger_outputs
0001,Training Data 3.zip,2024-02-27 20:39:26,2024-02-28T01:51:09+00:00,traffic-triggers-output,,,,,0,0,trigger_outputs
0001,Training Data 3.zip,2024-02-27 20:39:26,2024-02-28T01:51:09+00:00,traffic-triggers-output,,,,,0,0,trigger_outputs
0001,Training Data 3.zip,2024-02-27 20:39:26,2024-02-28T01:51:09+00:00,traffic-triggers-output,,,,,0,0,trigger_outputs
0001,Training Data 3.zip,2024-02-27 20:39:26,2024-02-28T01:51:09+00:00,traffic-triggers-output,,,,,0,0,trigger_outputs
0001,Training Data 3.zip,2024-02-27 20:39:26,2024-02-28T01:51:09+00:00,traffic-triggers-output,,,,,0,0,trigger_outputs
0001,Training Data 3.zip,2024-02-27 20:39:26,2024-02-28T01:51:09+00:00,traffic-triggers-output,,,,,0,0,trigger_outputs
0001,Training Data 3.zip,2024-02-27 20:39:26,2024-02-28T01:51:09+00:00,traffic-triggers-output,,,,,0,0,trigger_outputs
0001,Training Data 3.zip,2024-02-27 20:39:26,2024-02-28T01:51:09+00:00,traffic-triggers-output,,,,,0,0,trigger_outputs
0001,Training Data 3.zip,2024-02-27 20:39:26,2024-02-28T01:51:09+00:00,traffic-triggers-output,,,,,0,0,trigger_outputs
0001,Training Data 3.zip,2024-02-27 20:39:26,2024-02-28T01:51:09+00:00,traffic-triggers-output,,,,,0,0,trigger_outputs
0001,Training Data 3.zip,2024-02-27 20:39:26,2024-02-28T01:51:09+00:00,traffic-triggers-output,,,,,0,0,trigger_outputs
0001,Training Data 3.zip,2024-02-27 20:39:26,2024-02-28T01:51:09+00:00,traffic-triggers-output,,,,,0,0,trigger_outputs
0001,Training Data 3.zip,2024-02-27 20:39:26,2024-02-28T01:51:09+00:00,traffic-triggers-output,,,,,0,0,trigger_outputs
0001,Training Data 3.zip,2024-02-27 20:39:26,2024-02-28T01:51:09+00:00,traffic-triggers-output,,,,,0,0,trigger_outputs
0001,Training Data 3.zip,2024-02-27 20:39:26,2024-02-28T01:51:09+00:00,traffic-triggers-output,,,,,0,0,trigger_outputs
0001,Training Data 3.zip,2024-02-27 20:39:26,2024-02-28T01:51:09+00:00,traffic-triggers-output,,,,,0,0,trigger_outputs
0001,Training Data 3.zip,2024-02-27 20:39:26,2024-02-28T01:51:09+00:00,traffic-triggers-output,,,,,0,0,trigger_outputs
0001,Training Data 3.zip,2024-02-27 20:39:26,2024-02-28T01:51:09+00:00,traffic-triggers-output,,,,,0,0,trigger_outputs
0001,Training Data 3.zip,2024-02-27 20:39:26,2024-02-28T01:51:09+00:00,traffic-triggers-output,,,,,0,0,trigger_outputs
0001,Training Data 3.zip,2024-02-27 20:39:26,2024-02-28T01:51:09+00:00,traffic-triggers-output,,,,,0,0,trigger_outputs
0001,Training Data 3.zip,2024-02-27 20:39:26,2024-02-28T01:51:09+00:00,traffic-triggers-output,,,,,0,0,trigger_outputs
0001,Training Data 3.zip,2024-02-27 20:39:26,2024-02-28T01:51:09+00:00,traffic-triggers-output,,,,,0,0,trigger_outputs
0001,Training Data 3.zip,2024-02-27 20:39:26,2024-02-28T01:51:09+00:00,traffic-triggers-output,,,,,0,0,trigger_outputs
0001,Training Data 3.zip,2024-02-27 20:39:26,2024-02-28T01:51:09+00:00,traffic-triggers-output,,,,,0,0,trigger_outputs
0001,Training Data 3.zip,2024-02-27 20:39:26,2024-02-28T01:51:09+00:00,traffic-triggers-output,,,,,0,0,trigger_outputs
0001,Training Data 3.zip,2024-02-27 20:39:26,2024-02-28T01:51:09+00:00,traffic-triggers-output,,,,,0,0,trigger_outputs
0001,Training Data 3.zip,2024-02-27 20:39:26,2024-02-28T01:51:09+00:00,traffic-triggers-output,,,,,0,0,trigger_outputs
0001,Training Data 3.zip,2024-02-27 20:39:26,2024-02-28T01:51:09+00:00,traffic-triggers-output,,,,,0,0,trigger_outputs
0001,Training Data 3.zip,2024-02-27 20:39:26,2024-02-28T01:51:09+00:00,traffic-triggers-output,,,,,0,0,trigger_outputs
0001,Training Data 3.zip,2024-02-27 20:39:26,2024-02-28T01:51:09+00:00,traffic-triggers-output,,,,,0,0,trigger_outputs
0001,Training Data 3.zip,2024-02-27 20:39:26,2024-02-28T01:51:09+00:00,traffic-triggers-output,,,,,0,0,trigger_outputs
0001,Training Data 3.zip,2024-02-27 20:39:27,2024-02-28T01:51:09+00:00,traffic-triggers-output,,,,,0,0,trigger_outputs
0001,Training Data 3.zip,2024-02-27 20:39:27,2024-02-28T01:51:09+00:00,traffic-triggers-output,,,,,0,0,trigger_outputs
0001,Training Data 3.zip,2024-02-27 20:39:27,2024-02-28T01:51:09+00:00,traffic-triggers-output,,,,,0,0,trigger_outputs
0001,Training Data 3.zip,2024-02-27 20:39:27,2024-02-28T01:51:09+00:00,traffic-triggers-output,,,,,0,0,trigger_outputs
0001,Training Data 3.zip,2024-02-27 20:39:27,2024-02-28T01:51:09+00:00,traffic-triggers-output,,,,,0,0,trigger_outputs
0001,Training Data 3.zip,2024-02-27 20:39:27,2024-02-28T01:51:09+00:00,traffic-triggers-output,,,,,0,0,trigger_outputs
0001,Training Data 3.zip,2024-02-27 20:39:27,2024-02-28T01:51:09+00:00,traffic-triggers-output,,,,,0,0,trigger_outputs
0001,Training Data 3.zip,2024-02-27 20:39:27,2024-02-28T01:51:10+00:00,traffic-triggers-output,,,,,0,0,trigger_outputs
0001,Training Data 3.zip,2024-02-27 20:39:27,2024-02-28T01:51:10+00:00,traffic-triggers-output,,,,,0,0,trigger_outputs
0001,Training Data 3.zip,2024-02-27 20:39:27,2024-02-28T01:51:10+00:00,traffic-triggers-output,,,,,0,0,trigger_outputs
0001,Training Data 3.zip,2024-02-27 20:39:27,2024-02-28T01:51:10+00:00,traffic-triggers-output,,,,,0,0,trigger_outputs
0001,Training Data 3.zip,2024-02-27 20:39:27,2024-02-28T01:51:10+00:00,traffic-triggers-output,,,,,0,0,trigger_outputs
0001,Training Data 3.zip,2024-02-27 20:39:27,2024-02-28T01:51:10+00:00,traffic-triggers-output,,,,,0,0,trigger_outputs
0001,Training Data 3.zip,2024-02-27 20:39:27,2024-02-28T01:51:10+00:00,traffic-triggers-output,,,,,0,0,trigger_outputs
0001,Training Data 3.zip,2024-02-27 20:39:27,2024-02-28T01:51:10+00:00,traffic-triggers-output,,,,,0,0,trigger_outputs
0001,Training Data 3.zip,2024-02-27 20:39:27,2024-02-28T01:51:10+00:00,traffic-triggers-output,,,,,0,0,trigger_outputs
0001,Training Data 3.zip,2024-02-27 20:39:27,2024-02-28T01:51:10+00:00,traffic-triggers-output,,,,,0,0,trigger_outputs
0001,Training Data 3.zip,2024-02-27 20:39:27,2024-02-28T01:51:10+00:00,traffic-triggers-output,,,,,0,0,trigger_outputs
0001,Training Data 3.zip,2024-02-27 20:39:27,2024-02-28T01:51:10+00:00,traffic-triggers-output,,,,,0,0,trigger_outputs
0001,Training Data 3.zip,2024-02-27 20:39:27,2024-02-28T01:51:10+00:00,traffic-triggers-output,,,,,0,0,trigger_outputs
0001,Training Data 3.zip,2024-02-27 20:39:27,2024-02-28T01:51:10+00:00,traffic-triggers-output,,,,,0,0,trigger_outputs
0001,Training Data 3.zip,2024-02-27 20:39:27,2024-02-28T01:51:10+00:00,traffic-triggers-output,,,,,0,0,trigger_outputs
0001,Training Data 3.zip,2024-02-27 20:39:27,2024-02-28T01:51:10+00:00,traffic-triggers-output,,,,,0,0,trigger_outputs
0001,Training Data 3.zip,2024-02-27 20:39:27,2024-02-28T01:51:10+00:00,traffic-triggers-output,,,,,0,0,trigger_outputs
0001,Training Data 3.zip,2024-02-27 20:39:27,2024-02-28T01:51:10+00:00,traffic-triggers-output,,,,,0,0,trigger_outputs
0001,Training Data 3.zip,2024-02-27 20:39:27,2024-02-28T01:51:10+00:00,traffic-triggers-output,,,,,0,0,trigger_outputs
0001,Training Data 3.zip,2024-02-27 20:39:27,2024-02-28T01:51:10+00:00,traffic-triggers-output,,,,,0,0,trigger_outputs
0001,Training Data 3.zip,2024-02-27 20:39:27,2024-02-28T01:51:10+00:00,traffic-triggers-output,,,,,0,0,trigger_outputs
0001,Training Data 3.zip,2024-02-27 20:39:27,2024-02-28T01:51:10+00:00,traffic-triggers-output,,,,,0,0,trigger_outputs
0001,Training Data 3.zip,2024-02-27 20:39:27,2024-02-28T01:51:10+00:00,traffic-triggers-output,,,,,0,0,trigger_outputs
0001,Training Data 3.zip,2024-02-27 20:39:27,2024-02-28T01:51:10+00:00,traffic-triggers-output,,,,,0,0,trigger_outputs
0001,Training Data 3.zip,2024-02-27 20:39:27,2024-02-28T01:51:10+00:00,traffic-triggers-output,,,,,0,0,trigger_outputs
0001,Training Data 3.zip,2024-02-27 20:39:27,2024-02-28T01:51:10+00:00,traffic-triggers-output,,,,,0,0,trigger_outputs
0001,Training Data 3.zip,2024-02-27 20:39:27,2024-02-28T01:51:10+00:00,traffic-triggers-output,,,,,0,0,trigger_outputs
0001,Training Data 3.zip,2024-02-27 20:39:27,2024-02-28T01:51:10+00:00,traffic-triggers-output,,,,,0,0,trigger_outputs
0001,Training Data 3.zip,2024-02-27 20:39:27,2024-02-28T01:51:10+00:00,traffic-triggers-output,,,,,0,0,trigger_outputs
0001,Training Data 3.zip,2024-02-27 20:39:27,2024-02-28T01:51:10+00:00,traffic-triggers-output,,,,,0,0,trigger_outputs
0001,Training Data 3.zip,2024-02-27 20:39:27,2024-02-28T01:51:10+00:00,traffic-triggers-output,,,,,0,0,trigger_outputs
0001,Training Data 3.zip,2024-02-27 20:39:27,2024-02-28T01:51:10+00:00,traffic-triggers-output,,,,,0,0,trigger_outputs
0001,Training Data 3.zip,2024-02-27 20:39:27,2024-02-28T01:51:10+00:00,traffic-triggers-output,,,,,0,0,trigger_outputs
0001,Training Data 3.zip,2024-02-27 20:39:28,2024-02-28T01:51:10+00:00,traffic-triggers-output,,,,,0,0,trigger_outputs
0001,Training Data 3.zip,2024-02-27 20:39:28,2024-02-28T01:51:10+00:00,traffic-triggers-output,,,,,0,0,trigger_outputs
0001,Training Data 3.zip,2024-02-27 20:39:28,2024-02-28T01:51:10+00:00,traffic-triggers-output,,,,,0,0,trigger_outputs
0001,Training Data 3.zip,2024-02-27 20:39:28,2024-02-28T01:51:10+00:00,traffic-triggers-output,,,,,0,0,trigger_outputs
0001,Training Data 3.zip,2024-02-27 20:39:28,2024-02-28T01:51:10+00:00,traffic-triggers-output,,,,,0,0,trigger_outputs
0001,Training Data 3.zip,2024-02-27 20:39:28,2024-02-28T01:51:10+00:00,traffic-triggers-output,,,,,0,0,trigger_outputs
0001,Training Data 3.zip,2024-02-27 20:39:28,2024-02-28T01:51:10+00:00,traffic-triggers-output,,,,,0,0,trigger_outputs
0001,Training Data 3.zip,2024-02-27 20:39:28,2024-02-28T01:51:11+00:00,traffic-triggers-output,,,,,0,0,trigger_outputs
0001,Training Data 3.zip,2024-02-27 20:39:28,2024-02-28T01:51:11+00:00,traffic-triggers-output,,,,,0,0,trigger_outputs
0001,Training Data 3.zip,2024-02-27 20:39:28,2024-02-28T01:51:11+00:00,traffic-triggers-output,,,,,0,0,trigger_outputs
0001,Training Data 3.zip,2024-02-27 20:39:28,2024-02-28T01:51:11+00:00,traffic-triggers-output,,,,,0,0,trigger_outputs
0001,Training Data 3.zip,2024-02-27 20:39:28,2024-02-28T01:51:11+00:00,traffic-triggers-output,,,,,0,0,trigger_outputs
0001,Training Data 3.zip,2024-02-27 20:39:28,2024-02-28T01:51:11+00:00,traffic-triggers-output,,,,,0,0,trigger_outputs
0001,Training Data 3.zip,2024-02-27 20:39:28,2024-02-28T01:51:11+00:00,traffic-triggers-output,,,,,0,0,trigger_outputs
0001,Training Data 3.zip,2024-02-27 20:39:28,2024-02-28T01:51:11+00:00,traffic-triggers-output,,,,,0,0,trigger_outputs
0001,Training Data 3.zip,2024-02-27 20:39:28,2024-02-28T01:51:11+00:00,traffic-triggers-output,,,,,0,0,trigger_outputs
0001,Training Data 3.zip,2024-02-27 20:39:28,2024-02-28T01:51:11+00:00,traffic-triggers-output,,,,,0,0,trigger_outputs
0001,Training Data 3.zip,2024-02-27 20:39:28,2024-02-28T01:51:11+00:00,traffic-triggers-output,,,,,0,0,trigger_outputs
0001,Training Data 3.zip,2024-02-27 20:39:28,2024-02-28T01:51:11+00:00,traffic-triggers-output,,,,,0,0,trigger_outputs
0001,Training Data 3.zip,2024-02-27 20:39:28,2024-02-28T01:51:11+00:00,traffic-triggers-output,,,,,0,0,trigger_outputs
0001,Training Data 3.zip,2024-02-27 20:39:28,2024-02-28T01:51:11+00:00,traffic-triggers-output,,,,,0,0,trigger_outputs
0001,Training Data 3.zip,2024-02-27 20:39:28,2024-02-28T01:51:11+00:00,traffic-triggers-output,,,,,0,0,trigger_outputs
0001,Training Data 3.zip,2024-02-27 20:39:28,2024-02-28T01:51:11+00:00,traffic-triggers-output,,,,,0,0,trigger_outputs
0001,Training Data 3.zip,2024-02-27 20:39:28,2024-02-28T01:51:11+00:00,traffic-triggers-output,,,,,0,0,trigger_outputs
0001,Training Data 3.zip,2024-02-27 20:39:28,2024-02-28T01:51:11+00:00,traffic-triggers-output,,,,,0,0,trigger_outputs
0001,Training Data 3.zip,2024-02-27 20:39:28,2024-02-28T01:51:11+00:00,traffic-triggers-output,,,,,0,0,trigger_outputs
0001,Training Data 3.zip,2024-02-27 20:39:28,2024-02-28T01:51:11+00:00,traffic-triggers-output,,,,,0,0,trigger_outputs
0001,Training Data 3.zip,2024-02-27 20:39:28,2024-02-28T01:51:11+00:00,traffic-triggers-output,,,,,0,0,trigger_outputs
0001,Training Data 3.zip,2024-02-27 20:39:28,2024-02-28T01:51:11+00:00,traffic-triggers-output,,,,,0,0,trigger_outputs
0001,Training Data 3.zip,2024-02-27 20:39:28,2024-02-28T01:51:11+00:00,traffic-triggers-output,,,,,0,0,trigger_outputs
0001,Training Data 3.zip,2024-02-27 20:39:28,2024-02-28T01:51:11+00:00,traffic-triggers-output,,,,,0,0,trigger_outputs
0001,Training Data 3.zip,2024-02-27 20:39:28,2024-02-28T01:51:11+00:00,traffic-triggers-output,,,,,0,0,trigger_outputs
0001,Training Data 3.zip,2024-02-27 20:39:28,2024-02-28T01:51:11+00:00,traffic-triggers-output,,,,,0,0,trigger_outputs
0001,Training Data 3.zip,2024-02-27 20:39:28,2024-02-28T01:51:11+00:00,traffic-triggers-output,,,,,0,0,trigger_outputs
0001,Training Data 3.zip,2024-02-27 20:39:28,2024-02-28T01:51:11+00:00,traffic-triggers-output,,,,,0,0,trigger_outputs
0001,Training Data 3.zip,2024-02-27 20:39:28,2024-02-28T01:51:11+00:00,traffic-triggers-output,,,,,0,0,trigger_outputs
0001,Training Data 3.zip,2024-02-27 20:39:28,2024-02-28T01:51:11+00:00,traffic-triggers-output,,,,,0,0,trigger_outputs
0001,Training Data 3.zip,2024-02-27 20:39:28,2024-02-28T01:51:11+00:00,traffic-triggers-output,,,,,0,0,trigger_outputs
0001,Training Data 3.zip,2024-02-27 20:39:28,2024-02-28T01:51:11+00:00,traffic-triggers-output,,,,,0,0,trigger_outputs
0001,Training Data 3.zip,2024-02-27 20:39:28,2024-02-28T01:51:11+00:00,traffic-triggers-output,,,,,0,0,trigger_outputs
0001,Training Data 3.zip,2024-02-27 20:39:29,2024-02-28T01:51:11+00:00,traffic-triggers-output,,,,,0,0,trigger_outputs
0001,Training Data 3.zip,2024-02-27 20:39:29,2024-02-28T01:51:11+00:00,traffic-triggers-output,,,,,0,0,trigger_outputs
0001,Training Data 3.zip,2024-02-27 20:39:29,2024-02-28T01:51:11+00:00,traffic-triggers-output,,,,,0,0,trigger_outputs
0001,Training Data 3.zip,2024-02-27 20:39:29,2024-02-28T01:51:11+00:00,traffic-triggers-output,,,,,0,0,trigger_outputs
0001,Training Data 3.zip,2024-02-27 20:39:29,2024-02-28T01:51:11+00:00,traffic-triggers-output,,,,,0,0,trigger_outputs
0001,Training Data 3.zip,2024-02-27 20:39:29,2024-02-28T01:51:11+00:00,traffic-triggers-output,,,,,0,0,trigger_outputs
0001,Training Data 3.zip,2024-02-27 20:39:29,2024-02-28T01:51:11+00:00,traffic-triggers-output,,,,,0,0,trigger_outputs
0001,Training Data 3.zip,2024-02-27 20:39:29,2024-02-28T01:51:12+00:00,traffic-triggers-output,,,,,0,0,trigger_outputs
0001,Training Data 3.zip,2024-02-27 20:39:29,2024-02-28T01:51:12+00:00,traffic-triggers-output,,,,,0,0,trigger_outputs
0001,Training Data 3.zip,2024-02-27 20:39:29,2024-02-28T01:51:12+00:00,traffic-triggers-output,,,,,0,0,trigger_outputs
0001,Training Data 3.zip,2024-02-27 20:39:29,2024-02-28T01:51:12+00:00,traffic-triggers-output,,,,,0,0,trigger_outputs
0001,Training Data 3.zip,2024-02-27 20:39:29,2024-02-28T01:51:12+00:00,traffic-triggers-output,,,,,0,0,trigger_outputs
0001,Training Data 3.zip,2024-02-27 20:39:29,2024-02-28T01:51:12+00:00,traffic-triggers-output,,,,,0,0,trigger_outputs
0001,Training Data 3.zip,2024-02-27 20:39:29,2024-02-28T01:51:12+00:00,traffic-triggers-output,,,,,0,0,trigger_outputs
0001,Training Data 3.zip,2024-02-27 20:39:29,2024-02-28T01:51:12+00:00,traffic-triggers-output,,,,,0,0,trigger_outputs
0001,Training Data 3.zip,2024-02-27 20:39:29,2024-02-28T01:51:12+00:00,traffic-triggers-output,,,,,0,0,trigger_outputs
0001,Training Data 3.zip,2024-02-27 20:39:29,2024-02-28T01:51:12+00:00,traffic-triggers-output,,,,,0,0,trigger_outputs
0001,Training Data 3.zip,2024-02-27 20:39:29,2024-02-28T01:51:12+00:00,traffic-triggers-output,,,,,0,0,trigger_outputs
0001,Training Data 3.zip,2024-02-27 20:39:29,2024-02-28T01:51:12+00:00,traffic-triggers-output,,,,,0,0,trigger_outputs
0001,Training Data 3.zip,2024-02-27 20:39:29,2024-02-28T01:51:12+00:00,traffic-triggers-output,,,,,0,0,trigger_outputs
0001,Training Data 3.zip,2024-02-27 20:39:29,2024-02-28T01:51:12+00:00,traffic-triggers-output,,,,,0,0,trigger_outputs
0001,Training Data 3.zip,2024-02-27 20:39:29,2024-02-28T01:51:12+00:00,traffic-triggers-output,,,,,0,0,trigger_outputs
0001,Training Data 3.zip,2024-02-27 20:39:29,2024-02-28T01:51:12+00:00,traffic-triggers-output,,,,,0,0,trigger_outputs
0001,Training Data 3.zip,2024-02-27 20:39:29,2024-02-28T01:51:12+00:00,traffic-triggers-output,,,,,0,0,trigger_outputs
0001,Training Data 3.zip,2024-02-27 20:39:29,2024-02-28T01:51:12+00:00,traffic-triggers-output,,,,,0,0,trigger_outputs
0001,Training Data 3.zip,2024-02-27 20:39:29,2024-02-28T01:51:12+00:00,traffic-triggers-output,,,,,0,0,trigger_outputs
0001,Training Data 3.zip,2024-02-27 20:39:29,2024-02-28T01:51:12+00:00,traffic-triggers-output,,,,,0,0,trigger_outputs
0001,Training Data 3.zip,2024-02-27 20:39:29,2024-02-28T01:51:12+00:00,traffic-triggers-output,,,,,0,0,trigger_outputs
0001,Training Data 3.zip,2024-02-27 20:39:29,2024-02-28T01:51:12+00:00,traffic-triggers-output,,,,,0,0,trigger_outputs
0001,Training Data 3.zip,2024-02-27 20:39:29,2024-02-28T01:51:12+00:00,traffic-triggers-output,,,,,0,0,trigger_outputs
0001,Training Data 3.zip,2024-02-27 20:39:29,2024-02-28T01:51:12+00:00,traffic-triggers-output,,,,,0,0,trigger_outputs
0001,Training Data 3.zip,2024-02-27 20:39:29,2024-02-28T01:51:12+00:00,traffic-triggers-output,,,,,0,0,trigger_outputs
0001,Training Data 3.zip,2024-02-27 20:39:29,2024-02-28T01:51:12+00:00,traffic-triggers-output,,,,,0,0,trigger_outputs
0001,Training Data 3.zip,2024-02-27 20:39:29,2024-02-28T01:51:12+00:00,traffic-triggers-output,,,,,0,0,trigger_outputs
0001,Training Data 3.zip,2024-02-27 20:39:29,2024-02-28T01:51:12+00:00,traffic-triggers-output,,,,,0,0,trigger_outputs
0001,Training Data 3.zip,2024-02-27 20:39:29,2024-02-28T01:51:12+00:00,traffic-triggers-output,,,,,0,0,trigger_outputs
0001,Training Data 3.zip,2024-02-27 20:39:29,2024-02-28T01:51:12+00:00,traffic-triggers-output,,,,,0,0,trigger_outputs
0001,Training Data 3.zip,2024-02-27 20:39:29,2024-02-28T01:51:12+00:00,traffic-triggers-output,,,,,0,0,trigger_outputs
0001,Training Data 3.zip,2024-02-27 20:39:29,2024-02-28T01:51:12+00:00,traffic-triggers-output,,,,,0,0,trigger_outputs
0001,Training Data 3.zip,2024-02-27 20:39:29,2024-02-28T01:51:12+00:00,traffic-triggers-output,,,,,0,0,trigger_outputs
0001,Training Data 3.zip,2024-02-27 20:39:30,2024-02-28T01:51:12+00:00,traffic-triggers-output,,,,,0,0,trigger_outputs
0001,Training Data 3.zip,2024-02-27 20:39:30,2024-02-28T01:51:12+00:00,traffic-triggers-output,,,,,0,0,trigger_outputs
0001,Training Data 3.zip,2024-02-27 20:39:30,2024-02-28T01:51:12+00:00,traffic-triggers-output,,,,,0,0,trigger_outputs
0001,Training Data 3.zip,2024-02-27 20:39:30,2024-02-28T01:51:12+00:00,traffic-triggers-output,,,,,0,0,trigger_outputs
0001,Training Data 3.zip,2024-02-27 20:39:30,2024-02-28T01:51:12+00:00,traffic-triggers-output,,,,,0,0,trigger_outputs
0001,Training Data 3.zip,2024-02-27 20:39:30,2024-02-28T01:51:12+00:00,traffic-triggers-output,,,,,0,0,trigger_outputs
0001,Training Data 3.zip,2024-02-27 20:39:30,2024-02-28T01:51:12+00:00,traffic-triggers-output,,,,,0,0,trigger_outputs
0001,Training Data 3.zip,2024-02-27 20:39:30,2024-02-28T01:51:13+00:00,traffic-triggers-output,,,,,0,0,trigger_outputs
0001,Training Data 3.zip,2024-02-27 20:39:30,2024-02-28T01:51:13+00:00,traffic-triggers-output,,,,,0,0,trigger_outputs
0001,Training Data 3.zip,2024-02-27 20:39:30,2024-02-28T01:51:13+00:00,traffic-triggers-output,,,,,0,0,trigger_outputs
0001,Training Data 3.zip,2024-02-27 20:39:30,2024-02-28T01:51:13+00:00,traffic-triggers-output,,,,,0,0,trigger_outputs
0001,Training Data 3.zip,2024-02-27 20:39:30,2024-02-28T01:51:13+00:00,traffic-triggers-output,,,,,0,0,trigger_outputs
0001,Training Data 3.zip,2024-02-27 20:39:30,2024-02-28T01:51:13+00:00,traffic-triggers-output,,,,,0,0,trigger_outputs
0001,Training Data 3.zip,2024-02-27 20:39:30,2024-02-28T01:51:13+00:00,traffic-triggers-output,,,,,0,0,trigger_outputs
0001,Training Data 3.zip,2024-02-27 20:39:30,2024-02-28T01:51:13+00:00,traffic-triggers-output,,,,,0,0,trigger_outputs
0001,Training Data 3.zip,2024-02-27 20:39:30,2024-02-28T01:51:13+00:00,traffic-triggers-output,,,,,0,0,trigger_outputs
0001,Training Data 3.zip,2024-02-27 20:39:30,2024-02-28T01:51:13+00:00,traffic-triggers-output,,,,,0,0,trigger_outputs
0001,Training Data 3.zip,2024-02-27 20:39:30,2024-02-28T01:51:13+00:00,traffic-triggers-output,,,,,0,0,trigger_outputs
0001,Training Data 3.zip,2024-02-27 20:39:30,2024-02-28T01:51:13+00:00,traffic-triggers-output,,,,,0,0,trigger_outputs
0001,Training Data 3.zip,2024-02-27 20:39:30,2024-02-28T01:51:13+00:00,traffic-triggers-output,,,,,0,0,trigger_outputs
0001,Training Data 3.zip,2024-02-27 20:39:30,2024-02-28T01:51:13+00:00,traffic-triggers-output,,,,,0,0,trigger_outputs
0001,Training Data 3.zip,2024-02-27 20:39:30,2024-02-28T01:51:13+00:00,traffic-triggers-output,,,,,0,0,trigger_outputs
0001,Training Data 3.zip,2024-02-27 20:39:30,2024-02-28T01:51:13+00:00,traffic-triggers-output,,,,,0,0,trigger_outputs
0001,Training Data 3.zip,2024-02-27 20:39:30,2024-02-28T01:51:13+00:00,traffic-triggers-output,,,,,0,0,trigger_outputs
0001,Training Data 3.zip,2024-02-27 20:39:30,2024-02-28T01:51:13+00:00,traffic-triggers-output,,,,,0,0,trigger_outputs
0001,Training Data 3.zip,2024-02-27 20:39:30,2024-02-28T01:51:13+00:00,traffic-triggers-output,,,,,0,0,trigger_outputs
0001,Training Data 3.zip,2024-02-27 20:39:30,2024-02-28T01:51:13+00:00,traffic-triggers-output,,,,,0,0,trigger_outputs
0001,Training Data 3.zip,2024-02-27 20:39:30,2024-02-28T01:51:13+00:00,traffic-triggers-output,,,,,0,0,trigger_outputs
0001,Training Data 3.zip,2024-02-27 20:39:30,2024-02-28T01:51:13+00:00,traffic-triggers-output,,,,,0,0,trigger_outputs
0001,Training Data 3.zip,2024-02-27 20:39:30,2024-02-28T01:51:13+00:00,traffic-triggers-output,,,,,0,0,trigger_outputs
0001,Training Data 3.zip,2024-02-27 20:39:30,2024-02-28T01:51:13+00:00,traffic-triggers-output,,,,,0,0,trigger_outputs
0001,Training Data 3.zip,2024-02-27 20:39:30,2024-02-28T01:51:13+00:00,traffic-triggers-output,,,,,0,0,trigger_outputs
0001,Training Data 3.zip,2024-02-27 20:39:30,2024-02-28T01:51:13+00:00,traffic-triggers-output,,,,,0,0,trigger_outputs
0001,Training Data 3.zip,2024-02-27 20:39:30,2024-02-28T01:51:13+00:00,traffic-triggers-output,,,,,0,0,trigger_outputs
0001,Training Data 3.zip,2024-02-27 20:39:30,2024-02-28T01:51:13+00:00,traffic-triggers-output,,,,,0,0,trigger_outputs
0001,Training Data 3.zip,2024-02-27 20:39:30,2024-02-28T01:51:13+00:00,traffic-triggers-output,,,,,0,0,trigger_outputs
0001,Training Data 3.zip,2024-02-27 20:39:30,2024-02-28T01:51:13+00:00,traffic-triggers-output,,,,,0,0,trigger_outputs
0001,Training Data 3.zip,2024-02-27 20:39:30,2024-02-28T01:51:13+00:00,traffic-triggers-output,,,,,0,0,trigger_outputs
0001,Training Data 3.zip,2024-02-27 20:39:30,2024-02-28T01:51:13+00:00,traffic-triggers-output,,,,,0,0,trigger_outputs
0001,Training Data 3.zip,2024-02-27 20:39:30,2024-02-28T01:51:13+00:00,traffic-triggers-output,,,,,0,0,trigger_outputs
0001,Training Data 3.zip,2024-02-27 20:39:31,2024-02-28T01:51:13+00:00,traffic-triggers-output,,,,,0,0,trigger_outputs
0001,Training Data 3.zip,2024-02-27 20:39:31,2024-02-28T01:51:13+00:00,traffic-triggers-output,,,,,0,0,trigger_outputs
0001,Training Data 3.zip,2024-02-27 20:39:31,2024-02-28T01:51:13+00:00,traffic-triggers-output,,,,,0,0,trigger_outputs
0001,Training Data 3.zip,2024-02-27 20:39:31,2024-02-28T01:51:13+00:00,traffic-triggers-output,,,,,0,0,trigger_outputs
0001,Training Data 3.zip,2024-02-27 20:39:31,2024-02-28T01:51:13+00:00,traffic-triggers-output,,,,,0,0,trigger_outputs
0001,Training Data 3.zip,2024-02-27 20:39:31,2024-02-28T01:51:13+00:00,traffic-triggers-output,,,,,0,0,trigger_outputs
0001,Training Data 3.zip,2024-02-27 20:39:31,2024-02-28T01:51:13+00:00,traffic-triggers-output,,,,,0,0,trigger_outputs
0001,Training Data 3.zip,2024-02-27 20:39:31,2024-02-28T01:51:14+00:00,traffic-triggers-output,,,,,0,0,trigger_outputs
0001,Training Data 3.zip,2024-02-27 20:39:31,2024-02-28T01:51:14+00:00,traffic-triggers-output,,,,,0,0,trigger_outputs
0001,Training Data 3.zip,2024-02-27 20:39:31,2024-02-28T01:51:14+00:00,traffic-triggers-output,,,,,0,0,trigger_outputs
0001,Training Data 3.zip,2024-02-27 20:39:31,2024-02-28T01:51:14+00:00,traffic-triggers-output,,,,,0,0,trigger_outputs
0001,Training Data 3.zip,2024-02-27 20:39:31,2024-02-28T01:51:14+00:00,traffic-triggers-output,,,,,0,0,trigger_outputs
0001,Training Data 3.zip,2024-02-27 20:39:31,2024-02-28T01:51:14+00:00,traffic-triggers-output,,,,,0,0,trigger_outputs
0001,Training Data 3.zip,2024-02-27 20:39:31,2024-02-28T01:51:14+00:00,traffic-triggers-output,,,,,0,0,trigger_outputs
0001,Training Data 3.zip,2024-02-27 20:39:31,2024-02-28T01:51:14+00:00,traffic-triggers-output,,,,,0,0,trigger_outputs
0001,Training Data 3.zip,2024-02-27 20:39:31,2024-02-28T01:51:14+00:00,traffic-triggers-output,,,,,0,0,trigger_outputs
0001,Training Data 3.zip,2024-02-27 20:39:31,2024-02-28T01:51:14+00:00,traffic-triggers-output,,,,,0,0,trigger_outputs
0001,Training Data 3.zip,2024-02-27 20:39:31,2024-02-28T01:51:14+00:00,traffic-triggers-output,,,,,0,0,trigger_outputs
0001,Training Data 3.zip,2024-02-27 20:39:31,2024-02-28T01:51:14+00:00,traffic-triggers-output,,,,,0,0,trigger_outputs
0001,Training Data 3.zip,2024-02-27 20:39:31,2024-02-28T01:51:14+00:00,traffic-triggers-output,,,,,0,0,trigger_outputs
0001,Training Data 3.zip,2024-02-27 20:39:31,2024-02-28T01:51:14+00:00,traffic-triggers-output,,,,,0,0,trigger_outputs
0001,Training Data 3.zip,2024-02-27 20:39:31,2024-02-28T01:51:14+00:00,traffic-triggers-output,,,,,0,0,trigger_outputs
0001,Training Data 3.zip,2024-02-27 20:39:31,2024-02-28T01:51:14+00:00,traffic-triggers-output,,,,,0,0,trigger_outputs
0001,Training Data 3.zip,2024-02-27 20:39:31,2024-02-28T01:51:14+00:00,traffic-triggers-output,,,,,0,0,trigger_outputs
0001,Training Data 3.zip,2024-02-27 20:39:31,2024-02-28T01:51:14+00:00,traffic-triggers-output,,,,,0,0,trigger_outputs
0001,Training Data 3.zip,2024-02-27 20:39:31,2024-02-28T01:51:14+00:00,traffic-triggers-output,,,,,0,0,trigger_outputs
0001,Training Data 3.zip,2024-02-27 20:39:31,2024-02-28T01:51:14+00:00,traffic-triggers-output,,,,,0,0,trigger_outputs
0001,Training Data 3.zip,2024-02-27 20:39:31,2024-02-28T01:51:14+00:00,traffic-triggers-output,,,,,0,0,trigger_outputs
0001,Training Data 3.zip,2024-02-27 20:39:31,2024-02-28T01:51:14+00:00,traffic-triggers-output,,,,,0,0,trigger_outputs
0001,Training Data 3.zip,2024-02-27 20:39:31,2024-02-28T01:51:14+00:00,traffic-triggers-output,,,,,0,0,trigger_outputs
0001,Training Data 3.zip,2024-02-27 20:39:31,2024-02-28T01:51:14+00:00,traffic-triggers-output,,,,,0,0,trigger_outputs
0001,Training Data 3.zip,2024-02-27 20:39:31,2024-02-28T01:51:14+00:00,traffic-triggers-output,,,,,0,0,trigger_outputs
0001,Training Data 3.zip,2024-02-27 20:39:31,2024-02-28T01:51:14+00:00,traffic-triggers-output,,,,,0,0,trigger_outputs
0001,Training Data 3.zip,2024-02-27 20:39:31,2024-02-28T01:51:14+00:00,traffic-triggers-output,,,,,0,0,trigger_outputs
0001,Training Data 3.zip,2024-02-27 20:39:31,2024-02-28T01:51:14+00:00,traffic-triggers-output,,,,,0,0,trigger_outputs
0001,Training Data 3.zip,2024-02-27 20:39:31,2024-02-28T01:51:14+00:00,traffic-triggers-output,,,,,0,0,trigger_outputs
0001,Training Data 3.zip,2024-02-27 20:39:31,2024-02-28T01:51:14+00:00,traffic-triggers-output,,,,,0,0,trigger_outputs
0001,Training Data 3.zip,2024-02-27 20:39:31,2024-02-28T01:51:14+00:00,traffic-triggers-output,,,,,0,0,trigger_outputs
0001,Training Data 3.zip,2024-02-27 20:39:31,2024-02-28T01:51:14+00:00,traffic-triggers-output,,,,,0,0,trigger_outputs
0001,Training Data 3.zip,2024-02-27 20:39:31,2024-02-28T01:51:14+00:00,traffic-triggers-output,,,,,0,0,trigger_outputs
0001,Training Data 3.zip,2024-02-27 20:39:32,2024-02-28T01:51:14+00:00,traffic-triggers-output,,,,,0,0,trigger_outputs
0001,Training Data 3.zip,2024-02-27 20:39:32,2024-02-28T01:51:14+00:00,traffic-triggers-output,,,,,0,0,trigger_outputs
0001,Training Data 3.zip,2024-02-27 20:39:32,2024-02-28T01:51:14+00:00,traffic-triggers-output,,,,,0,0,trigger_outputs
0001,Training Data 3.zip,2024-02-27 20:39:32,2024-02-28T01:51:14+00:00,traffic-triggers-output,,,,,0,0,trigger_outputs
0001,Training Data 3.zip,2024-02-27 20:39:32,2024-02-28T01:51:14+00:00,traffic-triggers-output,,,,,0,0,trigger_outputs
0001,Training Data 3.zip,2024-02-27 20:39:32,2024-02-28T01:51:14+00:00,traffic-triggers-output,,,,,0,0,trigger_outputs
0001,Training Data 3.zip,2024-02-27 20:39:32,2024-02-28T01:51:14+00:00,traffic-triggers-output,,,,,0,0,trigger_outputs
0001,Training Data 3.zip,2024-02-27 20:39:32,2024-02-28T01:51:15+00:00,traffic-triggers-output,,,,,0,0,trigger_outputs
0001,Training Data 3.zip,2024-02-27 20:39:32,2024-02-28T01:51:15+00:00,traffic-triggers-output,,,,,0,0,trigger_outputs
0001,Training Data 3.zip,2024-02-27 20:39:32,2024-02-28T01:51:15+00:00,traffic-triggers-output,,,,,0,0,trigger_outputs
0001,Training Data 3.zip,2024-02-27 20:39:32,2024-02-28T01:51:15+00:00,traffic-triggers-output,,,,,0,0,trigger_outputs
0001,Training Data 3.zip,2024-02-27 20:39:32,2024-02-28T01:51:15+00:00,traffic-triggers-output,,,,,0,0,trigger_outputs
0001,Training Data 3.zip,2024-02-27 20:39:32,2024-02-28T01:51:15+00:00,traffic-triggers-output,,,,,0,0,trigger_outputs
0001,Training Data 3.zip,2024-02-27 20:39:32,2024-02-28T01:51:15+00:00,traffic-triggers-output,,,,,0,0,trigger_outputs
0001,Training Data 3.zip,2024-02-27 20:39:32,2024-02-28T01:51:15+00:00,traffic-triggers-output,,,,,0,0,trigger_outputs
0001,Training Data 3.zip,2024-02-27 20:39:32,2024-02-28T01:51:15+00:00,traffic-triggers-output,,,,,0,0,trigger_outputs
0001,Training Data 3.zip,2024-02-27 20:39:32,2024-02-28T01:51:15+00:00,traffic-triggers-output,,,,,0,0,trigger_outputs
0001,Training Data 3.zip,2024-02-27 20:39:32,2024-02-28T01:51:15+00:00,traffic-triggers-output,,,,,0,0,trigger_outputs
0001,Training Data 3.zip,2024-02-27 20:39:32,2024-02-28T01:51:15+00:00,traffic-triggers-output,,,,,0,0,trigger_outputs
0001,Training Data 3.zip,2024-02-27 20:39:32,2024-02-28T01:51:15+00:00,traffic-triggers-output,,,,,0,0,trigger_outputs
0001,Training Data 3.zip,2024-02-27 20:39:32,2024-02-28T01:51:15+00:00,traffic-triggers-output,,,,,0,0,trigger_outputs
0001,Training Data 3.zip,2024-02-27 20:39:32,2024-02-28T01:51:15+00:00,traffic-triggers-output,,,,,0,0,trigger_outputs
0001,Training Data 3.zip,2024-02-27 20:39:32,2024-02-28T01:51:15+00:00,traffic-triggers-output,,,,,0,0,trigger_outputs
0001,Training Data 3.zip,2024-02-27 20:39:32,2024-02-28T01:51:15+00:00,traffic-triggers-output,,,,,0,0,trigger_outputs
0001,Training Data 3.zip,2024-02-27 20:39:32,2024-02-28T01:51:15+00:00,traffic-triggers-output,,,,,0,0,trigger_outputs
0001,Training Data 3.zip,2024-02-27 20:39:32,2024-02-28T01:51:15+00:00,traffic-triggers-output,,,,,0,0,trigger_outputs
0001,Training Data 3.zip,2024-02-27 20:39:32,2024-02-28T01:51:15+00:00,traffic-triggers-output,,,,,0,0,trigger_outputs
0001,Training Data 3.zip,2024-02-27 20:39:32,2024-02-28T01:51:15+00:00,traffic-triggers-output,,,,,0,0,trigger_outputs
0001,Training Data 3.zip,2024-02-27 20:39:32,2024-02-28T01:51:15+00:00,traffic-triggers-output,,,,,0,0,trigger_outputs
0001,Training Data 3.zip,2024-02-27 20:39:32,2024-02-28T01:51:15+00:00,traffic-triggers-output,,,,,0,0,trigger_outputs
0001,Training Data 3.zip,2024-02-27 20:39:32,2024-02-28T01:51:15+00:00,traffic-triggers-output,,,,,0,0,trigger_outputs
0001,Training Data 3.zip,2024-02-27 20:39:32,2024-02-28T01:51:15+00:00,traffic-triggers-output,,,,,0,0,trigger_outputs
0001,Training Data 3.zip,2024-02-27 20:39:32,2024-02-28T01:51:15+00:00,traffic-triggers-output,,,,,0,0,trigger_outputs
0001,Training Data 3.zip,2024-02-27 20:39:32,2024-02-28T01:51:15+00:00,traffic-triggers-output,,,,,0,0,trigger_outputs
0001,Training Data 3.zip,2024-02-27 20:39:32,2024-02-28T01:51:15+00:00,traffic-triggers-output,,,,,0,0,trigger_outputs
0001,Training Data 3.zip,2024-02-27 20:39:32,2024-02-28T01:51:15+00:00,traffic-triggers-output,,,,,0,0,trigger_outputs
0001,Training Data 3.zip,2024-02-27 20:39:32,2024-02-28T01:51:15+00:00,traffic-triggers-output,,,,,0,0,trigger_outputs
0001,Training Data 3.zip,2024-02-27 20:39:32,2024-02-28T01:51:15+00:00,traffic-triggers-output,,,,,0,0,trigger_outputs
0001,Training Data 3.zip,2024-02-27 20:39:32,2024-02-28T01:51:15+00:00,traffic-triggers-output,,,,,0,0,trigger_outputs
0001,Training Data 3.zip,2024-02-27 20:39:32,2024-02-28T01:51:15+00:00,traffic-triggers-output,,,,,0,0,trigger_outputs
0001,Training Data 3.zip,2024-02-27 20:39:33,2024-02-28T01:51:15+00:00,traffic-triggers-output,,,,,0,0,trigger_outputs
0001,Training Data 3.zip,2024-02-27 20:39:33,2024-02-28T01:51:15+00:00,traffic-triggers-output,,,,,0,0,trigger_outputs
0001,Training Data 3.zip,2024-02-27 20:39:33,2024-02-28T01:51:15+00:00,traffic-triggers-output,,,,,0,0,trigger_outputs
0001,Training Data 3.zip,2024-02-27 20:39:33,2024-02-28T01:51:15+00:00,traffic-triggers-output,,,,,0,0,trigger_outputs
0001,Training Data 3.zip,2024-02-27 20:39:33,2024-02-28T01:51:15+00:00,traffic-triggers-output,,,,,0,0,trigger_outputs
0001,Training Data 3.zip,2024-02-27 20:39:33,2024-02-28T01:51:15+00:00,traffic-triggers-output,,,,,0,0,trigger_outputs
0001,Training Data 3.zip,2024-02-27 20:39:33,2024-02-28T01:51:16+00:00,traffic-triggers-output,,,,,0,0,trigger_outputs
0001,Training Data 3.zip,2024-02-27 20:39:33,2024-02-28T01:51:16+00:00,traffic-triggers-output,,,,,0,0,trigger_outputs
0001,Training Data 3.zip,2024-02-27 20:39:33,2024-02-28T01:51:16+00:00,traffic-triggers-output,,,,,0,0,trigger_outputs
0001,Training Data 3.zip,2024-02-27 20:39:33,2024-02-28T01:51:16+00:00,traffic-triggers-output,,,,,0,0,trigger_outputs
0001,Training Data 3.zip,2024-02-27 20:39:33,2024-02-28T01:51:16+00:00,traffic-triggers-output,,,,,0,0,trigger_outputs
0001,Training Data 3.zip,2024-02-27 20:39:33,2024-02-28T01:51:16+00:00,traffic-triggers-output,,,,,0,0,trigger_outputs
0001,Training Data 3.zip,2024-02-27 20:39:33,2024-02-28T01:51:16+00:00,traffic-triggers-output,,,,,0,0,trigger_outputs
0001,Training Data 3.zip,2024-02-27 20:39:33,2024-02-28T01:51:16+00:00,traffic-triggers-output,,,,,0,0,trigger_outputs
0001,Training Data 3.zip,2024-02-27 20:39:33,2024-02-28T01:51:16+00:00,traffic-triggers-output,,,,,0,0,trigger_outputs
0001,Training Data 3.zip,2024-02-27 20:39:33,2024-02-28T01:51:16+00:00,traffic-triggers-output,,,,,0,0,trigger_outputs
0001,Training Data 3.zip,2024-02-27 20:39:33,2024-02-28T01:51:16+00:00,traffic-triggers-output,,,,,0,0,trigger_outputs
0001,Training Data 3.zip,2024-02-27 20:39:33,2024-02-28T01:51:16+00:00,traffic-triggers-output,,,,,0,0,trigger_outputs
0001,Training Data 3.zip,2024-02-27 20:39:33,2024-02-28T01:51:16+00:00,traffic-triggers-output,,,,,0,0,trigger_outputs
0001,Training Data 3.zip,2024-02-27 20:39:33,2024-02-28T01:51:16+00:00,traffic-triggers-output,,,,,0,0,trigger_outputs
0001,Training Data 3.zip,2024-02-27 20:39:33,2024-02-28T01:51:16+00:00,traffic-triggers-output,,,,,0,0,trigger_outputs
0001,Training Data 3.zip,2024-02-27 20:39:33,2024-02-28T01:51:16+00:00,traffic-triggers-output,,,,,0,0,trigger_outputs
0001,Training Data 3.zip,2024-02-27 20:39:33,2024-02-28T01:51:16+00:00,traffic-triggers-output,,,,,0,0,trigger_outputs
0001,Training Data 3.zip,2024-02-27 20:39:33,2024-02-28T01:51:16+00:00,traffic-triggers-output,,,,,0,0,trigger_outputs
0001,Training Data 3.zip,2024-02-27 20:39:33,2024-02-28T01:51:16+00:00,traffic-triggers-output,,,,,0,0,trigger_outputs
0001,Training Data 3.zip,2024-02-27 20:39:33,2024-02-28T01:51:16+00:00,traffic-triggers-output,,,,,0,0,trigger_outputs
0001,Training Data 3.zip,2024-02-27 20:39:33,2024-02-28T01:51:16+00:00,traffic-triggers-output,,,,,0,0,trigger_outputs
0001,Training Data 3.zip,2024-02-27 20:39:33,2024-02-28T01:51:16+00:00,traffic-triggers-output,,,,,0,0,trigger_outputs
0001,Training Data 3.zip,2024-02-27 20:39:33,2024-02-28T01:51:16+00:00,traffic-triggers-output,,,,,0,0,trigger_outputs
0001,Training Data 3.zip,2024-02-27 20:39:33,2024-02-28T01:51:16+00:00,traffic-triggers-output,,,,,0,0,trigger_outputs
0001,Training Data 3.zip,2024-02-27 20:39:33,2024-02-28T01:51:16+00:00,traffic-triggers-output,,,,,0,0,trigger_outputs
0001,Training Data 3.zip,2024-02-27 20:39:33,2024-02-28T01:51:16+00:00,traffic-triggers-output,,,,,0,0,trigger_outputs
0001,Training Data 3.zip,2024-02-27 20:39:33,2024-02-28T01:51:16+00:00,traffic-triggers-output,,,,,0,0,trigger_outputs
0001,Training Data 3.zip,2024-02-27 20:39:33,2024-02-28T01:51:16+00:00,traffic-triggers-output,,,,,0,0,trigger_outputs
0001,Training Data 3.zip,2024-02-27 20:39:33,2024-02-28T01:51:16+00:00,traffic-triggers-output,,,,,0,0,trigger_outputs
0001,Training Data 3.zip,2024-02-27 20:39:33,2024-02-28T01:51:16+00:00,traffic-triggers-output,,,,,0,0,trigger_outputs
0001,Training Data 3.zip,2024-02-27 20:39:33,2024-02-28T01:51:16+00:00,traffic-triggers-output,,,,,0,0,trigger_outputs
0001,Training Data 3.zip,2024-02-27 20:39:33,2024-02-28T01:51:16+00:00,traffic-triggers-output,,,,,0,0,trigger_outputs
0001,Training Data 3.zip,2024-02-27 20:39:33,2024-02-28T01:51:16+00:00,traffic-triggers-output,,,,,0,0,trigger_outputs
0001,Training Data 3.zip,2024-02-27 20:39:33,2024-02-28T01:51:16+00:00,traffic-triggers-output,,,,,0,0,trigger_outputs
0001,Training Data 3.zip,2024-02-27 20:39:34,2024-02-28T01:51:16+00:00,traffic-triggers-output,,,,,0,0,trigger_outputs
0001,Training Data 3.zip,2024-02-27 20:39:34,2024-02-28T01:51:16+00:00,traffic-triggers-output,,,,,0,0,trigger_outputs
0001,Training Data 3.zip,2024-02-27 20:39:34,2024-02-28T01:51:16+00:00,traffic-triggers-output,,,,,0,0,trigger_outputs
0001,Training Data 3.zip,2024-02-27 20:39:34,2024-02-28T01:51:16+00:00,traffic-triggers-output,,,,,0,0,trigger_outputs
0001,Training Data 3.zip,2024-02-27 20:39:34,2024-02-28T01:51:16+00:00,traffic-triggers-output,,,,,0,0,trigger_outputs
0001,Training Data 3.zip,2024-02-27 20:39:34,2024-02-28T01:51:16+00:00,traffic-triggers-output,,,,,0,0,trigger_outputs
0001,Training Data 3.zip,2024-02-27 20:39:34,2024-02-28T01:51:16+00:00,traffic-triggers-output,,,,,0,0,trigger_outputs
0001,Training Data 3.zip,2024-02-27 20:39:34,2024-02-28T01:51:17+00:00,traffic-triggers-output,,,,,0,0,trigger_outputs
0001,Training Data 3.zip,2024-02-27 20:39:34,2024-02-28T01:51:17+00:00,traffic-triggers-output,,,,,0,0,trigger_outputs
0001,Training Data 3.zip,2024-02-27 20:39:34,2024-02-28T01:51:17+00:00,traffic-triggers-output,,,,,0,0,trigger_outputs
0001,Training Data 3.zip,2024-02-27 20:39:34,2024-02-28T01:51:17+00:00,traffic-triggers-output,,,,,0,0,trigger_outputs
0001,Training Data 3.zip,2024-02-27 20:39:34,2024-02-28T01:51:17+00:00,traffic-triggers-output,,,,,0,0,trigger_outputs
0001,Training Data 3.zip,2024-02-27 20:39:34,2024-02-28T01:51:17+00:00,traffic-triggers-output,,,,,0,0,trigger_outputs
0001,Training Data 3.zip,2024-02-27 20:39:34,2024-02-28T01:51:17+00:00,traffic-triggers-output,,,,,0,0,trigger_outputs
0001,Training Data 3.zip,2024-02-27 20:39:34,2024-02-28T01:51:17+00:00,traffic-triggers-output,,,,,0,0,trigger_outputs
0001,Training Data 3.zip,2024-02-27 20:39:34,2024-02-28T01:51:17+00:00,traffic-triggers-output,,,,,0,0,trigger_outputs
0001,Training Data 3.zip,2024-02-27 20:39:34,2024-02-28T01:51:17+00:00,traffic-triggers-output,,,,,0,0,trigger_outputs
0001,Training Data 3.zip,2024-02-27 20:39:34,2024-02-28T01:51:17+00:00,traffic-triggers-output,,,,,0,0,trigger_outputs
0001,Training Data 3.zip,2024-02-27 20:39:34,2024-02-28T01:51:17+00:00,traffic-triggers-output,,,,,0,0,trigger_outputs
0001,Training Data 3.zip,2024-02-27 20:39:34,2024-02-28T01:51:17+00:00,traffic-triggers-output,,,,,0,0,trigger_outputs
0001,Training Data 3.zip,2024-02-27 20:39:34,2024-02-28T01:51:17+00:00,traffic-triggers-output,,,,,0,0,trigger_outputs
0001,Training Data 3.zip,2024-02-27 20:39:34,2024-02-28T01:51:17+00:00,traffic-triggers-output,,,,,0,0,trigger_outputs
0001,Training Data 3.zip,2024-02-27 20:39:34,2024-02-28T01:51:17+00:00,traffic-triggers-output,,,,,0,0,trigger_outputs
0001,Training Data 3.zip,2024-02-27 20:39:34,2024-02-28T01:51:17+00:00,traffic-triggers-output,,,,,0,0,trigger_outputs
0001,Training Data 3.zip,2024-02-27 20:39:34,2024-02-28T01:51:17+00:00,traffic-triggers-output,,,,,0,0,trigger_outputs
0001,Training Data 3.zip,2024-02-27 20:39:34,2024-02-28T01:51:17+00:00,traffic-triggers-output,,,,,0,0,trigger_outputs
0001,Training Data 3.zip,2024-02-27 20:39:34,2024-02-28T01:51:17+00:00,traffic-triggers-output,,,,,0,0,trigger_outputs
0001,Training Data 3.zip,2024-02-27 20:39:34,2024-02-28T01:51:17+00:00,traffic-triggers-output,,,,,0,0,trigger_outputs
0001,Training Data 3.zip,2024-02-27 20:39:34,2024-02-28T01:51:17+00:00,traffic-triggers-output,,,,,0,0,trigger_outputs
0001,Training Data 3.zip,2024-02-27 20:39:34,2024-02-28T01:51:17+00:00,traffic-triggers-output,,,,,0,0,trigger_outputs
0001,Training Data 3.zip,2024-02-27 20:39:34,2024-02-28T01:51:17+00:00,traffic-triggers-output,,,,,0,0,trigger_outputs
0001,Training Data 3.zip,2024-02-27 20:39:34,2024-02-28T01:51:17+00:00,traffic-triggers-output,,,,,0,0,trigger_outputs
0001,Training Data 3.zip,2024-02-27 20:39:34,2024-02-28T01:51:17+00:00,traffic-triggers-output,,,,,0,0,trigger_outputs
0001,Training Data 3.zip,2024-02-27 20:39:34,2024-02-28T01:51:17+00:00,traffic-triggers-output,,,,,0,0,trigger_outputs
0001,Training Data 3.zip,2024-02-27 20:39:34,2024-02-28T01:51:17+00:00,traffic-triggers-output,,,,,0,0,trigger_outputs
0001,Training Data 3.zip,2024-02-27 20:39:34,2024-02-28T01:51:17+00:00,traffic-triggers-output,,,,,0,0,trigger_outputs
0001,Training Data 3.zip,2024-02-27 20:39:34,2024-02-28T01:51:17+00:00,traffic-triggers-output,,,,,0,0,trigger_outputs
0001,Training Data 3.zip,2024-02-27 20:39:34,2024-02-28T01:51:17+00:00,traffic-triggers-output,,,,,0,0,trigger_outputs
0001,Training Data 3.zip,2024-02-27 20:39:34,2024-02-28T01:51:17+00:00,traffic-triggers-output,,,,,0,0,trigger_outputs
0001,Training Data 3.zip,2024-02-27 20:39:34,2024-02-28T01:51:17+00:00,traffic-triggers-output,,,,,0,0,trigger_outputs
0001,Training Data 3.zip,2024-02-27 20:39:34,2024-02-28T01:51:17+00:00,traffic-triggers-output,,,,,0,0,trigger_outputs
0001,Training Data 3.zip,2024-02-27 20:39:35,2024-02-28T01:51:17+00:00,traffic-triggers-output,,,,,0,0,trigger_outputs
0001,Training Data 3.zip,2024-02-27 20:39:35,2024-02-28T01:51:17+00:00,traffic-triggers-output,,,,,0,0,trigger_outputs
0001,Training Data 3.zip,2024-02-27 20:39:35,2024-02-28T01:51:17+00:00,traffic-triggers-output,,,,,0,0,trigger_outputs
0001,Training Data 3.zip,2024-02-27 20:39:35,2024-02-28T01:51:17+00:00,traffic-triggers-output,,,,,0,0,trigger_outputs
0001,Training Data 3.zip,2024-02-27 20:39:35,2024-02-28T01:51:17+00:00,traffic-triggers-output,,,,,0,0,trigger_outputs
0001,Training Data 3.zip,2024-02-27 20:39:35,2024-02-28T01:51:17+00:00,traffic-triggers-output,,,,,0,0,trigger_outputs
0001,Training Data 3.zip,2024-02-27 20:39:35,2024-02-28T01:51:18+00:00,traffic-triggers-output,,,,,0,0,trigger_outputs
0001,Training Data 3.zip,2024-02-27 20:39:35,2024-02-28T01:51:18+00:00,traffic-triggers-output,,,,,0,0,trigger_outputs
0001,Training Data 3.zip,2024-02-27 20:39:35,2024-02-28T01:51:18+00:00,traffic-triggers-output,,,,,0,0,trigger_outputs
0001,Training Data 3.zip,2024-02-27 20:39:35,2024-02-28T01:51:18+00:00,traffic-triggers-output,,,,,0,0,trigger_outputs
0001,Training Data 3.zip,2024-02-27 20:39:35,2024-02-28T01:51:18+00:00,traffic-triggers-output,,,,,0,0,trigger_outputs
0001,Training Data 3.zip,2024-02-27 20:39:35,2024-02-28T01:51:18+00:00,traffic-triggers-output,,,,,0,0,trigger_outputs
0001,Training Data 3.zip,2024-02-27 20:39:35,2024-02-28T01:51:18+00:00,traffic-triggers-output,,,,,0,0,trigger_outputs
0001,Training Data 3.zip,2024-02-27 20:39:35,2024-02-28T01:51:18+00:00,traffic-triggers-output,,,,,0,0,trigger_outputs
0001,Training Data 3.zip,2024-02-27 20:39:35,2024-02-28T01:51:18+00:00,traffic-triggers-output,,,,,0,0,trigger_outputs
0001,Training Data 3.zip,2024-02-27 20:39:35,2024-02-28T01:51:18+00:00,traffic-triggers-output,,,,,0,0,trigger_outputs
0001,Training Data 3.zip,2024-02-27 20:39:35,2024-02-28T01:51:18+00:00,traffic-triggers-output,,,,,0,0,trigger_outputs
0001,Training Data 3.zip,2024-02-27 20:39:35,2024-02-28T01:51:18+00:00,traffic-triggers-output,,,,,0,0,trigger_outputs
0001,Training Data 3.zip,2024-02-27 20:39:35,2024-02-28T01:51:18+00:00,traffic-triggers-output,,,,,0,0,trigger_outputs
0001,Training Data 3.zip,2024-02-27 20:39:35,2024-02-28T01:51:18+00:00,traffic-triggers-output,,,,,0,0,trigger_outputs
0001,Training Data 3.zip,2024-02-27 20:39:35,2024-02-28T01:51:18+00:00,traffic-triggers-output,,,,,0,0,trigger_outputs
0001,Training Data 3.zip,2024-02-27 20:39:35,2024-02-28T01:51:18+00:00,traffic-triggers-output,,,,,0,0,trigger_outputs
0001,Training Data 3.zip,2024-02-27 20:39:35,2024-02-28T01:51:18+00:00,traffic-triggers-output,,,,,0,0,trigger_outputs
0001,Training Data 3.zip,2024-02-27 20:39:35,2024-02-28T01:51:18+00:00,traffic-triggers-output,,,,,0,0,trigger_outputs
0001,Training Data 3.zip,2024-02-27 20:39:35,2024-02-28T01:51:18+00:00,traffic-triggers-output,,,,,0,0,trigger_outputs
0001,Training Data 3.zip,2024-02-27 20:39:35,2024-02-28T01:51:18+00:00,traffic-triggers-output,,,,,0,0,trigger_outputs
0001,Training Data 3.zip,2024-02-27 20:39:35,2024-02-28T01:51:18+00:00,traffic-triggers-output,,,,,0,0,trigger_outputs
0001,Training Data 3.zip,2024-02-27 20:39:35,2024-02-28T01:51:18+00:00,traffic-triggers-output,,,,,0,0,trigger_outputs
0001,Training Data 3.zip,2024-02-27 20:39:35,2024-02-28T01:51:18+00:00,traffic-triggers-output,,,,,0,0,trigger_outputs
0001,Training Data 3.zip,2024-02-27 20:39:35,2024-02-28T01:51:18+00:00,traffic-triggers-output,,,,,0,0,trigger_outputs
0001,Training Data 3.zip,2024-02-27 20:39:35,2024-02-28T01:51:18+00:00,traffic-triggers-output,,,,,0,0,trigger_outputs
0001,Training Data 3.zip,2024-02-27 20:39:35,2024-02-28T01:51:18+00:00,traffic-triggers-output,,,,,0,0,trigger_outputs
0001,Training Data 3.zip,2024-02-27 20:39:35,2024-02-28T01:51:18+00:00,traffic-triggers-output,,,,,0,0,trigger_outputs
0001,Training Data 3.zip,2024-02-27 20:39:35,2024-02-28T01:51:18+00:00,traffic-triggers-output,,,,,0,0,trigger_outputs
0001,Training Data 3.zip,2024-02-27 20:39:35,2024-02-28T01:51:18+00:00,traffic-triggers-output,,,,,0,0,trigger_outputs
0001,Training Data 3.zip,2024-02-27 20:39:35,2024-02-28T01:51:18+00:00,traffic-triggers-output,,,,,0,0,trigger_outputs
0001,Training Data 3.zip,2024-02-27 20:39:35,2024-02-28T01:51:18+00:00,traffic-triggers-output,,,,,0,0,trigger_outputs
0001,Training Data 3.zip,2024-02-27 20:39:35,2024-02-28T01:51:18+00:00,traffic-triggers-output,,,,,0,0,trigger_outputs
0001,Training Data 3.zip,2024-02-27 20:39:35,2024-02-28T01:51:18+00:00,traffic-triggers-output,,,,,0,0,trigger_outputs
0001,Training Data 3.zip,2024-02-27 20:39:36,2024-02-28T01:51:18+00:00,traffic-triggers-output,,,,,0,0,trigger_outputs
0001,Training Data 3.zip,2024-02-27 20:39:36,2024-02-28T01:51:18+00:00,traffic-triggers-output,,,,,0,0,trigger_outputs
0001,Training Data 3.zip,2024-02-27 20:39:36,2024-02-28T01:51:18+00:00,traffic-triggers-output,,,,,0,0,trigger_outputs
0001,Training Data 3.zip,2024-02-27 20:39:36,2024-02-28T01:51:18+00:00,traffic-triggers-output,,,,,0,0,trigger_outputs
0001,Training Data 3.zip,2024-02-27 20:39:36,2024-02-28T01:51:18+00:00,traffic-triggers-output,,,,,0,0,trigger_outputs
0001,Training Data 3.zip,2024-02-27 20:39:36,2024-02-28T01:51:18+00:00,traffic-triggers-output,,,,,0,0,trigger_outputs
0001,Training Data 3.zip,2024-02-27 20:39:36,2024-02-28T01:51:18+00:00,traffic-triggers-output,,,,,0,0,trigger_outputs
0001,Training Data 3.zip,2024-02-27 20:39:36,2024-02-28T01:51:19+00:00,traffic-triggers-output,,,,,0,0,trigger_outputs
0001,Training Data 3.zip,2024-02-27 20:39:36,2024-02-28T01:51:19+00:00,traffic-triggers-output,,,,,0,0,trigger_outputs
0001,Training Data 3.zip,2024-02-27 20:39:36,2024-02-28T01:51:19+00:00,traffic-triggers-output,,,,,0,0,trigger_outputs
0001,Training Data 3.zip,2024-02-27 20:39:36,2024-02-28T01:51:19+00:00,traffic-triggers-output,,,,,0,0,trigger_outputs
0001,Training Data 3.zip,2024-02-27 20:39:36,2024-02-28T01:51:19+00:00,traffic-triggers-output,,,,,0,0,trigger_outputs
0001,Training Data 3.zip,2024-02-27 20:39:36,2024-02-28T01:51:19+00:00,traffic-triggers-output,,,,,0,0,trigger_outputs
0001,Training Data 3.zip,2024-02-27 20:39:36,2024-02-28T01:51:19+00:00,traffic-triggers-output,,,,,0,0,trigger_outputs
0001,Training Data 3.zip,2024-02-27 20:39:36,2024-02-28T01:51:19+00:00,traffic-triggers-output,,,,,0,0,trigger_outputs
0001,Training Data 3.zip,2024-02-27 20:39:36,2024-02-28T01:51:19+00:00,traffic-triggers-output,,,,,0,0,trigger_outputs
0001,Training Data 3.zip,2024-02-27 20:39:36,2024-02-28T01:51:19+00:00,traffic-triggers-output,,,,,0,0,trigger_outputs
0001,Training Data 3.zip,2024-02-27 20:39:36,2024-02-28T01:51:19+00:00,traffic-triggers-output,,,,,0,0,trigger_outputs
0001,Training Data 3.zip,2024-02-27 20:39:36,2024-02-28T01:51:19+00:00,traffic-triggers-output,,,,,0,0,trigger_outputs
0001,Training Data 3.zip,2024-02-27 20:39:36,2024-02-28T01:51:19+00:00,traffic-triggers-output,,,,,0,0,trigger_outputs
0001,Training Data 3.zip,2024-02-27 20:39:36,2024-02-28T01:51:19+00:00,traffic-triggers-output,,,,,0,0,trigger_outputs
0001,Training Data 3.zip,2024-02-27 20:39:36,2024-02-28T01:51:19+00:00,traffic-triggers-output,,,,,0,0,trigger_outputs
0001,Training Data 3.zip,2024-02-27 20:39:36,2024-02-28T01:51:19+00:00,traffic-triggers-output,,,,,0,0,trigger_outputs
0001,Training Data 3.zip,2024-02-27 20:39:36,2024-02-28T01:51:19+00:00,traffic-triggers-output,,,,,0,0,trigger_outputs
0001,Training Data 3.zip,2024-02-27 20:39:36,2024-02-28T01:51:19+00:00,traffic-triggers-output,,,,,0,0,trigger_outputs
0001,Training Data 3.zip,2024-02-27 20:39:36,2024-02-28T01:51:19+00:00,traffic-triggers-output,,,,,0,0,trigger_outputs
0001,Training Data 3.zip,2024-02-27 20:39:36,2024-02-28T01:51:19+00:00,traffic-triggers-output,,,,,0,0,trigger_outputs
0001,Training Data 3.zip,2024-02-27 20:39:36,2024-02-28T01:51:19+00:00,traffic-triggers-output,,,,,0,0,trigger_outputs
0001,Training Data 3.zip,2024-02-27 20:39:36,2024-02-28T01:51:19+00:00,traffic-triggers-output,,,,,0,0,trigger_outputs
0001,Training Data 3.zip,2024-02-27 20:39:36,2024-02-28T01:51:19+00:00,traffic-triggers-output,,,,,0,0,trigger_outputs
0001,Training Data 3.zip,2024-02-27 20:39:36,2024-02-28T01:51:19+00:00,traffic-triggers-output,,,,,0,0,trigger_outputs
0001,Training Data 3.zip,2024-02-27 20:39:36,2024-02-28T01:51:19+00:00,traffic-triggers-output,,,,,0,0,trigger_outputs
0001,Training Data 3.zip,2024-02-27 20:39:36,2024-02-28T01:51:19+00:00,traffic-triggers-output,,,,,0,0,trigger_outputs
0001,Training Data 3.zip,2024-02-27 20:39:36,2024-02-28T01:51:19+00:00,traffic-triggers-output,,,,,0,0,trigger_outputs
0001,Training Data 3.zip,2024-02-27 20:39:36,2024-02-28T01:51:19+00:00,traffic-triggers-output,,,,,0,0,trigger_outputs
0001,Training Data 3.zip,2024-02-27 20:39:36,2024-02-28T01:51:19+00:00,traffic-triggers-output,,,,,0,0,trigger_outputs
0001,Training Data 3.zip,2024-02-27 20:39:36,2024-02-28T01:51:19+00:00,traffic-triggers-output,,,,,0,0,trigger_outputs
0001,Training Data 3.zip,2024-02-27 20:39:36,2024-02-28T01:51:19+00:00,traffic-triggers-output,,,,,0,0,trigger_outputs
0001,Training Data 3.zip,2024-02-27 20:39:36,2024-02-28T01:51:19+00:00,traffic-triggers-output,,,,,0,0,trigger_outputs
0001,Training Data 3.zip,2024-02-27 20:39:36,2024-02-28T01:51:19+00:00,traffic-triggers-output,,,,,0,0,trigger_outputs
0001,Training Data 3.zip,2024-02-27 20:39:37,2024-02-28T01:51:19+00:00,traffic-triggers-output,,,,,0,0,trigger_outputs
0001,Training Data 3.zip,2024-02-27 20:39:37,2024-02-28T01:51:19+00:00,traffic-triggers-output,,,,,0,0,trigger_outputs
0001,Training Data 3.zip,2024-02-27 20:39:37,2024-02-28T01:51:19+00:00,traffic-triggers-output,,,,,0,0,trigger_outputs
0001,Training Data 3.zip,2024-02-27 20:39:37,2024-02-28T01:51:19+00:00,traffic-triggers-output,,,,,0,0,trigger_outputs
0001,Training Data 3.zip,2024-02-27 20:39:37,2024-02-28T01:51:19+00:00,traffic-triggers-output,,,,,0,0,trigger_outputs
0001,Training Data 3.zip,2024-02-27 20:39:37,2024-02-28T01:51:19+00:00,traffic-triggers-output,,,,,0,0,trigger_outputs
0001,Training Data 3.zip,2024-02-27 20:39:37,2024-02-28T01:51:20+00:00,traffic-triggers-output,,,,,0,0,trigger_outputs
0001,Training Data 3.zip,2024-02-27 20:39:37,2024-02-28T01:51:20+00:00,traffic-triggers-output,,,,,0,0,trigger_outputs
0001,Training Data 3.zip,2024-02-27 20:39:37,2024-02-28T01:51:20+00:00,traffic-triggers-output,,,,,0,0,trigger_outputs
0001,Training Data 3.zip,2024-02-27 20:39:37,2024-02-28T01:51:20+00:00,traffic-triggers-output,,,,,0,0,trigger_outputs
0001,Training Data 3.zip,2024-02-27 20:39:37,2024-02-28T01:51:20+00:00,traffic-triggers-output,,,,,0,0,trigger_outputs
0001,Training Data 3.zip,2024-02-27 20:39:37,2024-02-28T01:51:20+00:00,traffic-triggers-output,,,,,0,0,trigger_outputs
0001,Training Data 3.zip,2024-02-27 20:39:37,2024-02-28T01:51:20+00:00,traffic-triggers-output,,,,,0,0,trigger_outputs
0001,Training Data 3.zip,2024-02-27 20:39:37,2024-02-28T01:51:20+00:00,traffic-triggers-output,,,,,0,0,trigger_outputs
0001,Training Data 3.zip,2024-02-27 20:39:37,2024-02-28T01:51:20+00:00,traffic-triggers-output,,,,,0,0,trigger_outputs
0001,Training Data 3.zip,2024-02-27 20:39:37,2024-02-28T01:51:20+00:00,traffic-triggers-output,,,,,0,0,trigger_outputs
0001,Training Data 3.zip,2024-02-27 20:39:37,2024-02-28T01:51:20+00:00,traffic-triggers-output,,,,,0,0,trigger_outputs
0001,Training Data 3.zip,2024-02-27 20:39:37,2024-02-28T01:51:20+00:00,traffic-triggers-output,,,,,0,0,trigger_outputs
0001,Training Data 3.zip,2024-02-27 20:39:37,2024-02-28T01:51:20+00:00,traffic-triggers-output,,,,,0,0,trigger_outputs
0001,Training Data 3.zip,2024-02-27 20:39:37,2024-02-28T01:51:20+00:00,traffic-triggers-output,,,,,0,0,trigger_outputs
0001,Training Data 3.zip,2024-02-27 20:39:37,2024-02-28T01:51:20+00:00,traffic-triggers-output,,,,,0,0,trigger_outputs
0001,Training Data 3.zip,2024-02-27 20:39:37,2024-02-28T01:51:20+00:00,traffic-triggers-output,,,,,0,0,trigger_outputs
0001,Training Data 3.zip,2024-02-27 20:39:37,2024-02-28T01:51:20+00:00,traffic-triggers-output,,,,,0,0,trigger_outputs
0001,Training Data 3.zip,2024-02-27 20:39:37,2024-02-28T01:51:20+00:00,traffic-triggers-output,,,,,0,0,trigger_outputs
0001,Training Data 3.zip,2024-02-27 20:39:37,2024-02-28T01:51:20+00:00,traffic-triggers-output,,,,,0,0,trigger_outputs
0001,Training Data 3.zip,2024-02-27 20:39:37,2024-02-28T01:51:20+00:00,traffic-triggers-output,,,,,0,0,trigger_outputs
0001,Training Data 3.zip,2024-02-27 20:39:37,2024-02-28T01:51:20+00:00,traffic-triggers-output,,,,,0,0,trigger_outputs
0001,Training Data 3.zip,2024-02-27 20:39:37,2024-02-28T01:51:20+00:00,traffic-triggers-output,,,,,0,0,trigger_outputs
0001,Training Data 3.zip,2024-02-27 20:39:37,2024-02-28T01:51:20+00:00,traffic-triggers-output,,,,,0,0,trigger_outputs
0001,Training Data 3.zip,2024-02-27 20:39:37,2024-02-28T01:51:20+00:00,traffic-triggers-output,,,,,0,0,trigger_outputs
0001,Training Data 3.zip,2024-02-27 20:39:37,2024-02-28T01:51:20+00:00,traffic-triggers-output,,,,,0,0,trigger_outputs
0001,Training Data 3.zip,2024-02-27 20:39:37,2024-02-28T01:51:20+00:00,traffic-triggers-output,,,,,0,0,trigger_outputs
0001,Training Data 3.zip,2024-02-27 20:39:37,2024-02-28T01:51:20+00:00,traffic-triggers-output,,,,,0,0,trigger_outputs
0001,Training Data 3.zip,2024-02-27 20:39:37,2024-02-28T01:51:20+00:00,traffic-triggers-output,,,,,0,0,trigger_outputs
0001,Training Data 3.zip,2024-02-27 20:39:37,2024-02-28T01:51:20+00:00,traffic-triggers-output,,,,,0,0,trigger_outputs
0001,Training Data 3.zip,2024-02-27 20:39:37,2024-02-28T01:51:20+00:00,traffic-triggers-output,,,,,0,0,trigger_outputs
0001,Training Data 3.zip,2024-02-27 20:39:37,2024-02-28T01:51:20+00:00,traffic-triggers-output,,,,,0,0,trigger_outputs
0001,Training Data 3.zip,2024-02-27 20:39:37,2024-02-28T01:51:20+00:00,traffic-triggers-output,,,,,0,0,trigger_outputs
0001,Training Data 3.zip,2024-02-27 20:39:37,2024-02-28T01:51:20+00:00,traffic-triggers-output,,,,,0,0,trigger_outputs
0001,Training Data 3.zip,2024-02-27 20:39:37,2024-02-28T01:51:20+00:00,traffic-triggers-output,,,,,0,0,trigger_outputs
0001,Training Data 3.zip,2024-02-27 20:39:37,2024-02-28T01:51:20+00:00,traffic-triggers-output,,,,,0,0,trigger_outputs
0001,Training Data 3.zip,2024-02-27 20:39:38,2024-02-28T01:51:20+00:00,traffic-triggers-output,,,,,0,0,trigger_outputs
0001,Training Data 3.zip,2024-02-27 20:39:38,2024-02-28T01:51:20+00:00,traffic-triggers-output,,,,,0,0,trigger_outputs
0001,Training Data 3.zip,2024-02-27 20:39:38,2024-02-28T01:51:20+00:00,traffic-triggers-output,,,,,0,0,trigger_outputs
0001,Training Data 3.zip,2024-02-27 20:39:38,2024-02-28T01:51:20+00:00,traffic-triggers-output,,,,,0,0,trigger_outputs
0001,Training Data 3.zip,2024-02-27 20:39:38,2024-02-28T01:51:20+00:00,traffic-triggers-output,,,,,0,0,trigger_outputs
0001,Training Data 3.zip,2024-02-27 20:39:38,2024-02-28T01:51:20+00:00,traffic-triggers-output,,,,,0,0,trigger_outputs
0001,Training Data 3.zip,2024-02-27 20:39:38,2024-02-28T01:51:21+00:00,traffic-triggers-output,,,,,0,0,trigger_outputs
0001,Training Data 3.zip,2024-02-27 20:39:38,2024-02-28T01:51:21+00:00,traffic-triggers-output,,,,,0,0,trigger_outputs
0001,Training Data 3.zip,2024-02-27 20:39:38,2024-02-28T01:51:21+00:00,traffic-triggers-output,,,,,0,0,trigger_outputs
0001,Training Data 3.zip,2024-02-27 20:39:38,2024-02-28T01:51:21+00:00,traffic-triggers-output,,,,,0,0,trigger_outputs
0001,Training Data 3.zip,2024-02-27 20:39:38,2024-02-28T01:51:21+00:00,traffic-triggers-output,,,,,0,0,trigger_outputs
0001,Training Data 3.zip,2024-02-27 20:39:38,2024-02-28T01:51:21+00:00,traffic-triggers-output,,,,,0,0,trigger_outputs
0001,Training Data 3.zip,2024-02-27 20:39:38,2024-02-28T01:51:21+00:00,traffic-triggers-output,,,,,0,0,trigger_outputs
0001,Training Data 3.zip,2024-02-27 20:39:38,2024-02-28T01:51:21+00:00,traffic-triggers-output,,,,,0,0,trigger_outputs
0001,Training Data 3.zip,2024-02-27 20:39:38,2024-02-28T01:51:21+00:00,traffic-triggers-output,,,,,0,0,trigger_outputs
0001,Training Data 3.zip,2024-02-27 20:39:38,2024-02-28T01:51:21+00:00,traffic-triggers-output,,,,,0,0,trigger_outputs
0001,Training Data 3.zip,2024-02-27 20:39:38,2024-02-28T01:51:21+00:00,traffic-triggers-output,,,,,0,0,trigger_outputs
0001,Training Data 3.zip,2024-02-27 20:39:38,2024-02-28T01:51:21+00:00,traffic-triggers-output,,,,,0,0,trigger_outputs
0001,Training Data 3.zip,2024-02-27 20:39:38,2024-02-28T01:51:21+00:00,traffic-triggers-output,,,,,0,0,trigger_outputs
0001,Training Data 3.zip,2024-02-27 20:39:38,2024-02-28T01:51:21+00:00,traffic-triggers-output,,,,,0,0,trigger_outputs
0001,Training Data 3.zip,2024-02-27 20:39:38,2024-02-28T01:51:21+00:00,traffic-triggers-output,,,,,0,0,trigger_outputs
0001,Training Data 3.zip,2024-02-27 20:39:38,2024-02-28T01:51:21+00:00,traffic-triggers-output,,,,,0,0,trigger_outputs
0001,Training Data 3.zip,2024-02-27 20:39:38,2024-02-28T01:51:21+00:00,traffic-triggers-output,,,,,0,0,trigger_outputs
0001,Training Data 3.zip,2024-02-27 20:39:38,2024-02-28T01:51:21+00:00,traffic-triggers-output,,,,,0,0,trigger_outputs
0001,Training Data 3.zip,2024-02-27 20:39:38,2024-02-28T01:51:21+00:00,traffic-triggers-output,,,,,0,0,trigger_outputs
0001,Training Data 3.zip,2024-02-27 20:39:38,2024-02-28T01:51:21+00:00,traffic-triggers-output,,,,,0,0,trigger_outputs
0001,Training Data 3.zip,2024-02-27 20:39:38,2024-02-28T01:51:21+00:00,traffic-triggers-output,,,,,0,0,trigger_outputs
0001,Training Data 3.zip,2024-02-27 20:39:38,2024-02-28T01:51:21+00:00,traffic-triggers-output,,,,,0,0,trigger_outputs
0001,Training Data 3.zip,2024-02-27 20:39:38,2024-02-28T01:51:21+00:00,traffic-triggers-output,,,,,0,0,trigger_outputs
0001,Training Data 3.zip,2024-02-27 20:39:38,2024-02-28T01:51:21+00:00,traffic-triggers-output,,,,,0,0,trigger_outputs
0001,Training Data 3.zip,2024-02-27 20:39:38,2024-02-28T01:51:21+00:00,traffic-triggers-output,,,,,0,0,trigger_outputs
0001,Training Data 3.zip,2024-02-27 20:39:38,2024-02-28T01:51:21+00:00,traffic-triggers-output,,,,,0,0,trigger_outputs
0001,Training Data 3.zip,2024-02-27 20:39:38,2024-02-28T01:51:21+00:00,traffic-triggers-output,,,,,0,0,trigger_outputs
0001,Training Data 3.zip,2024-02-27 20:39:38,2024-02-28T01:51:21+00:00,traffic-triggers-output,,,,,0,0,trigger_outputs
0001,Training Data 3.zip,2024-02-27 20:39:38,2024-02-28T01:51:21+00:00,traffic-triggers-output,,,,,0,0,trigger_outputs
0001,Training Data 3.zip,2024-02-27 20:39:38,2024-02-28T01:51:21+00:00,traffic-triggers-output,,,,,0,0,trigger_outputs
0001,Training Data 3.zip,2024-02-27 20:39:38,2024-02-28T01:51:21+00:00,traffic-triggers-output,,,,,0,0,trigger_outputs
0001,Training Data 3.zip,2024-02-27 20:39:38,2024-02-28T01:51:21+00:00,traffic-triggers-output,,,,,0,0,trigger_outputs
0001,Training Data 3.zip,2024-02-27 20:39:38,2024-02-28T01:51:21+00:00,traffic-triggers-output,,,,,0,0,trigger_outputs
0001,Training Data 3.zip,2024-02-27 20:39:39,2024-02-28T01:51:21+00:00,traffic-triggers-output,,,,,0,0,trigger_outputs
0001,Training Data 3.zip,2024-02-27 20:39:39,2024-02-28T01:51:21+00:00,traffic-triggers-output,,,,,0,0,trigger_outputs
0001,Training Data 3.zip,2024-02-27 20:39:39,2024-02-28T01:51:21+00:00,traffic-triggers-output,,,,,0,0,trigger_outputs
0001,Training Data 3.zip,2024-02-27 20:39:39,2024-02-28T01:51:21+00:00,traffic-triggers-output,,,,,0,0,trigger_outputs
0001,Training Data 3.zip,2024-02-27 20:39:39,2024-02-28T01:51:21+00:00,traffic-triggers-output,,,,,0,0,trigger_outputs
0001,Training Data 3.zip,2024-02-27 20:39:39,2024-02-28T01:51:21+00:00,traffic-triggers-output,,,,,0,0,trigger_outputs
0001,Training Data 3.zip,2024-02-27 20:39:39,2024-02-28T01:51:21+00:00,traffic-triggers-output,,,,,0,0,trigger_outputs
0001,Training Data 3.zip,2024-02-27 20:39:39,2024-02-28T01:51:22+00:00,traffic-triggers-output,,,,,0,0,trigger_outputs
0001,Training Data 3.zip,2024-02-27 20:39:39,2024-02-28T01:51:22+00:00,traffic-triggers-output,,,,,0,0,trigger_outputs
0001,Training Data 3.zip,2024-02-27 20:39:39,2024-02-28T01:51:22+00:00,traffic-triggers-output,,,,,0,0,trigger_outputs
0001,Training Data 3.zip,2024-02-27 20:39:39,2024-02-28T01:51:22+00:00,traffic-triggers-output,,,,,0,0,trigger_outputs
0001,Training Data 3.zip,2024-02-27 20:39:39,2024-02-28T01:51:22+00:00,traffic-triggers-output,,,,,0,0,trigger_outputs
0001,Training Data 3.zip,2024-02-27 20:39:39,2024-02-28T01:51:22+00:00,traffic-triggers-output,,,,,0,0,trigger_outputs
0001,Training Data 3.zip,2024-02-27 20:39:39,2024-02-28T01:51:22+00:00,traffic-triggers-output,,,,,0,0,trigger_outputs
0001,Training Data 3.zip,2024-02-27 20:39:39,2024-02-28T01:51:22+00:00,traffic-triggers-output,,,,,0,0,trigger_outputs
0001,Training Data 3.zip,2024-02-27 20:39:39,2024-02-28T01:51:22+00:00,traffic-triggers-output,,,,,0,0,trigger_outputs
0001,Training Data 3.zip,2024-02-27 20:39:39,2024-02-28T01:51:22+00:00,traffic-triggers-output,,,,,0,0,trigger_outputs
0001,Training Data 3.zip,2024-02-27 20:39:39,2024-02-28T01:51:22+00:00,traffic-triggers-output,,,,,0,0,trigger_outputs
0001,Training Data 3.zip,2024-02-27 20:39:39,2024-02-28T01:51:22+00:00,traffic-triggers-output,,,,,0,0,trigger_outputs
0001,Training Data 3.zip,2024-02-27 20:39:39,2024-02-28T01:51:22+00:00,traffic-triggers-output,,,,,0,0,trigger_outputs
0001,Training Data 3.zip,2024-02-27 20:39:39,2024-02-28T01:51:22+00:00,traffic-triggers-output,,,,,0,0,trigger_outputs
0001,Training Data 3.zip,2024-02-27 20:39:39,2024-02-28T01:51:22+00:00,traffic-triggers-output,,,,,0,0,trigger_outputs
0001,Training Data 3.zip,2024-02-27 20:39:39,2024-02-28T01:51:22+00:00,traffic-triggers-output,,,,,0,0,trigger_outputs
0001,Training Data 3.zip,2024-02-27 20:39:39,2024-02-28T01:51:22+00:00,traffic-triggers-output,,,,,0,0,trigger_outputs
0001,Training Data 3.zip,2024-02-27 20:39:39,2024-02-28T01:51:22+00:00,traffic-triggers-output,,,,,0,0,trigger_outputs
0001,Training Data 3.zip,2024-02-27 20:39:39,2024-02-28T01:51:22+00:00,traffic-triggers-output,,,,,0,0,trigger_outputs
0001,Training Data 3.zip,2024-02-27 20:39:39,2024-02-28T01:51:22+00:00,traffic-triggers-output,,,,,0,0,trigger_outputs
0001,Training Data 3.zip,2024-02-27 20:39:39,2024-02-28T01:51:22+00:00,traffic-triggers-output,,,,,0,0,trigger_outputs
0001,Training Data 3.zip,2024-02-27 20:39:39,2024-02-28T01:51:22+00:00,traffic-triggers-output,,,,,0,0,trigger_outputs
0001,Training Data 3.zip,2024-02-27 20:39:39,2024-02-28T01:51:22+00:00,traffic-triggers-output,,,,,0,0,trigger_outputs
0001,Training Data 3.zip,2024-02-27 20:39:39,2024-02-28T01:51:22+00:00,traffic-triggers-output,,,,,0,0,trigger_outputs
0001,Training Data 3.zip,2024-02-27 20:39:39,2024-02-28T01:51:22+00:00,traffic-triggers-output,,,,,0,0,trigger_outputs
0001,Training Data 3.zip,2024-02-27 20:39:39,2024-02-28T01:51:22+00:00,traffic-triggers-output,,,,,0,0,trigger_outputs
0001,Training Data 3.zip,2024-02-27 20:39:39,2024-02-28T01:51:22+00:00,traffic-triggers-output,,,,,0,0,trigger_outputs
0001,Training Data 3.zip,2024-02-27 20:39:39,2024-02-28T01:51:22+00:00,traffic-triggers-output,,,,,0,0,trigger_outputs
0001,Training Data 3.zip,2024-02-27 20:39:39,2024-02-28T01:51:22+00:00,traffic-triggers-output,,,,,0,0,trigger_outputs
0001,Training Data 3.zip,2024-02-27 20:39:39,2024-02-28T01:51:22+00:00,traffic-triggers-output,,,,,0,0,trigger_outputs
0001,Training Data 3.zip,2024-02-27 20:39:39,2024-02-28T01:51:22+00:00,traffic-triggers-output,,,,,0,0,trigger_outputs
0001,Training Data 3.zip,2024-02-27 20:39:39,2024-02-28T01:51:22+00:00,traffic-triggers-output,,,,,0,0,trigger_outputs
0001,Training Data 3.zip,2024-02-27 20:39:39,2024-02-28T01:51:22+00:00,traffic-triggers-output,,,,,0,0,trigger_outputs
0001,Training Data 3.zip,2024-02-27 20:39:40,2024-02-28T01:51:22+00:00,traffic-triggers-output,,,,,0,0,trigger_outputs
0001,Training Data 3.zip,2024-02-27 20:39:40,2024-02-28T01:51:22+00:00,traffic-triggers-output,,,,,0,0,trigger_outputs
0001,Training Data 3.zip,2024-02-27 20:39:40,2024-02-28T01:51:22+00:00,traffic-triggers-output,,,,,0,0,trigger_outputs
0001,Training Data 3.zip,2024-02-27 20:39:40,2024-02-28T01:51:22+00:00,traffic-triggers-output,,,,,0,0,trigger_outputs
0001,Training Data 3.zip,2024-02-27 20:39:40,2024-02-28T01:51:22+00:00,traffic-triggers-output,,,,,0,0,trigger_outputs
0001,Training Data 3.zip,2024-02-27 20:39:40,2024-02-28T01:51:22+00:00,traffic-triggers-output,,,,,0,0,trigger_outputs
0001,Training Data 3.zip,2024-02-27 20:39:40,2024-02-28T01:51:22+00:00,traffic-triggers-output,,,,,0,0,trigger_outputs
0001,Training Data 3.zip,2024-02-27 20:39:40,2024-02-28T01:51:23+00:00,traffic-triggers-output,,,,,0,0,trigger_outputs
0001,Training Data 3.zip,2024-02-27 20:39:40,2024-02-28T01:51:23+00:00,traffic-triggers-output,,,,,0,0,trigger_outputs
0001,Training Data 3.zip,2024-02-27 20:39:40,2024-02-28T01:51:23+00:00,traffic-triggers-output,,,,,0,0,trigger_outputs
0001,Training Data 3.zip,2024-02-27 20:39:40,2024-02-28T01:51:23+00:00,traffic-triggers-output,,,,,0,0,trigger_outputs
0001,Training Data 3.zip,2024-02-27 20:39:40,2024-02-28T01:51:23+00:00,traffic-triggers-output,,,,,0,0,trigger_outputs
0001,Training Data 3.zip,2024-02-27 20:39:40,2024-02-28T01:51:23+00:00,traffic-triggers-output,,,,,0,0,trigger_outputs
0001,Training Data 3.zip,2024-02-27 20:39:40,2024-02-28T01:51:23+00:00,traffic-triggers-output,,,,,0,0,trigger_outputs
0001,Training Data 3.zip,2024-02-27 20:39:40,2024-02-28T01:51:23+00:00,traffic-triggers-output,,,,,0,0,trigger_outputs
0001,Training Data 3.zip,2024-02-27 20:39:40,2024-02-28T01:51:23+00:00,traffic-triggers-output,,,,,0,0,trigger_outputs
0001,Training Data 3.zip,2024-02-27 20:39:40,2024-02-28T01:51:23+00:00,traffic-triggers-output,,,,,0,0,trigger_outputs
0001,Training Data 3.zip,2024-02-27 20:39:40,2024-02-28T01:51:23+00:00,traffic-triggers-output,,,,,0,0,trigger_outputs
0001,Training Data 3.zip,2024-02-27 20:39:40,2024-02-28T01:51:23+00:00,traffic-triggers-output,,,,,0,0,trigger_outputs
0001,Training Data 3.zip,2024-02-27 20:39:40,2024-02-28T01:51:23+00:00,traffic-triggers-output,,,,,0,0,trigger_outputs
0001,Training Data 3.zip,2024-02-27 20:39:40,2024-02-28T01:51:23+00:00,traffic-triggers-output,,,,,0,0,trigger_outputs
0001,Training Data 3.zip,2024-02-27 20:39:40,2024-02-28T01:51:23+00:00,traffic-triggers-output,,,,,0,0,trigger_outputs
0001,Training Data 3.zip,2024-02-27 20:39:40,2024-02-28T01:51:23+00:00,traffic-triggers-output,,,,,0,0,trigger_outputs
0001,Training Data 3.zip,2024-02-27 20:39:40,2024-02-28T01:51:23+00:00,traffic-triggers-output,,,,,0,0,trigger_outputs
0001,Training Data 3.zip,2024-02-27 20:39:40,2024-02-28T01:51:23+00:00,traffic-triggers-output,,,,,0,0,trigger_outputs
0001,Training Data 3.zip,2024-02-27 20:39:40,2024-02-28T01:51:23+00:00,traffic-triggers-output,,,,,0,0,trigger_outputs
0001,Training Data 3.zip,2024-02-27 20:39:40,2024-02-28T01:51:23+00:00,traffic-triggers-output,,,,,0,0,trigger_outputs
0001,Training Data 3.zip,2024-02-27 20:39:40,2024-02-28T01:51:23+00:00,traffic-triggers-output,,,,,0,0,trigger_outputs
0001,Training Data 3.zip,2024-02-27 20:39:40,2024-02-28T01:51:23+00:00,traffic-triggers-output,,,,,0,0,trigger_outputs
0001,Training Data 3.zip,2024-02-27 20:39:40,2024-02-28T01:51:23+00:00,traffic-triggers-output,,,,,0,0,trigger_outputs
0001,Training Data 3.zip,2024-02-27 20:39:40,2024-02-28T01:51:23+00:00,traffic-triggers-output,,,,,0,0,trigger_outputs
0001,Training Data 3.zip,2024-02-27 20:39:40,2024-02-28T01:51:23+00:00,traffic-triggers-output,,,,,0,0,trigger_outputs
0001,Training Data 3.zip,2024-02-27 20:39:40,2024-02-28T01:51:23+00:00,traffic-triggers-output,,,,,0,0,trigger_outputs
0001,Training Data 3.zip,2024-02-27 20:39:40,2024-02-28T01:51:23+00:00,traffic-triggers-output,,,,,0,0,trigger_outputs
0001,Training Data 3.zip,2024-02-27 20:39:40,2024-02-28T01:51:23+00:00,traffic-triggers-output,,,,,0,0,trigger_outputs
0001,Training Data 3.zip,2024-02-27 20:39:40,2024-02-28T01:51:23+00:00,traffic-triggers-output,,,,,0,0,trigger_outputs
0001,Training Data 3.zip,2024-02-27 20:39:40,2024-02-28T01:51:23+00:00,traffic-triggers-output,,,,,0,0,trigger_outputs
0001,Training Data 3.zip,2024-02-27 20:39:40,2024-02-28T01:51:23+00:00,traffic-triggers-output,,,,,0,0,trigger_outputs
0001,Training Data 3.zip,2024-02-27 20:39:40,2024-02-28T01:51:23+00:00,traffic-triggers-output,,,,,0,0,trigger_outputs
0001,Training Data 3.zip,2024-02-27 20:39:40,2024-02-28T01:51:23+00:00,traffic-triggers-output,,,,,0,0,trigger_outputs
0001,Training Data 3.zip,2024-02-27 20:39:41,2024-02-28T01:51:23+00:00,traffic-triggers-output,,,,,0,0,trigger_outputs
0001,Training Data 3.zip,2024-02-27 20:39:41,2024-02-28T01:51:23+00:00,traffic-triggers-output,,,,,0,0,trigger_outputs
0001,Training Data 3.zip,2024-02-27 20:39:41,2024-02-28T01:51:23+00:00,traffic-triggers-output,,,,,0,0,trigger_outputs
0001,Training Data 3.zip,2024-02-27 20:39:41,2024-02-28T01:51:23+00:00,traffic-triggers-output,,,,,0,0,trigger_outputs
0001,Training Data 3.zip,2024-02-27 20:39:41,2024-02-28T01:51:23+00:00,traffic-triggers-output,,,,,0,0,trigger_outputs
0001,Training Data 3.zip,2024-02-27 20:39:41,2024-02-28T01:51:23+00:00,traffic-triggers-output,,,,,0,0,trigger_outputs
0001,Training Data 3.zip,2024-02-27 20:39:41,2024-02-28T01:51:23+00:00,traffic-triggers-output,,,,,0,0,trigger_outputs
0001,Training Data 3.zip,2024-02-27 20:39:41,2024-02-28T01:51:24+00:00,traffic-triggers-output,,,,,0,0,trigger_outputs
0001,Training Data 3.zip,2024-02-27 20:39:41,2024-02-28T01:51:24+00:00,traffic-triggers-output,,,,,0,0,trigger_outputs
0001,Training Data 3.zip,2024-02-27 20:39:41,2024-02-28T01:51:24+00:00,traffic-triggers-output,,,,,0,0,trigger_outputs
0001,Training Data 3.zip,2024-02-27 20:39:41,2024-02-28T01:51:24+00:00,traffic-triggers-output,,,,,0,0,trigger_outputs
0001,Training Data 3.zip,2024-02-27 20:39:41,2024-02-28T01:51:24+00:00,traffic-triggers-output,,,,,0,0,trigger_outputs
0001,Training Data 3.zip,2024-02-27 20:39:41,2024-02-28T01:51:24+00:00,traffic-triggers-output,,,,,0,0,trigger_outputs
0001,Training Data 3.zip,2024-02-27 20:39:41,2024-02-28T01:51:24+00:00,traffic-triggers-output,,,,,0,0,trigger_outputs
0001,Training Data 3.zip,2024-02-27 20:39:41,2024-02-28T01:51:24+00:00,traffic-triggers-output,,,,,0,0,trigger_outputs
0001,Training Data 3.zip,2024-02-27 20:39:41,2024-02-28T01:51:24+00:00,traffic-triggers-output,,,,,0,0,trigger_outputs
0001,Training Data 3.zip,2024-02-27 20:39:41,2024-02-28T01:51:24+00:00,traffic-triggers-output,,,,,0,0,trigger_outputs
0001,Training Data 3.zip,2024-02-27 20:39:41,2024-02-28T01:51:24+00:00,traffic-triggers-output,,,,,0,0,trigger_outputs
0001,Training Data 3.zip,2024-02-27 20:39:41,2024-02-28T01:51:24+00:00,traffic-triggers-output,,,,,0,0,trigger_outputs
0001,Training Data 3.zip,2024-02-27 20:39:41,2024-02-28T01:51:24+00:00,traffic-triggers-output,,,,,0,0,trigger_outputs
0001,Training Data 3.zip,2024-02-27 20:39:41,2024-02-28T01:51:24+00:00,traffic-triggers-output,,,,,0,0,trigger_outputs
0001,Training Data 3.zip,2024-02-27 20:39:41,2024-02-28T01:51:24+00:00,traffic-triggers-output,,,,,0,0,trigger_outputs
0001,Training Data 3.zip,2024-02-27 20:39:41,2024-02-28T01:51:24+00:00,traffic-triggers-output,,,,,0,0,trigger_outputs
0001,Training Data 3.zip,2024-02-27 20:39:41,2024-02-28T01:51:24+00:00,traffic-triggers-output,,,,,0,0,trigger_outputs
0001,Training Data 3.zip,2024-02-27 20:39:41,2024-02-28T01:51:24+00:00,traffic-triggers-output,,,,,0,0,trigger_outputs
0001,Training Data 3.zip,2024-02-27 20:39:41,2024-02-28T01:51:24+00:00,traffic-triggers-output,,,,,0,0,trigger_outputs
0001,Training Data 3.zip,2024-02-27 20:39:41,2024-02-28T01:51:24+00:00,traffic-triggers-output,,,,,0,0,trigger_outputs
0001,Training Data 3.zip,2024-02-27 20:39:41,2024-02-28T01:51:24+00:00,traffic-triggers-output,,,,,0,0,trigger_outputs
0001,Training Data 3.zip,2024-02-27 20:39:41,2024-02-28T01:51:24+00:00,traffic-triggers-output,,,,,0,0,trigger_outputs
0001,Training Data 3.zip,2024-02-27 20:39:41,2024-02-28T01:51:24+00:00,traffic-triggers-output,,,,,0,0,trigger_outputs
0001,Training Data 3.zip,2024-02-27 20:39:41,2024-02-28T01:51:24+00:00,traffic-triggers-output,,,,,0,0,trigger_outputs
0001,Training Data 3.zip,2024-02-27 20:39:41,2024-02-28T01:51:24+00:00,traffic-triggers-output,,,,,0,0,trigger_outputs
0001,Training Data 3.zip,2024-02-27 20:39:41,2024-02-28T01:51:24+00:00,traffic-triggers-output,,,,,0,0,trigger_outputs
0001,Training Data 3.zip,2024-02-27 20:39:41,2024-02-28T01:51:24+00:00,traffic-triggers-output,,,,,0,0,trigger_outputs
0001,Training Data 3.zip,2024-02-27 20:39:41,2024-02-28T01:51:24+00:00,traffic-triggers-output,,,,,0,0,trigger_outputs
0001,Training Data 3.zip,2024-02-27 20:39:41,2024-02-28T01:51:24+00:00,traffic-triggers-output,,,,,0,0,trigger_outputs
0001,Training Data 3.zip,2024-02-27 20:39:41,2024-02-28T01:51:24+00:00,traffic-triggers-output,,,,,0,0,trigger_outputs
0001,Training Data 3.zip,2024-02-27 20:39:41,2024-02-28T01:51:24+00:00,traffic-triggers-output,,,,,0,0,trigger_outputs
0001,Training Data 3.zip,2024-02-27 20:39:41,2024-02-28T01:51:24+00:00,traffic-triggers-output,,,,,0,0,trigger_outputs
0001,Training Data 3.zip,2024-02-27 20:39:41,2024-02-28T01:51:24+00:00,traffic-triggers-output,,,,,0,0,trigger_outputs
0001,Training Data 3.zip,2024-02-27 20:39:42,2024-02-28T01:51:24+00:00,traffic-triggers-output,,,,,0,0,trigger_outputs
0001,Training Data 3.zip,2024-02-27 20:39:42,2024-02-28T01:51:24+00:00,traffic-triggers-output,,,,,0,0,trigger_outputs
0001,Training Data 3.zip,2024-02-27 20:39:42,2024-02-28T01:51:24+00:00,traffic-triggers-output,,,,,0,0,trigger_outputs
0001,Training Data 3.zip,2024-02-27 20:39:42,2024-02-28T01:51:24+00:00,traffic-triggers-output,,,,,0,0,trigger_outputs
0001,Training Data 3.zip,2024-02-27 20:39:42,2024-02-28T01:51:24+00:00,traffic-triggers-output,,,,,0,0,trigger_outputs
0001,Training Data 3.zip,2024-02-27 20:39:42,2024-02-28T01:51:24+00:00,traffic-triggers-output,,,,,0,0,trigger_outputs
0001,Training Data 3.zip,2024-02-27 20:39:42,2024-02-28T01:51:24+00:00,traffic-triggers-output,,,,,0,0,trigger_outputs
0001,Training Data 3.zip,2024-02-27 20:39:42,2024-02-28T01:51:25+00:00,traffic-triggers-output,,,,,0,0,trigger_outputs
0001,Training Data 3.zip,2024-02-27 20:39:42,2024-02-28T01:51:25+00:00,traffic-triggers-output,,,,,0,0,trigger_outputs
0001,Training Data 3.zip,2024-02-27 20:39:42,2024-02-28T01:51:25+00:00,traffic-triggers-output,,,,,0,0,trigger_outputs
0001,Training Data 3.zip,2024-02-27 20:39:42,2024-02-28T01:51:25+00:00,traffic-triggers-output,,,,,0,0,trigger_outputs
0001,Training Data 3.zip,2024-02-27 20:39:42,2024-02-28T01:51:25+00:00,traffic-triggers-output,,,,,0,0,trigger_outputs
0001,Training Data 3.zip,2024-02-27 20:39:42,2024-02-28T01:51:25+00:00,traffic-triggers-output,,,,,0,0,trigger_outputs
0001,Training Data 3.zip,2024-02-27 20:39:42,2024-02-28T01:51:25+00:00,traffic-triggers-output,,,,,0,0,trigger_outputs
0001,Training Data 3.zip,2024-02-27 20:39:42,2024-02-28T01:51:25+00:00,traffic-triggers-output,,,,,0,0,trigger_outputs
0001,Training Data 3.zip,2024-02-27 20:39:42,2024-02-28T01:51:25+00:00,traffic-triggers-output,,,,,0,0,trigger_outputs
0001,Training Data 3.zip,2024-02-27 20:39:42,2024-02-28T01:51:25+00:00,traffic-triggers-output,,,,,0,0,trigger_outputs
0001,Training Data 3.zip,2024-02-27 20:39:42,2024-02-28T01:51:25+00:00,traffic-triggers-output,,,,,0,0,trigger_outputs
0001,Training Data 3.zip,2024-02-27 20:39:42,2024-02-28T01:51:25+00:00,traffic-triggers-output,,,,,0,0,trigger_outputs
0001,Training Data 3.zip,2024-02-27 20:39:42,2024-02-28T01:51:25+00:00,traffic-triggers-output,,,,,0,0,trigger_outputs
0001,Training Data 3.zip,2024-02-27 20:39:42,2024-02-28T01:51:25+00:00,traffic-triggers-output,,,,,0,0,trigger_outputs
0001,Training Data 3.zip,2024-02-27 20:39:42,2024-02-28T01:51:25+00:00,traffic-triggers-output,,,,,0,0,trigger_outputs
0001,Training Data 3.zip,2024-02-27 20:39:42,2024-02-28T01:51:25+00:00,traffic-triggers-output,,,,,0,0,trigger_outputs
0001,Training Data 3.zip,2024-02-27 20:39:42,2024-02-28T01:51:25+00:00,traffic-triggers-output,,,,,0,0,trigger_outputs
0001,Training Data 3.zip,2024-02-27 20:39:42,2024-02-28T01:51:25+00:00,traffic-triggers-output,,,,,0,0,trigger_outputs
0001,Training Data 3.zip,2024-02-27 20:39:42,2024-02-28T01:51:25+00:00,traffic-triggers-output,,,,,0,0,trigger_outputs
0001,Training Data 3.zip,2024-02-27 20:39:42,2024-02-28T01:51:25+00:00,traffic-triggers-output,,,,,0,0,trigger_outputs
0001,Training Data 3.zip,2024-02-27 20:39:42,2024-02-28T01:51:25+00:00,traffic-triggers-output,,,,,0,0,trigger_outputs
0001,Training Data 3.zip,2024-02-27 20:39:42,2024-02-28T01:51:25+00:00,traffic-triggers-output,,,,,0,0,trigger_outputs
0001,Training Data 3.zip,2024-02-27 20:39:42,2024-02-28T01:51:25+00:00,traffic-triggers-output,,,,,0,0,trigger_outputs
0001,Training Data 3.zip,2024-02-27 20:39:42,2024-02-28T01:51:25+00:00,traffic-triggers-output,,,,,0,0,trigger_outputs
0001,Training Data 3.zip,2024-02-27 20:39:42,2024-02-28T01:51:25+00:00,traffic-triggers-output,,,,,0,0,trigger_outputs
0001,Training Data 3.zip,2024-02-27 20:39:42,2024-02-28T01:51:25+00:00,traffic-triggers-output,,,,,0,0,trigger_outputs
0001,Training Data 3.zip,2024-02-27 20:39:42,2024-02-28T01:51:25+00:00,traffic-triggers-output,,,,,0,0,trigger_outputs
0001,Training Data 3.zip,2024-02-27 20:39:42,2024-02-28T01:51:25+00:00,traffic-triggers-output,,,,,0,0,trigger_outputs
0001,Training Data 3.zip,2024-02-27 20:39:42,2024-02-28T01:51:25+00:00,traffic-triggers-output,,,,,0,0,trigger_outputs
0001,Training Data 3.zip,2024-02-27 20:39:42,2024-02-28T01:51:25+00:00,traffic-triggers-output,,,,,0,0,trigger_outputs
0001,Training Data 3.zip,2024-02-27 20:39:42,2024-02-28T01:51:25+00:00,traffic-triggers-output,,,,,0,0,trigger_outputs
0001,Training Data 3.zip,2024-02-27 20:39:42,2024-02-28T01:51:25+00:00,traffic-triggers-output,,,,,0,0,trigger_outputs
0001,Training Data 3.zip,2024-02-27 20:39:42,2024-02-28T01:51:25+00:00,traffic-triggers-output,,,,,0,0,trigger_outputs
0001,Training Data 3.zip,2024-02-27 20:39:43,2024-02-28T01:51:25+00:00,traffic-triggers-output,,,,,0,0,trigger_outputs
0001,Training Data 3.zip,2024-02-27 20:39:43,2024-02-28T01:51:25+00:00,traffic-triggers-output,,,,,0,0,trigger_outputs
0001,Training Data 3.zip,2024-02-27 20:39:43,2024-02-28T01:51:25+00:00,traffic-triggers-output,,,,,0,0,trigger_outputs
0001,Training Data 3.zip,2024-02-27 20:39:43,2024-02-28T01:51:25+00:00,traffic-triggers-output,,,,,0,0,trigger_outputs
0001,Training Data 3.zip,2024-02-27 20:39:43,2024-02-28T01:51:25+00:00,traffic-triggers-output,,,,,0,0,trigger_outputs
0001,Training Data 3.zip,2024-02-27 20:39:43,2024-02-28T01:51:25+00:00,traffic-triggers-output,,,,,0,0,trigger_outputs
0001,Training Data 3.zip,2024-02-27 20:39:43,2024-02-28T01:51:25+00:00,traffic-triggers-output,,,,,0,0,trigger_outputs
0001,Training Data 3.zip,2024-02-27 20:39:43,2024-02-28T01:51:26+00:00,traffic-triggers-output,,,,,0,0,trigger_outputs
0001,Training Data 3.zip,2024-02-27 20:39:43,2024-02-28T01:51:26+00:00,traffic-triggers-output,,,,,0,0,trigger_outputs
0001,Training Data 3.zip,2024-02-27 20:39:43,2024-02-28T01:51:26+00:00,traffic-triggers-output,,,,,0,0,trigger_outputs
0001,Training Data 3.zip,2024-02-27 20:39:43,2024-02-28T01:51:26+00:00,traffic-triggers-output,,,,,0,0,trigger_outputs
0001,Training Data 3.zip,2024-02-27 20:39:43,2024-02-28T01:51:26+00:00,traffic-triggers-output,,,,,0,0,trigger_outputs
0001,Training Data 3.zip,2024-02-27 20:39:43,2024-02-28T01:51:26+00:00,traffic-triggers-output,,,,,0,0,trigger_outputs
0001,Training Data 3.zip,2024-02-27 20:39:43,2024-02-28T01:51:26+00:00,traffic-triggers-output,,,,,0,0,trigger_outputs
0001,Training Data 3.zip,2024-02-27 20:39:43,2024-02-28T01:51:26+00:00,traffic-triggers-output,,,,,0,0,trigger_outputs
0001,Training Data 3.zip,2024-02-27 20:39:43,2024-02-28T01:51:26+00:00,traffic-triggers-output,,,,,0,0,trigger_outputs
0001,Training Data 3.zip,2024-02-27 20:39:43,2024-02-28T01:51:26+00:00,traffic-triggers-output,,,,,0,0,trigger_outputs
0001,Training Data 3.zip,2024-02-27 20:39:43,2024-02-28T01:51:26+00:00,traffic-triggers-output,,,,,0,0,trigger_outputs
0001,Training Data 3.zip,2024-02-27 20:39:43,2024-02-28T01:51:26+00:00,traffic-triggers-output,,,,,0,0,trigger_outputs
0001,Training Data 3.zip,2024-02-27 20:39:43,2024-02-28T01:51:26+00:00,traffic-triggers-output,,,,,0,0,trigger_outputs
0001,Training Data 3.zip,2024-02-27 20:39:44,2024-02-28T01:51:26+00:00,traffic-triggers-output,,,,,0,0,trigger_outputs
0001,Training Data 3.zip,2024-02-27 20:39:44,2024-02-28T01:51:26+00:00,traffic-triggers-output,,,,,0,0,trigger_outputs
0001,Training Data 3.zip,2024-02-27 20:39:44,2024-02-28T01:51:26+00:00,traffic-triggers-output,,,,,0,0,trigger_outputs
0001,Training Data 3.zip,2024-02-27 20:39:44,2024-02-28T01:51:26+00:00,traffic-triggers-output,,,,,0,0,trigger_outputs
0001,Training Data 3.zip,2024-02-27 20:39:44,2024-02-28T01:51:26+00:00,traffic-triggers-output,,,,,0,0,trigger_outputs
0001,Training Data 3.zip,2024-02-27 20:39:44,2024-02-28T01:51:26+00:00,traffic-triggers-output,,,,,0,0,trigger_outputs
0001,Training Data 3.zip,2024-02-27 20:39:44,2024-02-28T01:51:26+00:00,traffic-triggers-output,,,,,0,0,trigger_outputs
0001,Training Data 3.zip,2024-02-27 20:39:44,2024-02-28T01:51:27+00:00,traffic-triggers-output,,,,,0,0,trigger_outputs
0001,Training Data 3.zip,2024-02-27 20:39:44,2024-02-28T01:51:27+00:00,traffic-triggers-output,,,,,0,0,trigger_outputs
0001,Training Data 3.zip,2024-02-27 20:39:44,2024-02-28T01:51:27+00:00,traffic-triggers-output,,,,,0,0,trigger_outputs
0001,Training Data 3.zip,2024-02-27 20:39:44,2024-02-28T01:51:27+00:00,traffic-triggers-output,,,,,0,0,trigger_outputs
0001,Training Data 3.zip,2024-02-27 20:39:44,2024-02-28T01:51:27+00:00,traffic-triggers-output,,,,,0,0,trigger_outputs
0001,Training Data 3.zip,2024-02-27 20:39:44,2024-02-28T01:51:27+00:00,traffic-triggers-output,,,,,0,0,trigger_outputs
0001,Training Data 3.zip,2024-02-27 20:39:44,2024-02-28T01:51:27+00:00,traffic-triggers-output,,,,,0,0,trigger_outputs
0001,Training Data 3.zip,2024-02-27 20:39:44,2024-02-28T01:51:27+00:00,traffic-triggers-output,,,,,0,0,trigger_outputs
0001,Training Data 3.zip,2024-02-27 20:39:44,2024-02-28T01:51:27+00:00,traffic-triggers-output,,,,,0,0,trigger_outputs
0001,Training Data 3.zip,2024-02-27 20:39:44,2024-02-28T01:51:27+00:00,traffic-triggers-output,,,,,0,0,trigger_outputs
0001,Training Data 3.zip,2024-02-27 20:39:44,2024-02-28T01:51:27+00:00,traffic-triggers-output,,,,,0,0,trigger_outputs
0001,Training Data 3.zip,2024-02-27 20:39:44,2024-02-28T01:51:27+00:00,traffic-triggers-output,,,,,0,0,trigger_outputs
0001,Training Data 3.zip,2024-02-27 20:39:44,2024-02-28T01:51:27+00:00,traffic-triggers-output,,,,,0,0,trigger_outputs
0001,Training Data 3.zip,2024-02-27 20:39:44,2024-02-28T01:51:27+00:00,traffic-triggers-output,,,,,0,0,trigger_outputs
0001,Training Data 3.zip,2024-02-27 20:39:44,2024-02-28T01:51:27+00:00,traffic-triggers-output,,,,,0,0,trigger_outputs
0001,Training Data 3.zip,2024-02-27 20:39:44,2024-02-28T01:51:27+00:00,traffic-triggers-output,,,,,0,0,trigger_outputs
0001,Training Data 3.zip,2024-02-27 20:39:44,2024-02-28T01:51:27+00:00,traffic-triggers-output,,,,,0,0,trigger_outputs
0001,Training Data 3.zip,2024-02-27 20:39:44,2024-02-28T01:51:27+00:00,traffic-triggers-output,,,,,0,0,trigger_outputs
0001,Training Data 3.zip,2024-02-27 20:39:44,2024-02-28T01:51:27+00:00,traffic-triggers-output,,,,,0,0,trigger_outputs
0001,Training Data 3.zip,2024-02-27 20:39:44,2024-02-28T01:51:27+00:00,traffic-triggers-output,,,,,0,0,trigger_outputs
0001,Training Data 3.zip,2024-02-27 20:39:44,2024-02-28T01:51:27+00:00,traffic-triggers-output,,,,,0,0,trigger_outputs
0001,Training Data 3.zip,2024-02-27 20:39:44,2024-02-28T01:51:27+00:00,traffic-triggers-output,,,,,0,0,trigger_outputs
0001,Training Data 3.zip,2024-02-27 20:39:44,2024-02-28T01:51:27+00:00,traffic-triggers-output,,,,,0,0,trigger_outputs
0001,Training Data 3.zip,2024-02-27 20:39:44,2024-02-28T01:51:27+00:00,traffic-triggers-output,,,,,0,0,trigger_outputs
0001,Training Data 3.zip,2024-02-27 20:39:44,2024-02-28T01:51:27+00:00,traffic-triggers-output,,,,,0,0,trigger_outputs
0001,Training Data 3.zip,2024-02-27 20:39:44,2024-02-28T01:51:27+00:00,traffic-triggers-output,,,,,0,0,trigger_outputs
0001,Training Data 3.zip,2024-02-27 20:39:44,2024-02-28T01:51:27+00:00,traffic-triggers-output,,,,,0,0,trigger_outputs
0001,Training Data 3.zip,2024-02-27 20:39:44,2024-02-28T01:51:27+00:00,traffic-triggers-output,,,,,0,0,trigger_outputs
0001,Training Data 3.zip,2024-02-27 20:39:45,2024-02-28T01:51:27+00:00,traffic-triggers-output,,,,,0,0,trigger_outputs
0001,Training Data 3.zip,2024-02-27 20:39:45,2024-02-28T01:51:27+00:00,traffic-triggers-output,,,,,0,0,trigger_outputs
0001,Training Data 3.zip,2024-02-27 20:39:45,2024-02-28T01:51:27+00:00,traffic-triggers-output,,,,,0,0,trigger_outputs
0001,Training Data 3.zip,2024-02-27 20:39:45,2024-02-28T01:51:27+00:00,traffic-triggers-output,,,,,0,0,trigger_outputs
0001,Training Data 3.zip,2024-02-27 20:39:45,2024-02-28T01:51:27+00:00,traffic-triggers-output,,,,,0,0,trigger_outputs
0001,Training Data 3.zip,2024-02-27 20:39:45,2024-02-28T01:51:27+00:00,traffic-triggers-output,,,,,0,0,trigger_outputs
0001,Training Data 3.zip,2024-02-27 20:39:45,2024-02-28T01:51:27+00:00,traffic-triggers-output,,,,,0,0,trigger_outputs
0001,Training Data 3.zip,2024-02-27 20:39:45,2024-02-28T01:51:28+00:00,traffic-triggers-output,,,,,0,0,trigger_outputs
0001,Training Data 3.zip,2024-02-27 20:39:45,2024-02-28T01:51:28+00:00,traffic-triggers-output,,,,,0,0,trigger_outputs
0001,Training Data 3.zip,2024-02-27 20:39:45,2024-02-28T01:51:28+00:00,traffic-triggers-output,,,,,0,0,trigger_outputs
0001,Training Data 3.zip,2024-02-27 20:39:45,2024-02-28T01:51:28+00:00,traffic-triggers-output,,,,,0,0,trigger_outputs
0001,Training Data 3.zip,2024-02-27 20:39:45,2024-02-28T01:51:28+00:00,traffic-triggers-output,,,,,0,0,trigger_outputs
0001,Training Data 3.zip,2024-02-27 20:39:45,2024-02-28T01:51:28+00:00,traffic-triggers-output,,,,,0,0,trigger_outputs
0001,Training Data 3.zip,2024-02-27 20:39:45,2024-02-28T01:51:28+00:00,traffic-triggers-output,,,,,0,0,trigger_outputs
0001,Training Data 3.zip,2024-02-27 20:39:45,2024-02-28T01:51:28+00:00,traffic-triggers-output,,,,,0,0,trigger_outputs
0001,Training Data 3.zip,2024-02-27 20:39:45,2024-02-28T01:51:28+00:00,traffic-triggers-output,,,,,0,0,trigger_outputs
0001,Training Data 3.zip,2024-02-27 20:39:45,2024-02-28T01:51:28+00:00,traffic-triggers-output,,,,,0,0,trigger_outputs
0001,Training Data 3.zip,2024-02-27 20:39:45,2024-02-28T01:51:28+00:00,traffic-triggers-output,,,,,0,0,trigger_outputs
0001,Training Data 3.zip,2024-02-27 20:39:45,2024-02-28T01:51:28+00:00,traffic-triggers-output,,,,,0,0,trigger_outputs
0001,Training Data 3.zip,2024-02-27 20:39:45,2024-02-28T01:51:28+00:00,traffic-triggers-output,,,,,0,0,trigger_outputs
0001,Training Data 3.zip,2024-02-27 20:39:45,2024-02-28T01:51:28+00:00,traffic-triggers-output,,,,,0,0,trigger_outputs
0001,Training Data 3.zip,2024-02-27 20:39:45,2024-02-28T01:51:28+00:00,traffic-triggers-output,,,,,0,0,trigger_outputs
0001,Training Data 3.zip,2024-02-27 20:39:45,2024-02-28T01:51:28+00:00,traffic-triggers-output,,,,,0,0,trigger_outputs
0001,Training Data 3.zip,2024-02-27 20:39:45,2024-02-28T01:51:28+00:00,traffic-triggers-output,,,,,0,0,trigger_outputs
0001,Training Data 3.zip,2024-02-27 20:39:45,2024-02-28T01:51:28+00:00,traffic-triggers-output,,,,,0,0,trigger_outputs
0001,Training Data 3.zip,2024-02-27 20:39:45,2024-02-28T01:51:28+00:00,traffic-triggers-output,,,,,0,0,trigger_outputs
0001,Training Data 3.zip,2024-02-27 20:39:45,2024-02-28T01:51:28+00:00,traffic-triggers-output,,,,,0,0,trigger_outputs
0001,Training Data 3.zip,2024-02-27 20:39:45,2024-02-28T01:51:28+00:00,traffic-triggers-output,,,,,0,0,trigger_outputs
0001,Training Data 3.zip,2024-02-27 20:39:45,2024-02-28T01:51:28+00:00,traffic-triggers-output,,,,,0,0,trigger_outputs
0001,Training Data 3.zip,2024-02-27 20:39:45,2024-02-28T01:51:28+00:00,traffic-triggers-output,,,,,0,0,trigger_outputs
0001,Training Data 3.zip,2024-02-27 20:39:45,2024-02-28T01:51:28+00:00,traffic-triggers-output,,,,,0,0,trigger_outputs
0001,Training Data 3.zip,2024-02-27 20:39:45,2024-02-28T01:51:28+00:00,traffic-triggers-output,,,,,0,0,trigger_outputs
0001,Training Data 3.zip,2024-02-27 20:39:45,2024-02-28T01:51:28+00:00,traffic-triggers-output,,,,,0,0,trigger_outputs
0001,Training Data 3.zip,2024-02-27 20:39:45,2024-02-28T01:51:28+00:00,traffic-triggers-output,,,,,0,0,trigger_outputs
0001,Training Data 3.zip,2024-02-27 20:39:45,2024-02-28T01:51:28+00:00,traffic-triggers-output,,,,,0,0,trigger_outputs
0001,Training Data 3.zip,2024-02-27 20:39:45,2024-02-28T01:51:28+00:00,traffic-triggers-output,,,,,0,0,trigger_outputs
0001,Training Data 3.zip,2024-02-27 20:39:45,2024-02-28T01:51:28+00:00,traffic-triggers-output,,,,,0,0,trigger_outputs
0001,Training Data 3.zip,2024-02-27 20:39:46,2024-02-28T01:51:28+00:00,traffic-triggers-output,,,,,0,0,trigger_outputs
0001,Training Data 3.zip,2024-02-27 20:39:46,2024-02-28T01:51:28+00:00,traffic-triggers-output,,,,,0,0,trigger_outputs
0001,Training Data 3.zip,2024-02-27 20:39:46,2024-02-28T01:51:28+00:00,traffic-triggers-output,,,,,0,0,trigger_outputs
0001,Training Data 3.zip,2024-02-27 20:39:46,2024-02-28T01:51:28+00:00,traffic-triggers-output,,,,,0,0,trigger_outputs
0001,Training Data 3.zip,2024-02-27 20:39:46,2024-02-28T01:51:28+00:00,traffic-triggers-output,,,,,0,0,trigger_outputs
0001,Training Data 3.zip,2024-02-27 20:39:46,2024-02-28T01:51:28+00:00,traffic-triggers-output,,,,,0,0,trigger_outputs
0001,Training Data 3.zip,2024-02-27 20:39:46,2024-02-28T01:51:29+00:00,traffic-triggers-output,,,,,0,0,trigger_outputs
0001,Training Data 3.zip,2024-02-27 20:39:46,2024-02-28T01:51:29+00:00,traffic-triggers-output,,,,,0,0,trigger_outputs
0001,Training Data 3.zip,2024-02-27 20:39:46,2024-02-28T01:51:29+00:00,traffic-triggers-output,,,,,0,0,trigger_outputs
0001,Training Data 3.zip,2024-02-27 20:39:46,2024-02-28T01:51:29+00:00,traffic-triggers-output,,,,,0,0,trigger_outputs
0001,Training Data 3.zip,2024-02-27 20:39:46,2024-02-28T01:51:29+00:00,traffic-triggers-output,,,,,0,0,trigger_outputs
0001,Training Data 3.zip,2024-02-27 20:39:46,2024-02-28T01:51:29+00:00,traffic-triggers-output,,,,,0,0,trigger_outputs
0001,Training Data 3.zip,2024-02-27 20:39:46,2024-02-28T01:51:29+00:00,traffic-triggers-output,,,,,0,0,trigger_outputs
0001,Training Data 3.zip,2024-02-27 20:39:46,2024-02-28T01:51:29+00:00,traffic-triggers-output,,,,,0,0,trigger_outputs
0001,Training Data 3.zip,2024-02-27 20:39:46,2024-02-28T01:51:29+00:00,traffic-triggers-output,,,,,0,0,trigger_outputs
0001,Training Data 3.zip,2024-02-27 20:39:46,2024-02-28T01:51:29+00:00,traffic-triggers-output,,,,,0,0,trigger_outputs
0001,Training Data 3.zip,2024-02-27 20:39:46,2024-02-28T01:51:29+00:00,traffic-triggers-output,,,,,0,0,trigger_outputs
0001,Training Data 3.zip,2024-02-27 20:39:46,2024-02-28T01:51:29+00:00,traffic-triggers-output,,,,,0,0,trigger_outputs
0001,Training Data 3.zip,2024-02-27 20:39:46,2024-02-28T01:51:29+00:00,traffic-triggers-output,,,,,0,0,trigger_outputs
0001,Training Data 3.zip,2024-02-27 20:39:46,2024-02-28T01:51:29+00:00,traffic-triggers-output,,,,,0,0,trigger_outputs
0001,Training Data 3.zip,2024-02-27 20:39:46,2024-02-28T01:51:29+00:00,traffic-triggers-output,,,,,0,0,trigger_outputs
0001,Training Data 3.zip,2024-02-27 20:39:46,2024-02-28T01:51:29+00:00,traffic-triggers-output,,,,,0,0,trigger_outputs
0001,Training Data 3.zip,2024-02-27 20:39:46,2024-02-28T01:51:29+00:00,traffic-triggers-output,,,,,0,0,trigger_outputs
0001,Training Data 3.zip,2024-02-27 20:39:46,2024-02-28T01:51:29+00:00,traffic-triggers-output,,,,,0,0,trigger_outputs
0001,Training Data 3.zip,2024-02-27 20:39:46,2024-02-28T01:51:29+00:00,traffic-triggers-output,,,,,0,0,trigger_outputs
0001,Training Data 3.zip,2024-02-27 20:39:46,2024-02-28T01:51:29+00:00,traffic-triggers-output,,,,,0,0,trigger_outputs
0001,Training Data 3.zip,2024-02-27 20:39:46,2024-02-28T01:51:29+00:00,traffic-triggers-output,,,,,0,0,trigger_outputs
0001,Training Data 3.zip,2024-02-27 20:39:46,2024-02-28T01:51:29+00:00,traffic-triggers-output,,,,,0,0,trigger_outputs
0001,Training Data 3.zip,2024-02-27 20:39:46,2024-02-28T01:51:29+00:00,traffic-triggers-output,,,,,0,0,trigger_outputs
0001,Training Data 3.zip,2024-02-27 20:39:46,2024-02-28T01:51:29+00:00,traffic-triggers-output,,,,,0,0,trigger_outputs
0001,Training Data 3.zip,2024-02-27 20:39:46,2024-02-28T01:51:29+00:00,traffic-triggers-output,,,,,0,0,trigger_outputs
0001,Training Data 3.zip,2024-02-27 20:39:46,2024-02-28T01:51:29+00:00,traffic-triggers-output,,,,,0,0,trigger_outputs
0001,Training Data 3.zip,2024-02-27 20:39:46,2024-02-28T01:51:29+00:00,traffic-triggers-output,,,,,0,0,trigger_outputs
0001,Training Data 3.zip,2024-02-27 20:39:46,2024-02-28T01:51:29+00:00,traffic-triggers-output,,,,,0,0,trigger_outputs
0001,Training Data 3.zip,2024-02-27 20:39:46,2024-02-28T01:51:29+00:00,traffic-triggers-output,,,,,0,0,trigger_outputs
0001,Training Data 3.zip,2024-02-27 20:39:46,2024-02-28T01:51:29+00:00,traffic-triggers-output,,,,,0,0,trigger_outputs
0001,Training Data 3.zip,2024-02-27 20:39:46,2024-02-28T01:51:29+00:00,traffic-triggers-output,,,,,0,0,trigger_outputs
0001,Training Data 3.zip,2024-02-27 20:39:46,2024-02-28T01:51:29+00:00,traffic-triggers-output,,,,,0,0,trigger_outputs
0001,Training Data 3.zip,2024-02-27 20:39:46,2024-02-28T01:51:29+00:00,traffic-triggers-output,,,,,0,0,trigger_outputs
0001,Training Data 3.zip,2024-02-27 20:39:47,2024-02-28T01:51:30+00:00,traffic-triggers-output,,,,,0,0,trigger_outputs
0001,Training Data 3.zip,2024-02-27 20:39:47,2024-02-28T01:51:30+00:00,traffic-triggers-output,,,,,0,0,trigger_outputs
0001,Training Data 3.zip,2024-02-27 20:39:47,2024-02-28T01:51:30+00:00,traffic-triggers-output,,,,,0,0,trigger_outputs
0001,Training Data 3.zip,2024-02-27 20:39:47,2024-02-28T01:51:30+00:00,traffic-triggers-output,,,,,0,0,trigger_outputs
0001,Training Data 3.zip,2024-02-27 20:39:47,2024-02-28T01:51:30+00:00,traffic-triggers-output,,,,,0,0,trigger_outputs
0001,Training Data 3.zip,2024-02-27 20:39:47,2024-02-28T01:51:30+00:00,traffic-triggers-output,,,,,0,0,trigger_outputs
0001,Training Data 3.zip,2024-02-27 20:39:47,2024-02-28T01:51:30+00:00,traffic-triggers-output,,,,,0,0,trigger_outputs
0001,Training Data 3.zip,2024-02-27 20:39:47,2024-02-28T01:51:30+00:00,traffic-triggers-output,,,,,0,0,trigger_outputs
0001,Training Data 3.zip,2024-02-27 20:39:47,2024-02-28T01:51:30+00:00,traffic-triggers-output,,,,,0,0,trigger_outputs
0001,Training Data 3.zip,2024-02-27 20:39:47,2024-02-28T01:51:30+00:00,traffic-triggers-output,,,,,0,0,trigger_outputs
0001,Training Data 3.zip,2024-02-27 20:39:47,2024-02-28T01:51:30+00:00,traffic-triggers-output,,,,,0,0,trigger_outputs
0001,Training Data 3.zip,2024-02-27 20:39:47,2024-02-28T01:51:30+00:00,traffic-triggers-output,,,,,0,0,trigger_outputs
0001,Training Data 3.zip,2024-02-27 20:39:47,2024-02-28T01:51:30+00:00,traffic-triggers-output,,,,,0,0,trigger_outputs
0001,Training Data 3.zip,2024-02-27 20:39:47,2024-02-28T01:51:30+00:00,traffic-triggers-output,,,,,0,0,trigger_outputs
0001,Training Data 3.zip,2024-02-27 20:39:47,2024-02-28T01:51:30+00:00,traffic-triggers-output,,,,,0,0,trigger_outputs
0001,Training Data 3.zip,2024-02-27 20:39:47,2024-02-28T01:51:30+00:00,traffic-triggers-output,,,,,0,0,trigger_outputs
0001,Training Data 3.zip,2024-02-27 20:39:47,2024-02-28T01:51:30+00:00,traffic-triggers-output,,,,,0,0,trigger_outputs
0001,Training Data 3.zip,2024-02-27 20:39:47,2024-02-28T01:51:30+00:00,traffic-triggers-output,,,,,0,0,trigger_outputs
0001,Training Data 3.zip,2024-02-27 20:39:47,2024-02-28T01:51:30+00:00,traffic-triggers-output,,,,,0,0,trigger_outputs
0001,Training Data 3.zip,2024-02-27 20:39:47,2024-02-28T01:51:30+00:00,traffic-triggers-output,,,,,0,0,trigger_outputs
0001,Training Data 3.zip,2024-02-27 20:39:47,2024-02-28T01:51:30+00:00,traffic-triggers-output,,,,,0,0,trigger_outputs
0001,Training Data 3.zip,2024-02-27 20:39:47,2024-02-28T01:51:30+00:00,traffic-triggers-output,,,,,0,0,trigger_outputs
0001,Training Data 3.zip,2024-02-27 20:39:47,2024-02-28T01:51:30+00:00,traffic-triggers-output,,,,,0,0,trigger_outputs
0001,Training Data 3.zip,2024-02-27 20:39:47,2024-02-28T01:51:30+00:00,traffic-triggers-output,,,,,0,0,trigger_outputs
0001,Training Data 3.zip,2024-02-27 20:39:47,2024-02-28T01:51:30+00:00,traffic-triggers-output,,,,,0,0,trigger_outputs
0001,Training Data 3.zip,2024-02-27 20:39:47,2024-02-28T01:51:30+00:00,traffic-triggers-output,,,,,0,0,trigger_outputs
0001,Training Data 3.zip,2024-02-27 20:39:47,2024-02-28T01:51:30+00:00,traffic-triggers-output,,,,,0,0,trigger_outputs
0001,Training Data 3.zip,2024-02-27 20:39:47,2024-02-28T01:51:30+00:00,traffic-triggers-output,,,,,0,0,trigger_outputs
0001,Training Data 3.zip,2024-02-27 20:39:47,2024-02-28T01:51:30+00:00,traffic-triggers-output,,,,,0,0,trigger_outputs
0001,Training Data 3.zip,2024-02-27 20:39:48,2024-02-28T01:51:30+00:00,traffic-triggers-output,,,,,0,0,trigger_outputs
0001,Training Data 3.zip,2024-02-27 20:39:48,2024-02-28T01:51:30+00:00,traffic-triggers-output,,,,,0,0,trigger_outputs
0001,Training Data 3.zip,2024-02-27 20:39:48,2024-02-28T01:51:30+00:00,traffic-triggers-output,,,,,0,0,trigger_outputs
0001,Training Data 3.zip,2024-02-27 20:39:48,2024-02-28T01:51:30+00:00,traffic-triggers-output,,,,,0,0,trigger_outputs
0001,Training Data 3.zip,2024-02-27 20:39:48,2024-02-28T01:51:30+00:00,traffic-triggers-output,,,,,0,0,trigger_outputs
0001,Training Data 3.zip,2024-02-27 20:39:48,2024-02-28T01:51:30+00:00,traffic-triggers-output,,,,,0,0,trigger_outputs
0001,Training Data 3.zip,2024-02-27 20:39:48,2024-02-28T01:51:31+00:00,traffic-triggers-output,,,,,0,0,trigger_outputs
0001,Training Data 3.zip,2024-02-27 20:39:48,2024-02-28T01:51:31+00:00,traffic-triggers-output,,,,,0,0,trigger_outputs
0001,Training Data 3.zip,2024-02-27 20:39:48,2024-02-28T01:51:31+00:00,traffic-triggers-output,,,,,0,0,trigger_outputs
0001,Training Data 3.zip,2024-02-27 20:39:48,2024-02-28T01:51:31+00:00,traffic-triggers-output,,,,,0,0,trigger_outputs
0001,Training Data 3.zip,2024-02-27 20:39:48,2024-02-28T01:51:31+00:00,traffic-triggers-output,,,,,0,0,trigger_outputs
0001,Training Data 3.zip,2024-02-27 20:39:48,2024-02-28T01:51:31+00:00,traffic-triggers-output,,,,,0,0,trigger_outputs
0001,Training Data 3.zip,2024-02-27 20:39:48,2024-02-28T01:51:31+00:00,traffic-triggers-output,,,,,0,0,trigger_outputs
0001,Training Data 3.zip,2024-02-27 20:39:48,2024-02-28T01:51:31+00:00,traffic-triggers-output,,,,,0,0,trigger_outputs
0001,Training Data 3.zip,2024-02-27 20:39:48,2024-02-28T01:51:31+00:00,traffic-triggers-output,,,,,0,0,trigger_outputs
0001,Training Data 3.zip,2024-02-27 20:39:48,2024-02-28T01:51:31+00:00,traffic-triggers-output,,,,,0,0,trigger_outputs
0001,Training Data 3.zip,2024-02-27 20:39:48,2024-02-28T01:51:31+00:00,traffic-triggers-output,,,,,0,0,trigger_outputs
0001,Training Data 3.zip,2024-02-27 20:39:48,2024-02-28T01:51:31+00:00,traffic-triggers-output,,,,,0,0,trigger_outputs
0001,Training Data 3.zip,2024-02-27 20:39:48,2024-02-28T01:51:31+00:00,traffic-triggers-output,,,,,0,0,trigger_outputs
0001,Training Data 3.zip,2024-02-27 20:39:48,2024-02-28T01:51:31+00:00,traffic-triggers-output,,,,,0,0,trigger_outputs
0001,Training Data 3.zip,2024-02-27 20:39:48,2024-02-28T01:51:31+00:00,traffic-triggers-output,,,,,0,0,trigger_outputs
0001,Training Data 3.zip,2024-02-27 20:39:48,2024-02-28T01:51:31+00:00,traffic-triggers-output,,,,,0,0,trigger_outputs
0001,Training Data 3.zip,2024-02-27 20:39:48,2024-02-28T01:51:31+00:00,traffic-triggers-output,,,,,0,0,trigger_outputs
0001,Training Data 3.zip,2024-02-27 20:39:48,2024-02-28T01:51:31+00:00,traffic-triggers-output,,,,,0,0,trigger_outputs
0001,Training Data 3.zip,2024-02-27 20:39:48,2024-02-28T01:51:31+00:00,traffic-triggers-output,,,,,0,0,trigger_outputs
0001,Training Data 3.zip,2024-02-27 20:39:48,2024-02-28T01:51:31+00:00,traffic-triggers-output,,,,,0,0,trigger_outputs
0001,Training Data 3.zip,2024-02-27 20:39:48,2024-02-28T01:51:31+00:00,traffic-triggers-output,,,,,0,0,trigger_outputs
0001,Training Data 3.zip,2024-02-27 20:39:48,2024-02-28T01:51:31+00:00,traffic-triggers-output,,,,,0,0,trigger_outputs
0001,Training Data 3.zip,2024-02-27 20:39:48,2024-02-28T01:51:31+00:00,traffic-triggers-output,,,,,0,0,trigger_outputs
0001,Training Data 3.zip,2024-02-27 20:39:48,2024-02-28T01:51:31+00:00,traffic-triggers-output,,,,,0,0,trigger_outputs
0001,Training Data 3.zip,2024-02-27 20:39:48,2024-02-28T01:51:31+00:00,traffic-triggers-output,,,,,0,0,trigger_outputs
0001,Training Data 3.zip,2024-02-27 20:39:48,2024-02-28T01:51:31+00:00,traffic-triggers-output,,,,,0,0,trigger_outputs
0001,Training Data 3.zip,2024-02-27 20:39:48,2024-02-28T01:51:31+00:00,traffic-triggers-output,,,,,0,0,trigger_outputs
0001,Training Data 3.zip,2024-02-27 20:39:48,2024-02-28T01:51:31+00:00,traffic-triggers-output,,,,,0,0,trigger_outputs
0001,Training Data 3.zip,2024-02-27 20:39:48,2024-02-28T01:51:31+00:00,traffic-triggers-output,,,,,0,0,trigger_outputs
0001,Training Data 3.zip,2024-02-27 20:39:48,2024-02-28T01:51:31+00:00,traffic-triggers-output,,,,,0,0,trigger_outputs
0001,Training Data 3.zip,2024-02-27 20:39:48,2024-02-28T01:51:31+00:00,traffic-triggers-output,,,,,0,0,trigger_outputs
0001,Training Data 3.zip,2024-02-27 20:39:48,2024-02-28T01:51:31+00:00,traffic-triggers-output,,,,,0,0,trigger_outputs
0001,Training Data 3.zip,2024-02-27 20:39:48,2024-02-28T01:51:31+00:00,traffic-triggers-output,,,,,0,0,trigger_outputs
0001,Training Data 3.zip,2024-02-27 20:39:48,2024-02-28T01:51:31+00:00,traffic-triggers-output,,,,,0,0,trigger_outputs
0001,Training Data 3.zip,2024-02-27 20:39:49,2024-02-28T01:51:31+00:00,traffic-triggers-output,,,,,0,0,trigger_outputs
0001,Training Data 3.zip,2024-02-27 20:39:49,2024-02-28T01:51:31+00:00,traffic-triggers-output,,,,,0,0,trigger_outputs
0001,Training Data 3.zip,2024-02-27 20:39:49,2024-02-28T01:51:31+00:00,traffic-triggers-output,,,,,0,0,trigger_outputs
0001,Training Data 3.zip,2024-02-27 20:39:49,2024-02-28T01:51:31+00:00,traffic-triggers-output,,,,,0,0,trigger_outputs
0001,Training Data 3.zip,2024-02-27 20:39:49,2024-02-28T01:51:31+00:00,traffic-triggers-output,,,,,0,0,trigger_outputs
0001,Training Data 3.zip,2024-02-27 20:39:49,2024-02-28T01:51:31+00:00,traffic-triggers-output,,,,,0,0,trigger_outputs
0001,Training Data 3.zip,2024-02-27 20:39:49,2024-02-28T01:51:32+00:00,traffic-triggers-output,,,,,0,0,trigger_outputs
0001,Training Data 3.zip,2024-02-27 20:39:49,2024-02-28T01:51:32+00:00,traffic-triggers-output,,,,,0,0,trigger_outputs
0001,Training Data 3.zip,2024-02-27 20:39:49,2024-02-28T01:51:32+00:00,traffic-triggers-output,,,,,0,0,trigger_outputs
0001,Training Data 3.zip,2024-02-27 20:39:49,2024-02-28T01:51:32+00:00,traffic-triggers-output,,,,,0,0,trigger_outputs
0001,Training Data 3.zip,2024-02-27 20:39:49,2024-02-28T01:51:32+00:00,traffic-triggers-output,,,,,0,0,trigger_outputs
0001,Training Data 3.zip,2024-02-27 20:39:49,2024-02-28T01:51:32+00:00,traffic-triggers-output,,,,,0,0,trigger_outputs
0001,Training Data 3.zip,2024-02-27 20:39:49,2024-02-28T01:51:32+00:00,traffic-triggers-output,,,,,0,0,trigger_outputs
0001,Training Data 3.zip,2024-02-27 20:39:49,2024-02-28T01:51:32+00:00,traffic-triggers-output,,,,,0,0,trigger_outputs
0001,Training Data 3.zip,2024-02-27 20:39:49,2024-02-28T01:51:32+00:00,traffic-triggers-output,,,,,0,0,trigger_outputs
0001,Training Data 3.zip,2024-02-27 20:39:49,2024-02-28T01:51:32+00:00,traffic-triggers-output,,,,,0,0,trigger_outputs
0001,Training Data 3.zip,2024-02-27 20:39:49,2024-02-28T01:51:32+00:00,traffic-triggers-output,,,,,0,0,trigger_outputs
0001,Training Data 3.zip,2024-02-27 20:39:49,2024-02-28T01:51:32+00:00,traffic-triggers-output,,,,,0,0,trigger_outputs
0001,Training Data 3.zip,2024-02-27 20:39:49,2024-02-28T01:51:32+00:00,traffic-triggers-output,,,,,0,0,trigger_outputs
0001,Training Data 3.zip,2024-02-27 20:39:49,2024-02-28T01:51:32+00:00,traffic-triggers-output,,,,,0,0,trigger_outputs
0001,Training Data 3.zip,2024-02-27 20:39:49,2024-02-28T01:51:32+00:00,traffic-triggers-output,,,,,0,0,trigger_outputs
0001,Training Data 3.zip,2024-02-27 20:39:49,2024-02-28T01:51:32+00:00,traffic-triggers-output,,,,,0,0,trigger_outputs
0001,Training Data 3.zip,2024-02-27 20:39:49,2024-02-28T01:51:32+00:00,traffic-triggers-output,,,,,0,0,trigger_outputs
0001,Training Data 3.zip,2024-02-27 20:39:49,2024-02-28T01:51:32+00:00,traffic-triggers-output,,,,,0,0,trigger_outputs
0001,Training Data 3.zip,2024-02-27 20:39:49,2024-02-28T01:51:32+00:00,traffic-triggers-output,,,,,0,0,trigger_outputs
0001,Training Data 3.zip,2024-02-27 20:39:49,2024-02-28T01:51:32+00:00,traffic-triggers-output,,,,,0,0,trigger_outputs
0001,Training Data 3.zip,2024-02-27 20:39:49,2024-02-28T01:51:32+00:00,traffic-triggers-output,,,,,0,0,trigger_outputs
0001,Training Data 3.zip,2024-02-27 20:39:49,2024-02-28T01:51:32+00:00,traffic-triggers-output,,,,,0,0,trigger_outputs
0001,Training Data 3.zip,2024-02-27 20:39:49,2024-02-28T01:51:32+00:00,traffic-triggers-output,,,,,0,0,trigger_outputs
0001,Training Data 3.zip,2024-02-27 20:39:49,2024-02-28T01:51:32+00:00,traffic-triggers-output,,,,,0,0,trigger_outputs
0001,Training Data 3.zip,2024-02-27 20:39:49,2024-02-28T01:51:32+00:00,traffic-triggers-output,,,,,0,0,trigger_outputs
0001,Training Data 3.zip,2024-02-27 20:39:49,2024-02-28T01:51:32+00:00,traffic-triggers-output,,,,,0,0,trigger_outputs
0001,Training Data 3.zip,2024-02-27 20:39:49,2024-02-28T01:51:32+00:00,traffic-triggers-output,,,,,0,0,trigger_outputs
0001,Training Data 3.zip,2024-02-27 20:39:49,2024-02-28T01:51:32+00:00,traffic-triggers-output,,,,,0,0,trigger_outputs
0001,Training Data 3.zip,2024-02-27 20:39:49,2024-02-28T01:51:32+00:00,traffic-triggers-output,,,,,0,0,trigger_outputs
0001,Training Data 3.zip,2024-02-27 20:39:49,2024-02-28T01:51:32+00:00,traffic-triggers-output,,,,,0,0,trigger_outputs
0001,Training Data 3.zip,2024-02-27 20:39:49,2024-02-28T01:51:32+00:00,traffic-triggers-output,,,,,0,0,trigger_outputs
0001,Training Data 3.zip,2024-02-27 20:39:49,2024-02-28T01:51:32+00:00,traffic-triggers-output,,,,,0,0,trigger_outputs
0001,Training Data 3.zip,2024-02-27 20:39:49,2024-02-28T01:51:32+00:00,traffic-triggers-output,,,,,0,0,trigger_outputs
0001,Training Data 3.zip,2024-02-27 20:39:49,2024-02-28T01:51:32+00:00,traffic-triggers-output,,,,,0,0,trigger_outputs
0001,Training Data 3.zip,2024-02-27 20:39:50,2024-02-28T01:51:32+00:00,traffic-triggers-output,,,,,0,0,trigger_outputs
0001,Training Data 3.zip,2024-02-27 20:39:50,2024-02-28T01:51:32+00:00,traffic-triggers-output,,,,,0,0,trigger_outputs
0001,Training Data 3.zip,2024-02-27 20:39:50,2024-02-28T01:51:32+00:00,traffic-triggers-output,,,,,0,0,trigger_outputs
0001,Training Data 3.zip,2024-02-27 20:39:50,2024-02-28T01:51:32+00:00,traffic-triggers-output,,,,,0,0,trigger_outputs
0001,Training Data 3.zip,2024-02-27 20:39:50,2024-02-28T01:51:32+00:00,traffic-triggers-output,,,,,0,0,trigger_outputs
0001,Training Data 3.zip,2024-02-27 20:39:50,2024-02-28T01:51:32+00:00,traffic-triggers-output,,,,,0,0,trigger_outputs
0001,Training Data 3.zip,2024-02-27 20:39:50,2024-02-28T01:51:33+00:00,traffic-triggers-output,,,,,0,0,trigger_outputs
0001,Training Data 3.zip,2024-02-27 20:39:50,2024-02-28T01:51:33+00:00,traffic-triggers-output,,,,,0,0,trigger_outputs
0001,Training Data 3.zip,2024-02-27 20:39:50,2024-02-28T01:51:33+00:00,traffic-triggers-output,,,,,0,0,trigger_outputs
0001,Training Data 3.zip,2024-02-27 20:39:50,2024-02-28T01:51:33+00:00,traffic-triggers-output,,,,,0,0,trigger_outputs
0001,Training Data 3.zip,2024-02-27 20:39:50,2024-02-28T01:51:33+00:00,traffic-triggers-output,,,,,0,0,trigger_outputs
0001,Training Data 3.zip,2024-02-27 20:39:50,2024-02-28T01:51:33+00:00,traffic-triggers-output,,,,,0,0,trigger_outputs
0001,Training Data 3.zip,2024-02-27 20:39:50,2024-02-28T01:51:33+00:00,traffic-triggers-output,,,,,0,0,trigger_outputs
0001,Training Data 3.zip,2024-02-27 20:39:50,2024-02-28T01:51:33+00:00,traffic-triggers-output,,,,,0,0,trigger_outputs
0001,Training Data 3.zip,2024-02-27 20:39:50,2024-02-28T01:51:33+00:00,traffic-triggers-output,,,,,0,0,trigger_outputs
0001,Training Data 3.zip,2024-02-27 20:39:50,2024-02-28T01:51:33+00:00,traffic-triggers-output,,,,,0,0,trigger_outputs
0001,Training Data 3.zip,2024-02-27 20:39:50,2024-02-28T01:51:33+00:00,traffic-triggers-output,,,,,0,0,trigger_outputs
0001,Training Data 3.zip,2024-02-27 20:39:50,2024-02-28T01:51:33+00:00,traffic-triggers-output,,,,,0,0,trigger_outputs
0001,Training Data 3.zip,2024-02-27 20:39:50,2024-02-28T01:51:33+00:00,traffic-triggers-output,,,,,0,0,trigger_outputs
0001,Training Data 3.zip,2024-02-27 20:39:50,2024-02-28T01:51:33+00:00,traffic-triggers-output,,,,,0,0,trigger_outputs
0001,Training Data 3.zip,2024-02-27 20:39:50,2024-02-28T01:51:33+00:00,traffic-triggers-output,,,,,0,0,trigger_outputs
0001,Training Data 3.zip,2024-02-27 20:39:50,2024-02-28T01:51:33+00:00,traffic-triggers-output,,,,,0,0,trigger_outputs
0001,Training Data 3.zip,2024-02-27 20:39:50,2024-02-28T01:51:33+00:00,traffic-triggers-output,,,,,0,0,trigger_outputs
0001,Training Data 3.zip,2024-02-27 20:39:50,2024-02-28T01:51:33+00:00,traffic-triggers-output,,,,,0,0,trigger_outputs
0001,Training Data 3.zip,2024-02-27 20:39:50,2024-02-28T01:51:33+00:00,traffic-triggers-output,,,,,0,0,trigger_outputs
0001,Training Data 3.zip,2024-02-27 20:39:50,2024-02-28T01:51:33+00:00,traffic-triggers-output,,,,,0,0,trigger_outputs
0001,Training Data 3.zip,2024-02-27 20:39:50,2024-02-28T01:51:33+00:00,traffic-triggers-output,,,,,0,0,trigger_outputs
0001,Training Data 3.zip,2024-02-27 20:39:50,2024-02-28T01:51:33+00:00,traffic-triggers-output,,,,,0,0,trigger_outputs
0001,Training Data 3.zip,2024-02-27 20:39:50,2024-02-28T01:51:33+00:00,traffic-triggers-output,,,,,0,0,trigger_outputs
0001,Training Data 3.zip,2024-02-27 20:39:50,2024-02-28T01:51:33+00:00,traffic-triggers-output,,,,,0,0,trigger_outputs
0001,Training Data 3.zip,2024-02-27 20:39:50,2024-02-28T01:51:33+00:00,traffic-triggers-output,,,,,0,0,trigger_outputs
0001,Training Data 3.zip,2024-02-27 20:39:51,2024-02-28T01:51:33+00:00,traffic-triggers-output,,,,,0,0,trigger_outputs
0001,Training Data 3.zip,2024-02-27 20:39:51,2024-02-28T01:51:33+00:00,traffic-triggers-output,,,,,0,0,trigger_outputs
0001,Training Data 3.zip,2024-02-27 20:39:51,2024-02-28T01:51:33+00:00,traffic-triggers-output,,,,,0,0,trigger_outputs
0001,Training Data 3.zip,2024-02-27 20:39:51,2024-02-28T01:51:34+00:00,traffic-triggers-output,,,,,0,0,trigger_outputs
0001,Training Data 3.zip,2024-02-27 20:39:51,2024-02-28T01:51:34+00:00,traffic-triggers-output,,,,,0,0,trigger_outputs
0001,Training Data 3.zip,2024-02-27 20:39:51,2024-02-28T01:51:34+00:00,traffic-triggers-output,,,,,0,0,trigger_outputs
0001,Training Data 3.zip,2024-02-27 20:39:51,2024-02-28T01:51:34+00:00,traffic-triggers-output,,,,,0,0,trigger_outputs
0001,Training Data 3.zip,2024-02-27 20:39:51,2024-02-28T01:51:34+00:00,traffic-triggers-output,,,,,0,0,trigger_outputs
0001,Training Data 3.zip,2024-02-27 20:39:51,2024-02-28T01:51:34+00:00,traffic-triggers-output,,,,,0,0,trigger_outputs
0001,Training Data 3.zip,2024-02-27 20:39:51,2024-02-28T01:51:34+00:00,traffic-triggers-output,,,,,0,0,trigger_outputs
0001,Training Data 3.zip,2024-02-27 20:39:51,2024-02-28T01:51:34+00:00,traffic-triggers-output,,,,,0,0,trigger_outputs
0001,Training Data 3.zip,2024-02-27 20:39:51,2024-02-28T01:51:34+00:00,traffic-triggers-output,,,,,0,0,trigger_outputs
0001,Training Data 3.zip,2024-02-27 20:39:51,2024-02-28T01:51:34+00:00,traffic-triggers-output,,,,,0,0,trigger_outputs
0001,Training Data 3.zip,2024-02-27 20:39:51,2024-02-28T01:51:34+00:00,traffic-triggers-output,,,,,0,0,trigger_outputs
0001,Training Data 3.zip,2024-02-27 20:39:51,2024-02-28T01:51:34+00:00,traffic-triggers-output,,,,,0,0,trigger_outputs
0001,Training Data 3.zip,2024-02-27 20:39:51,2024-02-28T01:51:34+00:00,traffic-triggers-output,,,,,0,0,trigger_outputs
0001,Training Data 3.zip,2024-02-27 20:39:51,2024-02-28T01:51:34+00:00,traffic-triggers-output,,,,,0,0,trigger_outputs
0001,Training Data 3.zip,2024-02-27 20:39:51,2024-02-28T01:51:34+00:00,traffic-triggers-output,,,,,0,0,trigger_outputs
0001,Training Data 3.zip,2024-02-27 20:39:51,2024-02-28T01:51:34+00:00,traffic-triggers-output,,,,,0,0,trigger_outputs
0001,Training Data 3.zip,2024-02-27 20:39:51,2024-02-28T01:51:34+00:00,traffic-triggers-output,,,,,0,0,trigger_outputs
0001,Training Data 3.zip,2024-02-27 20:39:51,2024-02-28T01:51:34+00:00,traffic-triggers-output,,,,,0,0,trigger_outputs
0001,Training Data 3.zip,2024-02-27 20:39:51,2024-02-28T01:51:34+00:00,traffic-triggers-output,,,,,0,0,trigger_outputs
0001,Training Data 3.zip,2024-02-27 20:39:51,2024-02-28T01:51:34+00:00,traffic-triggers-output,,,,,0,0,trigger_outputs
0001,Training Data 3.zip,2024-02-27 20:39:51,2024-02-28T01:51:34+00:00,traffic-triggers-output,,,,,0,0,trigger_outputs
0001,Training Data 3.zip,2024-02-27 20:39:51,2024-02-28T01:51:34+00:00,traffic-triggers-output,,,,,0,0,trigger_outputs
0001,Training Data 3.zip,2024-02-27 20:39:51,2024-02-28T01:51:34+00:00,traffic-triggers-output,,,,,0,0,trigger_outputs
0001,Training Data 3.zip,2024-02-27 20:39:51,2024-02-28T01:51:34+00:00,traffic-triggers-output,,,,,0,0,trigger_outputs
0001,Training Data 3.zip,2024-02-27 20:39:51,2024-02-28T01:51:34+00:00,traffic-triggers-output,,,,,0,0,trigger_outputs
0001,Training Data 3.zip,2024-02-27 20:39:51,2024-02-28T01:51:34+00:00,traffic-triggers-output,,,,,0,0,trigger_outputs
0001,Training Data 3.zip,2024-02-27 20:39:51,2024-02-28T01:51:34+00:00,traffic-triggers-output,,,,,0,0,trigger_outputs
0001,Training Data 3.zip,2024-02-27 20:39:51,2024-02-28T01:51:34+00:00,traffic-triggers-output,,,,,0,0,trigger_outputs
0001,Training Data 3.zip,2024-02-27 20:39:51,2024-02-28T01:51:34+00:00,traffic-triggers-output,,,,,0,0,trigger_outputs
0001,Training Data 3.zip,2024-02-27 20:39:53,2024-02-28T01:51:36+00:00,traffic-triggers-output,,,,,0,0,trigger_outputs
0001,Training Data 3.zip,2024-02-27 20:39:53,2024-02-28T01:51:36+00:00,traffic-triggers-output,,,,,0,0,trigger_outputs
0001,Training Data 3.zip,2024-02-27 20:39:53,2024-02-28T01:51:36+00:00,traffic-triggers-output,,,,,0,0,trigger_outputs
0001,Training Data 3.zip,2024-02-27 20:39:53,2024-02-28T01:51:36+00:00,traffic-triggers-output,,,,,0,0,trigger_outputs
0001,Training Data 3.zip,2024-02-27 20:39:53,2024-02-28T01:51:36+00:00,traffic-triggers-output,,,,,0,0,trigger_outputs
0001,Training Data 3.zip,2024-02-27 20:39:53,2024-02-28T01:51:36+00:00,traffic-triggers-output,,,,,0,0,trigger_outputs
0001,Training Data 3.zip,2024-02-27 20:39:53,2024-02-28T01:51:36+00:00,traffic-triggers-output,,,,,0,0,trigger_outputs
0001,Training Data 3.zip,2024-02-27 20:39:53,2024-02-28T01:51:36+00:00,traffic-triggers-output,,,,,0,0,trigger_outputs
0001,Training Data 3.zip,2024-02-27 20:39:53,2024-02-28T01:51:36+00:00,traffic-triggers-output,,,,,0,0,trigger_outputs
0001,Training Data 3.zip,2024-02-27 20:39:53,2024-02-28T01:51:36+00:00,traffic-triggers-output,,,,,0,0,trigger_outputs
0001,Training Data 3.zip,2024-02-27 20:39:53,2024-02-28T01:51:36+00:00,traffic-triggers-output,,,,,0,0,trigger_outputs
0001,Training Data 3.zip,2024-02-27 20:39:53,2024-02-28T01:51:36+00:00,traffic-triggers-output,,,,,0,0,trigger_outputs
